minusLOG10p-value(G270E vs triple),Difference(G270E vs triple),Gene names

1.772799677,-0.358544668,ESYT2
1.720902462,-0.321264267,ILVBL
4.644822521,-0.405849457,ACO2
0.448031562,-0.280432383,ADD1
2.768489484,1.0062205,HLA-C
0.23002172,-0.231068293,NBAS
1.220885669,-0.508665721,VWA8
0.037825268,0.015602112,GTPBP10
2.225608885,2.975213369,SUN1
0.216721714,-0.156873067,MRPL42
1.205244961,0.357336044,RPSA
0.5623087,-0.215004603,PIGK
0.53574519,-0.378527323,ABI1
0.005771901,-0.00233078,ATP1B1
0.982920334,0.527673721,HN1L
0.526339462,0.117028554,YIF1A
0.172137438,0.146989187,PTGES2
0.684046854,-0.292256037,FBLL1
0.650289791,0.318684896,METTL15
0.161215417,0.144232432,MRPL23
0.33067688,0.317460378,NOC3L
0.156183932,-0.058188121,CNIH4
0.413663911,0.49196434,CD81
1.317223007,-0.19507726,PIP5K1A
0.972318972,-0.59856542,SELK
0.878254145,-0.415885925,MLLT4
0.421084958,-0.237815857,CDH2
1.767010532,0.425718307,MATR3
0.063120915,0.096100489,NUDT19
0.558104717,0.263173421,BCKDK
0.566908116,0.1786321,RAB34
1.058791725,0.154222488,SRRM1
0.024799535,-0.036497116,EIF3L
0.651586308,-0.30418841,EWSR1
0.767114442,-0.982297262,APOC3
0.410510285,-0.251607895,HMGCL
0.280682597,-0.256252925,OSBPL9
0.966829168,0.383633931,TMEM9
1.555766432,-0.325391134,LPHN2
1.719404755,1.051031113,SOAT1
0.416034241,0.072728475,EIF3H
0.047521632,-0.026021957,SNRPB
0.092913041,-0.042853673,PES1
0.84717203,0.605259577,AP1G1
1.957271417,-0.640799205,CLN6
1.858037511,0.371388117,LARS
0.226851678,-0.103621801,PUM1
0.834538757,-0.111291885,CANX
0.96372475,-0.832378387,CTNNB1
0.860924559,0.493005117,TAMM41
0.627109151,0.412549337,EXOC7
0.120128228,-0.040294011,RAB5A
2.470346935,-0.840758642,FDFT1
2.018199939,-0.87843132,ISCA1
0.012893228,0.017189026,SNRPD3
1.14457591,-0.509300868,CS
0.004800199,0.003829956,GCDH
0.604053778,0.168151855,LSR
0.199295486,-0.087377548,SLC25A10
0.131195869,-0.17276446,PGS1
1.039589608,0.344486237,DDX5
0.10958494,-0.128113429,KDSR
0.748972411,0.183903376,MRPL48
1.192873177,-0.271552404,STRAP
0.558309086,0.177073797,CNBP
1.986679121,-0.64536349,BCKDHA
0.373948553,-0.065596263,SEC61A1
2.28974171,-0.549584071,ALG5
0.264861591,-0.163106918,PLOD1
0.413119246,0.158852895,MRPS27
1.522746745,-0.468931198,EIF4B
0.013574678,-0.010296504,SRPK1
1.587809187,0.810365041,MPDU1
2.555401811,-0.639544169,LSM14A
1.743884712,-0.865982691,HACL1
1.412993956,0.887777964,QARS
1.442097404,-0.513601939,ARL1
1.828853322,0.413372676,SEC13
2.36300002,0.599548976,FOXRED1
0.730781184,-0.266108195,PCBP2
1.92687746,0.415312449,HNRNPC
1.88175255,0.642623266,NUP35
1.64613482,0.712002436,COPB2
1.342718619,-0.361005147,STAM
0.110649923,0.122896194,RALB
0.850944437,-0.336866379,TRAM1
0.01690378,0.031654358,RAF1
2.46329206,-0.755369186,MST4
0.928189567,-0.160832087,SRSF3
0.309976574,-0.211227417,SSR3
1.242085278,-0.317705154,STOM
0.283000104,0.12454923,PDIA6
1.561632659,-0.698848089,02-Sep
0.346795742,0.145959854,RFT1
2.28010429,-0.272452037,RAN
0.293155692,-0.234688441,EIF3C
0.330616239,0.101937612,ATP6AP2
1.082460779,0.410055161,ATP6V1A
0.452864622,-0.401343028,WRB
0.409108138,-0.182691574,MFSD8
0.464743524,0.316020966,HNRNPUL1
2.378580663,0.852608363,INPP5K
0.06220029,-0.021795273,RRAS2
1.109412385,-0.277819316,ATL2
2.669661248,-1.10742569,DHCR24
0.222977023,-0.254515966,DYNC1I2
0.4363324,-0.335427602,SEC24B
0.738916817,-0.473412832,SUMO1
0.690055942,-0.256774902,PTMA
1.259031958,-0.429691315,AGFG1
1.45600247,-0.27377065,ORMDL1
0.106557484,0.054558436,DIAPH1
0.624374237,0.902548472,SSR1
0.987996216,0.271546046,EEF1E1
0.136110746,0.036225637,ARF5
1.622671226,0.93524615,APOO
1.362367428,0.30882899,ALDH5A1
0.813226093,-0.27484258,COX17
0.648285999,-0.617506027,SRSF7
0.344502775,0.097227732,TMUB1
1.62328749,-0.766812642,ACAA1
0.253710153,-0.164170583,CYCS
0.037253464,-0.01627032,MRPS34
1.823039955,0.473777135,FARP1
0.821161556,-0.53420194,CRTAP
0.310400532,-0.093458811,STK11IP
1.402270656,-0.385477066,CHCHD3
0.457886745,-0.37624232,L2HGDH
1.415601874,0.879073461,TMEM106B
2.115604422,-0.422604879,CTNND1
1.742279009,-0.568433762,TXNRD2
0.635654753,0.236534754,COX7C
1.088199823,-0.357915243,TMEM33
0.888667405,-0.340408325,MRPL27
1.252070965,-0.959060669,11-Sep
0.077253445,0.043019613,STX18
0.861644217,-0.333332062,COX7A2
1.752306949,-0.684138616,ELOVL5
2.527022462,-0.468974431,PPA2
0.018721015,-0.029300054,TACC1
0.08263044,0.067270915,TCEB1
0.563722146,-0.277678808,AP3B1
0.840153732,-0.783671697,ARMC1
0.07807849,-0.1862456,MRPL13
0.101969362,-0.205243429,SKP1
1.372497546,0.258756002,RNF5
0.871443502,0.455682119,SQSTM1
1.2405051,0.912989299,AP3D1
1.371188436,0.657210032,RAI14
0.632435353,0.235761642,KIAA0319L
0.663756044,-0.410626729,HK1
0.36452753,-0.199422836,SEC24C
0.751525313,0.524801254,CD44
0.433031637,0.565622965,PRRC2C
0.385512008,-0.308408737,NDUFV2
1.318125684,-0.956953684,IDH3G
3.215324835,-1.090859731,FAM136A
1.960867635,0.350652059,ATP2C1
0.441582721,-0.10956955,PSEN1
2.051402756,-0.546417236,MRPL22
3.32850606,-0.462755203,NDUFA10
1.642253705,0.224620183,RPS24
1.073701543,-0.707187017,PCCB
1.137235365,-0.338497162,MRPL3
1.115188042,0.680109024,MARK2
0.180267446,0.084293365,GPX8
2.046609591,-0.489267349,ABCD3
0.535641514,0.323053996,EIF4G1
0.093778218,0.090920766,MPP2
0.596870225,-0.39700826,MAP4
0.658358561,0.228323619,PSMD2
0.355596164,-0.194299698,EXOC6
0.188216063,-0.208224614,CALD1
1.217460738,-0.569354375,DCTN1
3.139577503,-0.79916954,NT5DC2
1.643504225,1.043765386,RAVER1
0.181918662,-0.303981781,NACA
1.347132255,-0.450188319,PDHX
2.625280799,0.419799805,SDHA
1.023863904,-0.711625417,PAICS
0.097688328,0.099321365,GALNT7
0.06086979,0.031370163,AGK
0.73890976,0.918823242,CCNB1
1.080660822,-0.52468427,OGDH
1.280663792,-0.65712293,SMC4
1.137911852,-0.709090551,CCDC18
2.438432313,1.182696025,MYO1B
2.411574422,-0.553782781,DMD
0.179103853,0.138842265,WDR6
0.770133215,0.327673594,NUP155
0.105100099,0.120652517,HADH
1.021922514,0.323608398,TBL2
0.152651145,-0.056207657,ERGIC3
3.504493706,-1.904060364,PRDX3
1.525780626,0.274604162,TCOF1
0.815408735,0.388154348,LANCL1
0.404273674,0.303450267,EPB41L2
0.93587471,-1.087554296,MTG1
0.20345148,0.10955747,SPCS2
0.639481618,0.222622554,TMEM126B
1.19285764,0.223029455,EEF1D
0.276930829,0.200421651,BCLAF1
0.1421826,0.063158671,HYOU1
1.082823994,0.347810109,MTFR1L
3.167598903,-1.00961113,C11orf48
0.143682753,0.381766637,NPEPPS
0.443038159,0.303868612,LAMTOR5
0.685268417,0.323445638,CD151
0.460836362,-0.125068665,RHOC
0.38367881,-0.18564415,NDUFS8
1.059144449,-0.396097819,FAU
2.833242466,0.907608668,NME4
1.639909588,0.459348043,TMEM258
0.262139033,0.118198395,RHBDF1
0.127983343,-0.040782293,JUP
0.765213947,0.860237122,CHD4
0.150436011,0.048236847,PODXL
0.487882101,0.226774851,TMED2
2.671019704,-0.777049383,SUCLA2
0.01330679,0.006425222,DAD1
1.202794053,0.856161753,ATP6V0D1
1.935792644,-0.320170085,LONP1
1.5018013,0.926064173,NPTN
1.035210113,-0.492338816,PARD3
1.625472305,-0.876373927,DHX36
3.344937079,0.77182134,SLC3A2
0.642117786,-0.290088018,PUS1
0.480786058,0.263182322,GBA
0.09750027,0.058689117,ANKLE2
0.157154271,-0.05505689,VMP1
0.684694583,-0.502097448,DCTN2
0.291017506,0.459501266,EIF3A
0.294367454,-0.30297788,SEC23A
1.084122496,-0.706131617,TSG101
2.039578939,0.717944463,ATP6V0A1
0.788130056,0.320627213,NUP133
1.899420286,-0.417793274,GRSF1
1.675557444,0.804623286,TAP1
0.496650277,0.395608902,MYO1C
0.1400472,-0.044947306,MAGOH
0.652697337,-0.517405192,CDK17
2.153911356,-0.75831604,RPTOR
1.45970745,0.319486618,TRAP1
0.726566191,-0.219727834,IARS2
2.126529441,-0.662739436,PDE12
2.709258759,0.435094198,CAD
0.565889072,-0.19132932,DDX39B
2.850136875,-1.70310084,RITA
0.184097511,-0.090349197,PLXNA1
0.080255145,0.070463816,DENR
1.198831819,0.420775096,CSRP2
1.327436702,-0.325778325,SLC38A1
0.634791128,1.618822734,SMARCC2
0.020362352,0.008316676,PPP1CC
0.024506774,0.012244542,PRKAG1
0.204449282,-0.095649719,AK2
1.290996929,0.318884532,MYL6
0.006372695,-0.001536051,HNRNPA1
0.284114182,-0.096758525,UBAP2L
2.402071339,-0.808249156,RPL32
0.889983101,0.581483205,FAM162A
0.894420535,-0.601069768,YTHDF1
1.787390573,-0.532251994,MACF1
2.689390547,-1.261796951,TOMM5
0.063903242,-0.05561765,IGF2BP2
0.373760564,0.389472961,STX3
2.416591244,0.945016861,RCN2
0.351104599,0.155581792,DTNA
0.705125471,-0.703739166,ALG3
1.387289372,-0.346967061,NDUFV1
0.195638319,-0.046346664,PON2
1.137094607,-0.348967234,RPL18
0.857388731,-0.442611059,ATP5J2-PTCD1
2.445788214,-0.663679759,CTAGE5
0.859127528,-0.203191121,NDC1
0.138915839,-0.042600632,MAP4K4
0.005794872,-0.006954193,RBM39
1.032180932,-2.268827438,LAMB1
0.395842735,0.14979744,RFTN1
0.546752471,-0.273530324,GPR107
1.560249189,2.01677831,ITPR1
0.226628911,-0.07510376,MRPS22
0.14098897,-0.05649058,PDIA3
0.996385846,0.323483149,HNRNPH1
2.270344749,0.838225683,SMPD4
1.437973837,-0.855121613,MTHFD1L
0.553417287,-0.334217072,SLC30A7
0.678356264,-0.358009974,ABCA3
1.483836789,-0.708051046,MTX1
1.463669701,-0.212437312,CALM1
1.598770878,0.670094808,PISD
0.786988237,0.994056702,EMC4
0.434238306,-0.204985301,CERS2
2.450437645,-0.828168869,IDH3A
0.862140186,0.331382116,SRP14
0.461227065,-0.24816831,ALDH1A2
0.820172392,-0.34475708,RPS27L
0.490260195,0.123800913,DDX17
0.576348786,1.248544693,SPNS1
1.191640183,0.509496689,RNPS1
1.808014715,0.426685969,RSL24D1
2.770668842,3.639240265,IST1
2.025387844,0.908781687,FUS
0.773607667,0.186362584,NDUFB10
2.589203621,0.76409022,HAGH
0.314874959,0.358447393,APRT
0.835963641,0.138300578,EARS2
0.085993677,-0.05581665,C16orf58
0.571946477,-0.249872208,LRRC57
0.002693742,0.001576742,
0.585379016,-0.30009524,ATXN2L
1.267613783,0.891693115,NOB1
3.439588086,0.191771189,TMEM209
0.609853645,-0.419554392,PCMT1
2.030506249,0.988241831,NUPL1
0.347586962,0.115545909,PDIA3
0.000136508,0.000125885,SUMO2
0.134472528,-0.050401688,YIPF4
0.990647615,-0.605698268,SLC35E1
0.474624125,-0.357457479,BET1
0.604490652,-0.226292292,ART4
0.818580016,0.648593267,NIPSNAP1
1.429018632,0.533267339,DDX19A
2.301439216,-0.270856222,NSF
1.293382237,0.664920807,PAM16
2.794666057,1.3010451,NEURL4
1.895308243,0.506214778,MYBBP1A
0.491031638,-0.245932261,RPS15A
2.064721024,-1.372437795,ATPAF1
0.177586908,0.05977567,NUP88
2.365512677,-0.711222967,NDUFA13
0.331329472,0.26656723,PI4KA
1.972095887,0.710688909,OXA1L
0.893896289,0.457608541,CYB5B
0.084576656,-0.1350015,CHID1
0.037985841,-0.036113103,ALDH6A1
3.747259255,-2.555356979,TRABD
0.088320144,0.065689723,PTRH2
2.825105968,-0.67449824,FKBP8
1.98682608,0.54720815,C6orf120
0.603583036,0.475816727,APOL2
3.281056223,-1.616147359,RPL36A
1.705117103,0.319912593,IARS
1.859282381,-0.330699285,IVD
2.638490947,0.784139633,SLC39A11
2.640803972,-1.375558217,RPL17
0.023405278,-0.009565989,ICT1
0.197190345,0.251466115,DCXR
1.26846966,0.235458374,FBXL20
1.398635644,-0.532681147,RPL19
0.882051761,0.306371689,SRSF1
1.233009174,0.305031459,SCO1
0.713114389,-0.164626439,MRPS23
0.06850541,0.022452037,MRPS7
3.080419991,2.407241821,LIMD2
2.095164414,0.527507146,FDXR
0.607605005,0.174168269,ALDH3A2
1.285720633,0.718610764,MYL12B
0.106058072,0.189985275,YES1
0.857959598,0.247657776,CHCHD6
0.632909069,0.192686717,TMCO1
1.84387228,-0.793863297,RPS15
0.762924745,-0.527857463,EFTUD2
0.223362817,-0.581347148,H3F3A
0.13480629,-0.068713506,PRKCSH
0.453841555,0.200442632,TMEM205
0.087579682,0.079361598,PIN1
0.012061798,0.007251104,SNRPD2
1.040198413,-0.173804601,MRPL4
1.168819776,0.51790301,DCAKD
1.92422569,-0.332722346,SARS2
1.180636887,-0.2905159,C19orf10
0.115527989,-0.038584391,FBL
0.081481903,0.053415934,NUP62
0.420787204,0.827205022,AP2S1
0.050482195,-0.046145121,HNRNPM
0.148624137,-0.03081576,RPS5
2.082721634,-0.576920827,RPL18A
1.009734516,1.062842051,EMC10
1.27735119,-0.317643483,AGPS
0.397819621,0.204483668,KIF2A
1.568627656,-1.152517319,PDLIM1
0.497075323,-0.274971644,SNAP23
0.039560809,-0.023063024,HAX1
2.447215151,0.65994517,STXBP3
0.465206838,-0.093594233,PGRMC1
0.485848935,0.149286906,WWP2
0.355884396,-0.273900986,IPO5
1.179845391,-0.212497075,POLRMT
0.506472753,0.092606862,SAP18
0.679455558,0.211915334,IGF2BP3
0.452576296,-0.970696767,PIK3R2
2.829380397,0.376548767,GOLIM4
2.444468856,2.111094157,AGRN
1.955454705,0.205792745,NDUFA4
2.446156842,1.163789749,SDCBP
0.844916772,0.773069382,NOP56
0.77172366,0.338286082,DDX3X
0.118155401,-0.020722071,SCD
0.936559779,0.575333277,COX7A2L
0.163403773,-0.07079188,IRS4
5.678880089,-0.638856252,ACOT8
0.666428593,0.248879115,CDIPT
0.084853459,-0.066075007,PDCD5
1.12423866,-0.722694397,SLC9A3R1
0.208379469,0.14481926,PSMA7
0.311132942,0.044127146,SCAMP3
0.72946958,0.745441437,MGST3
0.381535398,-0.209992727,TIMM23
1.082874745,0.898042043,CASK
0.540250256,0.118456523,UQCRQ
1.240233348,-1.503644943,RAB7L1
1.317940154,-0.235679626,CLGN
0.734801504,0.264877955,PPP1R12A
2.679071956,-0.298999786,SLC27A2
0.15532794,-0.057792028,HNRPDL
0.69375843,0.239365896,XPO1
1.044028918,-2.554730733,BTAF1
0.296446801,0.099725087,PLXNB2
0.703369123,0.381854375,U2SURP
0.217966746,-0.242121379,KIAA0391
0.190537895,0.075579325,SCAMP1
0.143383315,0.040632248,SCAMP2
0.574324046,0.098062515,PGRMC2
0.114927111,-0.103532155,GNPAT
0.109655533,0.074382146,MRPS12
1.574844799,-0.529839198,RER1
0.556885683,-0.166943868,SURF4
0.27354897,-0.06087176,SPTLC1
0.362535769,0.161795934,SPTLC2
0.001159975,0.00060463,STX7
0.29038126,-0.271887461,ABCC4
1.905844422,-0.410392125,YKT6
0.435836586,0.255158742,PHGDH
1.543671148,-0.243087769,NDUFS4
0.564968303,-0.232835134,ZW10
2.104600632,0.514765422,EMC8
0.693948109,0.359977086,MBTPS2
0.6616805,0.189612071,EPB41L2
0.907422631,-0.232019424,TIMM44
0.410326242,0.081928253,NDUFA2
1.046375073,-0.423355103,ACTN4
1.762781455,-0.647297541,SLC25A20
0.796980267,0.278149287,SCO2
0.538129087,0.338088353,SLC37A4
3.100251479,-0.644578298,IDH3B
0.355528718,0.10651207,CALU
0.13524785,0.126621246,AHCYL1
3.219152833,-0.992932638,NDUFS5
1.792460277,-0.434972763,PEX1
2.750116521,-0.49712499,TIMM8A
0.924332126,-0.212287267,OPA1
0.290059645,0.221804937,ACSL4
1.183592914,-0.517062505,SNX3
0.668766069,-0.418432872,STX10
0.312506433,-0.110922496,SYNCRIP
0.667791534,0.325360616,PLOD3
0.636882923,-0.264193217,ICMT
1.665546409,-0.570453008,DPM1
0.434872044,0.253580093,USO1
1.405145071,-0.506799062,MRPS14
4.3803482,4.503609975,HIST1H2BK
0.027089876,0.025096893,CCDC22
0.930274785,0.185810089,PRAF2
2.791586263,-2.080259959,EIF5B
0.162648647,0.155780792,EDF1
2.005640183,0.392557144,DNAJA2
1.874709575,-0.42464447,ABCB7
0.695417858,-0.621007919,ROCK2
0.825657776,0.20773379,HIP1R
0.861892663,1.6054732,DNAJC13
0.035432185,0.021665573,DNAJB6
0.670539509,-0.255939484,NDUFS7
1.816403631,-0.477431615,NDUFS2
3.695378117,1.04155604,GBAS
1.610345242,0.666070938,ATP6V1G1
1.013887622,-0.584475835,FLNB
1.635778455,-0.546280543,NDUFS6
0.04553731,0.030495326,PEX14
0.991291541,-0.185670217,MRPL33
1.389831704,0.216560364,SEC22B
1.223018286,0.844252904,PRPF40A
1.567669297,-0.529977163,PMPCB
0.698545834,0.129765828,ERLIN1
2.443651724,-0.487681071,NDUFS3
1.570789051,-0.582144419,ECI2
2.498946485,4.619256973,BANF1
2.273255358,-0.539499283,ERAL1
0.213456035,0.176935832,SNRNP200
1.105006181,-0.609226863,TRMU
1.092568599,0.392719269,SLC25A12
0.715559678,0.241149267,ZMPSTE24
0.652709818,0.593641917,STAM2
1.441473711,-0.311384201,ATP5H
1.36493556,0.361551285,FLOT1
0.70329851,-0.308419545,ATP5L
0.843954505,-0.207128525,CPD
1.958413811,1.057828903,RSL1D1
1.46693837,0.599179586,WFS1
3.013769868,-0.970939636,CLPX
1.453568535,0.370104472,SRP72
0.181221851,0.132562637,B3GAT3
0.109414444,-0.042366028,TOMM70A
0.841907912,0.201719284,UFL1
1.177952907,0.18734169,ERLIN2
2.331246091,0.390156428,GLS
1.156086738,0.556879044,AP2A2
1.303413759,-0.293694814,MFN2
3.529646628,-0.785453161,NDUFB4
1.587492667,-1.310839335,NDUFB8
1.99889312,-0.626051585,NDUFA7
0.088240627,0.050555547,VAMP5
1.122844669,-0.402879079,RTN3
0.167858147,-0.050685883,LETM1
2.231831997,0.213695526,VAPB
0.016857532,0.006446203,MPZL1
0.937247209,-0.481161753,SMC2
0.273742107,-0.116791407,UTS2
1.630427592,0.300351461,SGPL1
0.14776679,0.105408986,NSA2
0.089021698,0.046114604,MPC2
0.769076183,-0.180422465,ACSL3
0.64525265,0.522379557,CDS2
1.349719359,1.719852448,HERC2
0.098741818,-0.082521439,RAB3D
0.97776091,0.259145737,AP2A1
0.614979329,-0.498682022,STAU1
0.853113104,-0.259695689,BAG2
2.15929958,-0.516850789,AIFM1
0.956092904,0.529012044,TXNDC12
1.053954584,-0.905591329,CLPTM1
3.291423622,-1.910914103,TOMM40
0.557487138,-0.265780131,PEX11B
1.249522625,0.496524811,PAK4
0.366761963,-0.214702606,CYB5A
0.031657279,-0.0428346,LDHA
2.929262034,0.610755285,GLUD1
0.506588869,0.228480021,CYB5R3
0.350774331,-0.179736455,GSR
1.375662923,0.418318431,MT-CO2
0.366602385,0.16950798,GOT2
0.123236082,0.104881922,PGK1
0.988098743,-0.183554967,NRAS
0.138311665,-0.065090815,KRAS
2.682883786,1.35508283,HLA-B
3.701407709,2.681108475,LMNA
3.000777302,-0.501731873,TFRC
2.034334745,-0.482316335,MT-ATP8
0.272351841,-0.153025309,ALDOA
1.718759443,0.371382395,APOB
2.890203307,-0.578406016,OAT
4.051715172,-0.584504445,GAPDH
2.05517321,0.45450592,HLA-A
0.956449329,0.48904864,TP53
3.543330203,0.485678355,RPN1
0.609577677,0.208393097,RPN2
3.548491184,0.663122813,GNAI2
1.765261822,-0.234963735,ATP1A1
0.752025026,1.234923681,ARG1
0.041198335,-0.019102097,ALDH2
1.603590678,-0.258097331,SLC25A5
0.69311462,-0.238711675,EIF2S1
4.555971115,1.874581655,HMGN2
0.416066243,0.67427508,RPLP1
0.820329577,0.39213117,RPLP2
0.152451734,-0.050379435,RPLP0
2.705687461,-0.497824987,ITGB1
0.725283498,0.255797704,KRT18
0.618962225,0.217166901,MYL3
1.86295319,-0.66166242,GLA
0.563568808,-0.178220113,CDK1
1.848407569,-0.361855825,ATP5B
2.314138724,-0.591481527,ENO1
1.294362462,0.289171219,NPM1
0.138692948,0.0607783,TPM3
4.279241461,4.78036499,HIST1H2BJ
0.385808184,0.172700246,EPHX1
0.092933588,-0.144322077,LDHB
0.380731429,-0.127216975,P4HB
0.581936212,-0.609612147,CTSD
0.20132263,-0.067166646,ANXA2
1.553447009,-0.758436203,TUBB
0.080941484,-0.143932343,PFN1
1.002285246,0.245713552,EPRS
0.521962498,-0.262854894,HSP90AA1
1.620595607,0.301815669,UQCRH
0.52357486,0.32373174,LYN
0.125093463,-0.056742986,FH
0.321612482,-0.051662445,HSPA1A
0.01725266,-0.012418747,PFKM
0.029698937,0.032225291,HSP90AB1
1.125345365,-0.244340897,SRPR
0.349342784,0.249825795,ASNS
2.486949639,-0.882584254,PDHA1
0.946317349,0.720895131,CYC1
1.61037269,-0.483018875,SNRNP70
0.75340914,0.15825971,VIM
0.038241309,0.021942774,RPS17
0.507646701,-0.138486226,GNAI3
0.227054264,-0.135196686,HMGB1
0.1599178,0.079533895,CLTA
0.778121126,-0.310647329,CLTB
2.250967595,-0.463095347,CNP
1.473868713,-0.284361521,DLD
0.895498333,-0.310101827,COX6C
5.00535233,6.55353864,PARP1
0.218671017,-0.261511485,UCHL1
2.805842847,3.049550374,H2AFZ
1.481168841,0.700148265,CISD3
0.703733616,-0.260567983,FDX1
1.195702596,-0.186770757,HIST1H1E
1.623982995,-0.766338984,DLAT
2.463717595,-0.90411822,PTPRF
1.673812769,-1.137093226,TXN
2.011162745,0.445662816,COX5B
3.371890349,-0.618611654,HSPD1
0.9234066,-0.228513082,HSPA5
0.09220887,0.013175329,HSPA8
0.56536562,-0.596935272,SLC2A1
1.619542037,0.552873611,EPB41
2.338122014,-0.794401805,PDHB
1.469306555,0.388573329,DBT
1.714712929,0.37372462,RALA
2.376410882,-0.74179395,LAMP1
1.80205633,-0.546164195,ACADM
2.972989611,1.855172475,TOP1
5.079249454,3.286067963,TOP2A
3.339234618,-0.989375432,PC
0.446907595,-0.184399923,MTHFD1
2.196143681,-0.55718867,IGF2R
0.147619609,-0.057458878,PABPC1
2.904107697,1.801687876,PCNA
1.892899952,0.48134168,SLC25A4
1.692276137,-0.233023961,SLC25A6
0.773179237,-0.73515892,CKB
1.727365568,-0.548243841,CKMT1A
0.682008891,0.231016795,SRC
4.412624497,4.876853307,XRCC6
3.673572419,6.107222239,XRCC5
0.516188609,-0.408213933,COX4I1
0.687533228,-0.262606303,NCAM1
1.24685474,-0.434960683,EEF2
0.575927407,0.274515788,PDIA4
0.998257099,0.290790558,P4HA1
1.21636204,-0.492324193,PLS3
0.040424557,0.02092425,ETFA
0.624858078,0.15510877,PRKAR2A
0.220998583,0.081680298,MTHFD2
0.849439845,-0.35789299,PKM
0.016035257,-0.009414673,HSP90B1
1.088328377,0.39767011,COX6B1
0.836464632,0.170049667,HNRNPL
1.987014844,0.647999446,DARS
0.229887191,0.089288712,JUP
0.914195678,0.331916173,UQCRB
0.107916369,0.0662721,PVR
1.043081728,-2.522050858,MYOD1
1.793945798,-0.644626617,EZR
0.601550588,0.16887792,RPS2
0.342598283,-0.26386261,DSP
0.150379776,-0.169397354,CBR1
0.573173718,-0.169275284,HIST1H1C
0.587868469,0.25481987,POR
2.06066398,-0.203292847,ATP2A2
0.539674897,-0.524052302,STMN1
1.111542148,-0.389707565,YBX3
0.867038902,0.416776021,HSPA6
2.390950121,1.351325353,HMGA1
2.880733884,1.018442154,NDUFB7
2.217701687,1.319560369,PRKACA
0.626173872,-0.574546178,CTPS1
0.272298349,0.177839279,PFKL
0.837356935,1.237977346,LGALS3
0.949139174,-0.247069677,TCP1
0.977375544,0.104740779,PTPN1
0.576071271,-0.189857483,RPL35A
1.447261946,-0.426579158,ARF4
0.738449176,-0.190612157,RPL7
0.231712095,-0.145486832,PGAM1
1.234440018,-0.397602717,ATP5J
4.039868827,8.834379196,XRCC1
0.269976735,0.088095347,NCL
0.75175902,0.184062322,EIF2AK2
1.183386835,0.261444728,ATP2B1
0.556974835,-0.274129232,EIF2S2
0.150169555,-0.060520808,RAB4A
0.594649969,0.169279734,RAB6A
0.044264799,-0.024728775,M6PR
3.068389909,0.853420258,COX5A
1.651204915,0.200555801,LMNB1
0.528748108,0.211966832,ATP6V1B2
1.259875409,-0.293336868,FLNA
3.116598868,-0.857529958,VDAC1
4.277511351,0.528065999,SDHB
0.074169388,-0.068084081,BCKDHB
1.901644391,0.633861542,COMT
0.907184433,-0.372662862,MUT
0.773255396,-0.427150726,OSBP
0.11369885,-0.064731598,GART
0.874666027,-0.709510167,SCP2
0.188092598,-0.120171865,NME2
2.181805101,0.370564779,HNRNPA2B1
0.558873722,0.284695307,UQCRC2
1.903123348,-0.26584053,FECH
1.047544602,0.397775014,SFPQ
1.509912366,-0.640988668,TUBG1
0.641616962,0.169553121,PPIB
3.146929027,1.662350972,ME2
2.415976313,0.358845393,GLDC
0.197219493,-0.063158035,RPS3
0.066655277,-0.128462474,AHCY
2.833327414,-1.102189382,CFL1
3.484479661,1.625073751,ATP2B4
1.656185595,1.282993952,CPT2
0.392116551,-0.522846222,COX7B
1.399536898,-0.354101181,ATP5F1
1.220874689,1.326348623,PRKCH
0.240880871,-0.128239314,ACAT1
0.252630111,0.130697886,RPS12
2.623459024,0.905719121,FAS
1.391135235,-0.195130666,ATP5A1
0.238368247,-0.170391719,MSN
0.373158368,-0.27652359,U2AF2
1.100166948,-0.574492137,RPL13
0.418158682,0.154411316,HMGB2
0.076171816,-0.020721436,PTBP1
0.596771146,0.398786545,TARS
0.408632773,0.391712825,EEF1G
2.106509164,0.444603602,AK4
0.264801052,-0.245961507,YWHAQ
0.077374308,-0.041314443,MARK3
2.197756835,-0.769704819,RPL10
5.227269484,5.15680186,RPA1
1.234519767,-0.430250804,CALR
1.787851385,-0.294424057,NDUFS1
0.43125877,-0.218332926,MAPK1
1.466876629,-0.532271067,LAP3
2.058728533,1.10231781,EPHA2
0.070241532,0.028315862,MARCKS
1.548372781,0.496437709,GNA11
1.323546228,-0.760273616,ALDH4A1
0.211983746,0.134935379,ERP29
0.056832401,0.17660141,PRDX6
0.003675019,0.004020055,C21orf33
1.607960227,-0.867380778,PRDX5
0.341826242,-0.193206787,ATP5D
0.042012272,-0.022123337,RPL12
0.624608657,-0.295478821,ECHS1
0.368855205,0.369181315,PEBP1
0.518902635,0.313923518,PPP2R1A
0.279354406,0.023999532,PPIF
3.382298934,0.721986135,HMOX2
0.576385436,-0.193012873,LRPAP1
0.191348868,-0.198809942,SLC7A1
0.026950833,0.013142268,ALDH1B1
0.441588463,0.450785955,DNAJA1
0.876691028,0.193002065,UQCRC1
2.128989932,1.041927973,HNRNPH3
0.78761331,-0.369045258,YWHAB
0.475591418,-0.1867733,STIP1
1.967567143,-0.720427831,PRDX2
2.572001785,0.582360586,GK
0.985271574,0.572062174,PYCR1
0.585995336,0.17462031,RPL9
0.821042879,-0.561630885,KIF5B
2.692962076,1.518835068,ABCC1
0.162271576,-0.180875778,MCM5
0.42297447,0.154134115,SHMT2
0.105982177,-0.176776886,HSPA4
0.401325342,-0.191261927,CTNNA1
2.413663492,0.279173533,PHB
1.981754485,-1.115399679,RDX
4.034302386,7.547651291,RFC1
0.468807828,0.224223455,RPL22
2.110360669,0.793289185,MYH9
2.347311866,0.665847778,MYH10
0.505167618,-0.083429337,BSG
0.564843217,-0.216304143,NUP214
2.405258125,1.461357752,DEK
0.234204038,-0.397040049,ARL2
1.270189082,-1.666090012,TRIM23
1.218543519,-0.247475942,ATP5C1
1.098857093,2.101729075,ATP6V1E1
0.154789022,0.064584732,RPL4
1.430589495,-0.518268585,DLST
0.208767889,0.316496531,TAGLN2
0.677610439,-0.209140778,ETFB
2.105377829,0.687724431,RBMX
0.340558681,0.242937724,GGCX
3.613365141,-0.845849355,HSPA9
3.110738529,0.758625666,EIF4A3
0.329919297,0.075918833,RPS19
0.46923737,-0.126053492,RPL3
1.104702761,0.251647949,DDOST
0.403715782,-0.183574041,FEN1
0.806921097,-0.216948827,CCT6A
1.198303055,-0.326899211,RPL13A
0.508160325,0.291370392,MDH2
0.681457836,-0.139249802,HADHA
1.730808439,-0.324277878,EIF2S3
0.253372293,0.109630585,BUD31
1.141838732,-1.395760854,GARS
0.583473665,0.218011856,SLC19A1
0.054458925,-0.055843989,PRKCI
1.199271997,0.478777568,ECI1
2.658895969,1.699207942,TMPO
2.960858125,1.178153992,TMPO
2.081668899,-1.176865896,MTOR
0.010889759,-0.004706065,RPS27
1.128667064,-0.313727061,LRPPRC
0.473449111,-0.229667664,ACAA2
0.58784,-0.250754038,RPL35
0.694208666,-0.51288859,PRCP
1.430457725,2.022053401,MSH2
1.22653391,-0.338619232,GPD2
0.586008559,-0.359693527,RANBP1
0.742732625,0.783133825,NAMPT
0.969510177,-0.15313975,TSFM
4.498997774,-1.088565826,VDAC2
1.166553781,0.509461085,ACADSB
2.269651438,-1.010475794,MKI67
0.513185152,0.291518529,RANGAP1
1.851960091,0.799618403,NOP2
0.063976399,-0.107928594,MTIF2
2.543472084,-1.296439489,RPL27A
0.88181512,0.183997472,RPL5
1.966597258,-0.896327337,RPL21
2.142886369,-0.638069153,RPL28
0.341002338,-0.084855398,RPS9
1.161929792,-0.602567037,RPS10
1.21268026,-0.474037806,MAP1B
1.246406241,0.36650912,UTRN
3.104364208,-1.589722951,IQGAP1
0.63765932,0.133965174,STT3A
1.171074848,0.794596354,CAPZB
0.789708644,-0.959922155,EIF1AX
0.633123443,0.201894124,RPL29
0.369546972,0.139692307,UQCRFS1
0.161879652,0.018695831,ATP5O
0.336699482,0.081080119,ARCN1
0.579376839,1.048976898,LSS
1.162096106,-0.280167262,CCT5
0.137812401,-0.098590851,PTDSS1
0.788947035,0.401085536,IDH2
1.030005846,-0.239398321,MARCKSL1
0.47033215,-0.232829412,CAMLG
0.307084202,-0.286003113,ALDH9A1
1.908682431,-0.331108093,RPL34
0.263548629,0.307778041,RPIA
1.056798139,0.092896144,LMAN1
0.611410238,-0.522680283,FASN
1.249433866,-0.312534332,CCT3
0.264940699,-0.034596761,MRPL19
0.997365073,-0.10767746,TUFM
0.718714225,0.322849274,ALDH7A1
2.240856707,0.41774559,SRP9
0.956731785,0.27732722,HARS2
2.076636343,0.736011505,ACADVL
1.133268981,-0.280058543,TMED10
0.88397808,-0.312067668,NUMB
0.040803979,0.006692251,RANBP2
0.298313616,-0.241804123,GSK3B
5.268407139,7.801407496,LIG3
0.462061113,0.211566289,PPOX
3.686136787,2.30544281,EMD
1.645843457,0.380910873,SERPINH1
0.40302914,0.231165568,ST13
0.268529534,-0.111151377,DNM2
0.500001625,-0.185543696,RPL14
0.020375841,0.010121663,CCT8
1.175354944,-0.279342016,CCT4
0.670408046,0.3724219,FXR1
1.286819656,-0.385856628,FXR2
0.921908536,0.112531662,RAB5C
0.717670433,0.141057968,RAB7A
0.73872423,0.119646708,RAB9A
0.283006779,-0.110019684,RAB13
0.012191265,0.011618296,DAP3
0.102818316,0.017000834,SSR4
3.293504302,0.747931163,BCAP31
1.234326815,-0.542333603,HSD17B4
0.403521323,-0.14941597,VAMP7
2.30170645,0.82326889,HNRNPA3
0.16222003,-0.073144913,HNRNPM
0.54799554,0.306357702,KPNA2
1.465287016,-0.583887736,SLC7A2
0.39782458,0.222169876,HNRNPF
1.092565929,-0.402516683,KIF11
0.583815489,-0.144125621,CAPZA1
1.683433981,0.907753627,NUP98
1.846576328,-0.381287893,SLC25A1
0.751301743,-0.345550537,SUCLG1
0.142236876,0.07990392,COPB1
0.561003203,0.095879873,COPA
2.046753072,-0.461864471,SLC16A1
3.648812466,2.043421427,SUB1
4.355066458,7.842832565,POLG
2.661058001,0.6747907,RARS
0.230381378,-0.171866099,YARS
0.309230964,-0.170794169,ATP1B3
1.644229816,-0.53680102,ALDH18A1
0.089954121,0.068040212,NAPA
0.572665467,0.125795364,SLC12A2
0.193326682,-0.057671865,VCP
0.192465961,-0.43494606,MFAP1
0.114866045,0.054429372,HADHB
0.191073059,-0.1090463,NHP2L1
0.650764926,0.220198313,OXCT1
0.402450296,-0.254933675,EIF3B
2.692418088,-0.734617869,ATP5J2
0.506800673,-0.123143514,NDUFV3
0.933761654,0.429748535,RRP1
2.066872586,0.63522021,MARS
0.076751292,-0.109095256,MAZ
0.290499803,-0.227949778,MP68
0.903562641,-0.30611674,ATP5E
0.36078656,-0.33579127,ATP5I
1.104087989,0.173231125,EIF6
0.557250652,-0.535411835,NDUFA6
0.094258123,0.071966807,STX17
2.411965412,0.524600347,NUP107
1.123544485,0.435217539,YBEY
0.857442709,-0.601602554,TPI1
0.311005263,-0.204637527,EIF3E
1.242204722,0.827431361,SEC61B
0.513857035,0.414435069,ACTB
0.00654635,0.003919601,EIF4A1
0.411056216,0.108679454,RPS20
0.549300049,0.52200826,PRPS1
0.023816636,-0.017193476,S100A10
1.707332588,0.401899974,CDC42
0.246753964,-0.367401759,DSTN
0.602700428,-0.141029358,RAB8A
0.77720435,-0.115452449,SPCS3
0.162037134,0.074735006,RAB2A
0.669074391,-0.337107976,RAB5B
0.727052982,0.19995753,RAB10
0.29505464,-0.047669093,RAB14
1.078456287,-0.708796183,ACTR3
0.614937312,-0.266803741,ACTR1A
1.240006891,-0.572771708,ARF3
1.580397975,-0.743098577,ABCE1
0.329565473,-0.088979721,RAP1B
0.282808711,-0.246207555,RAP2B
0.599952122,-0.178909302,RPS3A
2.165061919,-0.70600764,RPL26
0.766915611,-0.217370351,RPL15
1.53078209,-0.234551112,RPL27
2.614174382,-1.108397166,RPL37A
0.461217448,-0.104527791,RHOA
0.048049953,0.042969386,HSPE1
1.282585467,-1.339824677,RPL37
1.450367646,0.453469594,WDR5
0.406993726,-0.125096639,HNRNPK
1.027622774,-0.429847082,YWHAG
0.459228309,-0.230246226,TIMM10
0.135710612,0.047367096,RPS7
0.016430027,0.006044388,RPS8
0.381590696,-0.162637711,RPS16
0.920839263,-0.273127874,YWHAE
0.185941167,0.117544174,RPS14
0.30685341,-0.167363485,RPS23
0.323279305,-0.059766769,RPS18
0.085053359,-0.096060435,RPS29
0.431437452,-0.184506734,RPS13
0.911703913,-0.396917979,RPS11
1.002844568,0.423762004,SNRPF
0.352618816,0.500528971,SNRPD1
0.836909899,-0.418336233,ARF6
0.876459776,-0.16064326,RPL7A
0.163123594,-0.024232229,RAB11A
0.156329155,0.104209264,ETF1
1.529729975,-0.588684082,RPS4X
0.88019483,0.29899025,RHOB
3.382925195,-0.29510498,RPL23A
3.109068532,-0.802318573,RPS6
3.592820937,3.505163829,HIST1H4A
1.556014545,0.122677485,RAB1A
0.360057291,-0.145851771,RPL23
0.178241947,-0.061590195,RAP1A
0.584069667,0.106405258,RPS25
1.165191017,-0.525351842,RPS26
0.94736433,0.663651784,RPS28
0.121026567,-0.026426951,GNB1
0.337434117,-0.130573908,GNB2
0.036466119,-0.011054993,RPL30
1.358627763,-0.559942881,RPL31
0.381367571,-0.125935872,RPL10A
1.026963971,-0.100098928,RPL11
0.31104533,0.124289195,RPL11
0.584354985,-0.171385447,RPL8
0.112003484,0.103533427,PPIA
0.263689571,-0.157992045,RPS27A
0.498261926,0.472623189,TRA2B
0.856651418,0.210986455,RAC1
0.182791045,0.110502243,AP2B1
2.312549371,-0.479125341,GNAS
0.244103419,-0.26366806,GNAS
0.820518029,-0.210334778,YWHAZ
2.024161584,-1.315708796,PPP2R2A
0.780536888,0.298500697,DYNLL1
0.081004377,0.062463125,RPL38
0.016538518,0.010292053,GNG5
0.082261885,0.107124329,RPS21
0.278388606,0.136512121,EIF5A
0.593827842,-0.337994893,GNB2L1
1.526497571,0.328797658,ACTG1
2.120795414,-0.388895035,YBX1
0.527136055,0.337109248,ACTA1
1.057682623,-0.272445679,EEF1A1
1.92567401,-0.805401484,TUBA1B
1.645256649,-0.877149582,TUBB4B
0.399457106,-0.191268285,CCT2
1.524844992,0.234018962,RAE1
4.115064399,3.094930649,PRKDC
0.508067564,-0.521117528,NUCB2
2.728583372,0.855588913,BASP1
0.169074134,0.410130819,DCD
0.810943529,-0.570448558,TMF1
0.830549958,0.880687714,MRPS25
0.07471815,-0.035613378,MRPS35
0.116986628,-0.061239878,MRPS5
2.240096648,-1.038746516,MRPS36
0.916614946,-0.459875743,MRPS11
2.022519362,-0.284648895,MRPS15
2.317021195,-0.828934352,MRPS21
0.937231185,0.137624741,MRPS6
1.59354419,-0.152317683,MRPS9
2.710753611,-1.443933487,RPL24
0.627756348,-0.170662562,ERH
1.343423946,-0.81673495,RHOG
0.477520881,-0.047505061,EFNB1
0.139179429,0.053681056,TFAM
1.597343115,-0.397359848,SLC25A3
0.099983957,-0.069714864,HDLBP
2.050811707,0.538274765,CDC42EP1
0.634162397,0.223928452,CLTC
0.199560311,-0.159118652,FKBP3
0.514841284,-0.447517395,REEP5
0.133008266,-0.024374008,HNRNPU
0.104759357,0.08184878,U2AF1
0.567285979,0.284533819,SPTBN1
0.755102749,0.400587718,SET
0.47870261,-0.332386017,CAP1
3.128704061,0.781768799,SLC7A5
3.105423512,-0.678366343,PFKP
0.059677678,0.044188817,FKBP4
1.249741173,-0.85363706,NUCB1
0.716216266,-0.164389292,RPL6
0.030045187,-0.030040741,AKAP12
0.665061569,-0.092657725,SLC25A11
0.440807266,0.470036189,CAV1
1.625107277,0.517326991,LMNB2
2.053175325,0.628688812,TAP2
0.219012813,0.119536718,SSBP1
0.620986836,0.209803899,PRKCD
1.184169323,0.72301356,COL14A1
1.150480413,-0.415641149,FMR1
1.885473891,-0.264549891,PRDX1
1.828704734,-0.500158946,C1QBP
3.034708857,0.411764781,CKAP4
0.609534815,0.295806249,KHDRBS1
1.35293448,0.802377065,SRSF4
1.009445451,0.206578573,DHX9
0.091124085,-0.098615011,CRYZ
0.195540488,0.145641327,GOLGA3
0.749852783,-0.256624222,GOLGA2
0.61778709,0.496660233,NSUN2
2.579828239,1.011159261,RBBP4
1.059175747,0.630041122,AHNAK
0.841503946,-0.694955826,MGAT2
0.279822849,-0.228668849,GALNT2
1.398193276,-0.435239792,PMPCA
4.441500383,1.486675898,KIF1A
1.608466598,0.58086586,ASPH
2.2564471,0.7318573,AIMP1
0.69693205,0.433689117,ILF3
0.794772311,-0.431833903,LMAN2
3.661133251,1.447200775,PTPN13
0.78562354,-0.339906057,DLG1
0.374341508,0.433104197,BNIP1
1.003086838,-0.280347188,ECH1
1.031644407,0.326069514,MRPL28
0.622749503,-0.24608167,PRKAA1
0.278792841,-0.182668686,PPFIA1
0.223054897,-0.150166829,HNRNPA0
4.368246547,1.14357694,AIMP2
1.175535398,-0.482913335,PRDX4
1.924922289,2.097689946,CBX3
0.247815296,-0.130898158,STX5
1.745448896,-0.96661822,DNAJC3
1.612893042,1.090016047,SRSF9
0.093711205,0.038316091,SRSF6
0.995604062,0.764651616,TRIM28
0.211939967,0.168469747,G3BP1
0.283615284,0.093400319,PTK7
0.712220523,-0.188779195,PABPC4
1.65885684,-0.283823649,EIF3I
0.199632243,0.075092316,MRPL49
3.024074148,0.578457514,NNT
3.322419567,0.833272298,SNTB2
0.499576113,-0.271525701,SF3B2
1.488966938,-0.607131958,PICALM
2.442300885,-0.978688558,IQGAP2
0.097444824,0.08333842,STIM1
2.361497867,1.207170486,TRA2A
0.988465033,-0.653345744,PEX6
1.097240537,0.507911046,FHL1
0.806083109,0.322674433,MOGS
0.479160537,0.355563482,PMAIP1
1.163710126,-0.493387858,ARFRP1
0.261526017,-0.046404521,SPTAN1
0.069796494,-0.025752385,SNTB1
0.081923763,0.048632304,CUX1
0.557108343,-0.589152654,CKAP5
0.96350462,0.28887558,HNRNPD
1.266886756,0.704418818,SCARB2
0.070922108,0.036726634,DSG2
1.773710957,-0.264464696,SCRIB
1.137399848,0.445079803,MLEC
0.618016634,-0.223765691,DYNC1H1
0.083352514,0.047239939,MAP7
1.671657675,-1.228989283,CTTN
1.760017546,0.256717682,FLOT2
1.3154078,0.566926956,CAPRIN1
1.225488453,0.823134104,PDIA5
1.44436628,0.526646932,ITPR2
2.895834732,0.773819606,ITPR3
2.09308024,-0.695845286,CLINT1
1.439658776,-0.434873581,SMC1A
0.904128182,-0.640096029,RRP1B
0.609753627,-0.507382075,MESDC2
0.398732197,0.129844666,GANAB
2.229861951,0.528774261,LBR
0.819424011,-0.265580495,GOLGB1
1.651156591,-0.77393659,RAB39A
0.758967453,0.522106171,KPNB1
1.058645776,0.212772369,NOLC1
0.178720608,-0.114415487,NUMA1
0.480158912,-0.298980713,SLMAP
2.404514387,0.630334218,EMC2
0.236883204,-0.059328079,LARS2
0.943408124,0.30997467,SLC39A14
3.098994773,0.872694016,KARS
0.800192319,-0.326603572,EEA1
0.249985465,0.086318334,PDK1
1.293114031,0.602403005,PDK3
0.42727259,-0.158561707,NOMO1
0.157993477,-0.24561882,PPA1
0.439680449,0.26212883,NONO
0.247698719,0.095718384,RAB35
2.555314784,0.244377772,RCN1
0.629315905,-0.341198603,LLGL1
0.05061364,-0.026043574,PCBP1
1.754111712,-0.693788528,RHEB
0.532535387,-0.443382899,TOMM20
1.031191162,0.708127975,SF3B3
2.549863476,3.700422923,SAFB
2.795187597,-0.380484263,SEC23B
0.360987904,0.139858882,SLC9A3R2
0.229316463,0.057002385,SF1
0.075106348,-0.141767502,TRIP13
0.252070128,0.185575485,MAPRE1
0.962214671,0.321269989,ELAVL1
0.400598082,-0.275031408,NSDHL
2.157038495,-0.525096258,SLC1A5
1.195987073,0.074273427,VAMP3
1.25502233,-0.548631032,07-Sep
1.319257607,-0.787118276,PKN2
0.29238994,-0.141160329,DPYSL2
1.013480987,-0.250183741,OCLN
1.706717714,0.625151952,DBN1
0.12171533,-0.077964147,NDUFA5
2.46116227,-0.848026911,CLPP
0.560579251,-0.171356201,TST
3.523220803,3.918195724,HIST2H2AA3
1.21858924,-0.569583257,NDUFA9
1.355830777,1.382448196,PCK2
1.816900507,-0.318386078,IMMT
0.038236539,-0.027099609,LEPRE1
0.375997498,0.369417191,HSDL1
0.424104639,0.357611974,ARL13B
2.154502602,-0.307367325,TIMM50
1.609115047,-0.564423243,NADK2
0.692853512,-0.349404017,GXYLT1
0.095983368,-0.033356984,ACSF3
0.952030517,1.661181768,ANO6
1.381427333,-0.50412178,TMEM259
0.424010253,-0.693292618,AGPAT9
0.087678584,0.032138824,HSD17B12
0.040746182,0.014537811,RABL3
1.139574729,-0.583388646,COQ5
0.602505327,0.370308558,MOV10
1.025954945,-0.354867935,MIA3
0.079585361,0.116860708,PHF6
4.042834544,-1.009466807,PITRM1
0.612133766,-0.274262746,COA6
1.96034486,1.091998418,TOR1AIP1
0.065504953,0.024824778,AARS2
0.078141259,0.083634694,DLG3
0.11523298,-0.04942131,TMEM230
0.575297867,1.41230456,UBE2NL
2.031605722,0.979683558,SLC27A3
0.060452772,-0.055770238,SPECC1
0.124407214,0.054035187,MRPS18A
0.716614742,0.373665492,RALY
0.585044114,-0.266019185,VARS2
2.033153346,-0.736096064,RARS2
0.723569097,-0.531661987,FKBP15
1.669985083,-1.381901423,C9orf114
0.330701737,-0.079782486,IBA57
2.041545265,-0.756512324,MRPL2
1.010027831,0.301271439,ADCK3
1.068299591,0.639543533,ATAD3B
0.895118519,-0.453461965,MNF1
1.113648916,0.477666219,MINOS1
1.787095586,-1.058598836,CROCC
0.188509889,0.114623388,LYRM7
0.079366152,-0.142531077,GHITM
1.173464129,-0.528706868,PRPF38B
0.32953269,0.332241058,CDKAL1
0.305502836,-0.061176936,ARHGEF2
0.132420026,-0.076600393,LRRC16A
0.438340515,-0.191480637,QIL1
0.24552213,0.090019862,STEAP3
0.889603393,-0.238928477,GLT8D1
0.09519132,-0.042601267,LAMTOR1
0.07832314,0.021795273,DHRS7B
1.867701325,0.603748322,RAB12
1.028821848,0.469985326,SLC25A24
0.268165194,0.141846975,TMEM214
1.716339322,1.672794342,PTRF
0.978768101,0.636436462,RPUSD3
0.141056215,0.439451853,LPCAT3
2.027982723,0.954527537,MRPL14
0.16912105,-0.552918116,SLC27A4
0.144681324,0.107721965,EDC4
0.090686856,0.123989741,PRPF8
0.28006386,-0.129240672,SFXN4
0.041230538,-0.079878489,CASC4
0.452650451,-0.142749151,DARS2
0.284842968,-0.290395737,RHBDF2
0.975211852,-0.541084925,CCDC137
0.716783898,-0.22410202,LARP1
0.151343855,0.066551208,SLC30A9
1.713686816,-0.303899129,SARM1
2.908416793,-0.600776672,MTHFD1L
0.934576814,-0.298528035,LCLAT1
0.037476673,-0.02083842,DHRS13
1.291273608,0.441602707,APOOL
0.614872953,0.203528086,PTPLB
0.76392889,-0.251015981,HSDL2
2.532005794,-0.457672755,NFXL1
0.299998588,0.603574753,QSOX2
0.517348234,-0.253835042,ACSS1
0.570137143,-0.345198313,TMTC3
0.516367594,-0.402716319,ACAD11
1.815646294,-1.566806157,USP30
0.941809706,0.379688263,IKBIP
3.249175279,3.631312052,HIST2H3A
0.066866672,-0.064943949,LARP4
2.284934885,0.84177653,SND1
1.502858831,0.352416992,COX15
0.152704879,-0.095335642,DDX46
1.824498352,-0.381540298,TRMT10C
0.134023267,0.042065938,DHX30
0.293583586,-0.200777054,CYFIP1
1.350684547,0.576101303,LPCAT2
3.317407952,1.91880544,TAOK1
1.221908652,-0.277568817,FASTKD5
0.500675363,-0.074970881,ZC3HAV1
0.812155639,-0.300830205,MRPL21
0.810193252,-0.225666682,MAVS
0.196720541,-0.32013766,GOLGA7
1.159519358,-0.304585139,MRPL55
2.094400955,0.915061951,TMED4
0.283220926,0.108476003,MRPL10
2.08309166,-0.844552358,GLRX5
0.051119078,-0.035645167,ACOT1
3.573145626,0.892972946,MTDH
0.238881878,-0.115544001,AGPAT6
3.287231835,0.822664261,KTN1
1.857964181,0.768410365,NLRX1
0.458835031,-0.123687108,TXNDC5
0.890418116,-0.883923848,ALYREF
0.265880336,0.119747798,CAND1
0.655484559,-0.303498586,RPS19BP1
0.018024423,-0.01202329,TMED7
0.936995727,0.495848974,STX12
1.338911912,1.030555725,RAB43
0.101800678,-0.09170723,PLD3
0.202137214,-0.078000387,MCAT
0.672511752,-1.805346171,ZBTB8OS
1.911107719,0.461601893,DNAJC10
1.707635854,-0.382113139,RHOT2
0.636822589,-0.104770025,RHOT1
0.138482295,0.083042781,MRPL41
2.084486762,1.363616308,PNPLA6
0.819218322,0.699448903,PPAPDC2
1.096394649,0.387620926,FTSJ3
0.50500681,-0.092877706,SUPV3L1
0.604160772,0.373874029,EXOC8
2.22538404,-0.789465586,THNSL1
1.004185883,0.200322469,KIAA2013
1.234440632,-0.953293482,KATNAL2
1.702041188,1.117904027,CMTM4
0.835218756,0.936945597,RBFA
1.028919906,0.168162028,NDUFAF2
1.360815287,0.30168279,NUP93
0.025609055,0.019532522,LRRC47
0.327825127,0.999717077,ANKRD35
1.488407133,-0.640358607,GUF1
2.286609875,0.775376638,
0.168424824,0.225103378,ZADH2
0.078413801,0.032094955,SMIM20
1.133412873,0.56248347,TMEM57
1.319996654,0.751355489,CISD2
1.569951724,0.371430715,JAGN1
0.518390667,-0.216182073,MRPL50
1.301210212,0.45328331,EMC1
3.098351076,-0.605605443,ENAH
1.578637179,-0.319046021,MRPL43
0.232303252,0.08474795,GOLM1
0.919872916,-0.282976151,COLGALT1
1.902016267,-1.276890437,UBAC2
0.272417664,-0.165058136,RDH13
0.968254416,0.73561732,TTC13
1.323109387,-0.255176544,ATAD1
2.270235177,-0.346700033,SERBP1
0.722025596,0.346089681,KCT2
3.668184106,2.455287933,LEMD2
1.358659371,-0.360939662,NOA1
0.680560602,0.415115992,CNNM3
0.445824367,-0.386731466,ABCF1
0.621760821,0.170085907,MCU
2.2289353,0.893640518,LPCAT1
0.215698384,-0.140546163,TOR1AIP2
1.068725915,0.703781764,MOSPD2
1.870580218,-0.561227163,GRPEL2
0.369720463,0.123971939,GADD45GIP1
1.917339745,0.851331711,NUBPL
0.344530769,0.202595393,GOLGA5
0.208395452,-0.121891022,FAM57A
2.072660345,-0.254724503,RDH11
2.092467746,0.565300624,MRPL30
1.446347718,0.244583766,STT3B
1.304750618,-0.530871709,PNPT1
1.602764183,-0.51202329,HM13
2.074913531,2.741488775,GPT2
0.102644451,0.098294576,NUP210
0.076068281,-0.074741364,CHPT1
0.027765022,0.025518417,PTPMT1
0.953587435,0.951517741,PDCD6IP
0.631787048,-0.529858907,NAT14
0.141865857,0.114742279,TFB1M
0.250893288,0.2221934,SCFD1
1.285044228,-0.298613866,FAR1
1.484150925,-0.392585754,C2orf47
1.827629826,1.095956167,CKAP2
0.407122031,-0.114886602,BRI3BP
1.906282399,-0.475844065,DDX1
1.424765019,0.641460419,SLC39A7
0.49388475,0.185688019,H1FX
2.628106826,-1.385245005,GBF1
0.954353065,0.522515615,TM9SF4
0.473301311,-0.476222356,WASF1
0.258392472,0.339686712,AP3S1
0.39827773,-0.06924057,UBXN4
0.1871373,-0.056406021,LPGAT1
1.351486647,-0.746473948,GCN1L1
1.403194546,0.291684469,NUP205
1.362302666,-0.381978353,MRPS31
2.451383065,-0.450060527,AKAP1
1.430014165,-0.157138189,ARPC1A
1.720469247,1.718402863,TAF15
0.174489075,0.068138123,RAD50
2.257696043,0.911657969,GLG1
3.241078517,1.609582265,UPF1
0.852469793,-0.382718404,KHSRP
2.683609745,4.488652547,HIST1H2AC
0.185470977,0.084901174,YIPF5
2.804360215,-2.194814046,RPL36AL
0.071777781,-0.088122686,GFM2
2.150941342,-0.533021291,NCLN
0.688390542,0.638502121,ERGIC1
0.550603948,-0.157822291,TBRG4
0.459645358,-0.116343816,CCDC47
0.091032088,0.064064662,MRPL24
0.311814704,0.123991013,EXOC4
3.431769276,0.6454614,LRRC59
0.555866147,0.334295273,ARL8A
0.883293026,-0.580530167,SELRC1
0.435552186,-0.13427035,PYCR2
1.64682347,0.727319082,GRAMD1A
0.124294305,0.055846532,FAF2
1.50219438,-0.987492243,CCDC124
0.337526899,0.281726837,AP2M1
2.048547145,0.796218236,ADCK4
0.223811783,0.168661753,RAB39B
1.803040058,0.744044622,DNAJC19
0.487702287,0.098905563,MRPL38
1.84611621,-0.595994949,MRPS24
0.419400014,-0.107035955,MRPL53
1.715508316,-0.18665568,CCDC51
0.258052268,-0.168977102,SMIM12
0.829027949,0.32719485,DNAJA3
0.322000182,0.074195226,PTCD3
2.557754643,-0.777182261,MMAB
1.187850698,0.419144948,EDC3
0.03373977,0.036403656,ZC2HC1A
0.061406897,0.037092209,MYO19
0.557280359,0.479124069,ERO1L
1.481555611,0.780892054,PRR11
0.763884038,-0.042247772,PGAM5
2.479203116,0.260721842,DDRGK1
0.560099077,-0.378382365,DHTKD1
0.013670392,0.013953527,FUBP3
0.625359128,-0.139240265,NARS2
0.585775862,0.472321828,SUCLG2
0.446640841,-0.241697947,USMG5
2.068504848,0.655317942,CDK5RAP3
0.305382841,0.268342336,TMX3
0.266923639,0.282203039,CLPTM1L
1.43197516,-1.398195267,DNAJC1
0.046011809,-0.030659993,SNX27
1.286637755,0.554014206,MBOAT7
0.872405153,0.233250936,SFXN2
1.115888238,0.567867279,RBM14
0.262666717,-0.284671148,VPS35
1.542796947,-0.936531067,GFM1
0.504704822,1.120410283,ERGIC2
1.854362479,-0.472861608,MCCC1
2.012477272,1.866076787,TWINKLE
0.972963091,-0.246201833,ERBB2IP
0.282037559,0.090351741,PIGS
0.333220134,-0.183561325,CLCC1
3.031443132,-1.312260946,CDK5RAP1
3.827627909,-0.449460983,YME1L1
1.674981292,1.011827469,RMDN3
0.431695384,-1.011161804,SEC62
2.887179206,0.482782364,SDF2
0.323668669,0.126607895,PARK7
1.655626608,-0.399541219,VAT1
1.920186054,0.467470169,PKP4
1.446348549,0.363210042,PHB2
0.404449787,0.167898814,CHP1
1.544466112,-0.666249593,HSD17B10
0.221997969,0.111310323,HNRNPAB
0.498138087,0.345035553,NAPG
0.016494615,-0.02682368,MIPEP
2.532661259,-0.375421524,TM9SF2
0.505690223,-0.203468323,SLC29A1
0.160992111,-0.057374954,CCT7
0.15112977,0.077718735,AGPAT1
2.196192677,0.611094793,PKP2
2.002470966,2.679670334,VRK1
0.183190229,-0.111382802,AKAP9
1.370155403,0.906775157,DDX50
1.195756083,-1.139141719,ELAC2
0.399682952,-0.546218872,GRWD1
0.207390949,-0.211369832,MACROD1
0.477283953,-0.211908976,ECSIT
0.663714218,0.598466873,C17orf62
2.263736496,0.284623464,VKORC1
0.894768088,-0.551845551,MRP63
1.062748462,0.316113154,MGME1
0.20135758,-0.171986898,MRPL45
1.693615256,-0.54111735,SDF4
1.422708905,0.15331014,ADPGK
0.103325873,-0.086513519,PELO
0.120376608,0.058821996,ERP44
0.030118382,0.029795329,NTPCR
1.094806929,-0.409739176,C19orf52
0.54771796,0.178608576,TACO1
0.644478841,-0.127861023,ESYT1
0.073589082,-0.039681117,ALG1
1.4466123,0.797025045,LRRC1
0.127213099,0.204306285,PI4K2A
0.806578955,0.694819768,TMEM43
1.060786197,0.785837173,DHRS4
0.083266605,-0.049277623,LMF2
0.923978839,-0.461856842,NDUFAF3
4.108194102,1.723210653,MMTAG2
0.4700543,-0.141455332,TMEM70
0.624396615,-0.294439952,TUBB6
1.467835706,-0.378399531,VAMP8
1.939538521,-0.873971303,TMEM109
0.080652281,0.114868164,PTDSS2
1.483432612,-0.542006811,TMED9
0.514294888,-0.138472875,TIMM21
0.323614656,-0.150510152,ELOVL1
1.811804793,-0.459580104,TARS2
0.147112315,0.072661718,SFXN3
0.104314126,0.023877462,HINT2
0.666281724,0.318265279,NUSAP1
1.353448199,-0.347921371,CECR5
0.741614565,0.154802958,CADM1
1.045178759,0.59923617,POLDIP3
0.714503559,-0.397461573,MRPL32
0.024326018,0.025107702,MRPL20
0.976100495,0.071920395,MRPL9
0.353414094,0.101239522,MRPL1
1.164570914,-0.155099869,MRPS26
0.530855426,0.138866425,MRPL37
1.842975228,-0.799807231,GTPBP4
1.095158202,-0.280382156,OSBPL8
0.714164971,-0.571103414,LRRCC1
0.120207923,-0.320723852,ELOVL4
0.466223349,-0.195371628,SLIRP
0.776986499,0.143718719,MFF
3.059085005,1.36652565,CLPB
1.277083041,-0.321423848,RAB33B
0.905853524,0.48778216,LSG1
0.052777356,0.225138982,KLC2
1.811947566,-0.415351868,QRSL1
0.447005019,-0.159711202,RAB1B
0.908125225,-0.473324458,MRPL18
0.488977684,0.779177984,CCDC8
0.606522723,-0.117432276,ISCU
1.276426828,-0.227619807,EHD4
0.005302524,0.002545675,VPS16
0.862556835,-0.404062907,SLK
1.419558302,-0.855312347,TSPYL2
0.111381011,0.034437815,MRPL46
0.060672149,0.044023514,PNN
0.115669379,0.228390376,TMEM245
0.160431115,0.081506093,CPVL
0.17284108,0.255324682,DPAGT1
0.175196154,0.054613113,TMX1
1.796589557,3.60260582,CHMP4B
0.483304787,0.216146469,PIGU
0.866764334,0.729478836,GOLPH3
1.759431219,0.645676295,OSBPL3
1.671572684,-0.795085907,EHD1
1.742036941,-0.952934901,TFB2M
0.716908504,0.303549449,CCDC86
0.068425394,-0.04259936,REEP4
0.30168485,-0.154092153,C8orf33
4.040906278,1.296423594,METTL17
0.118368334,-0.062149684,ACAD9
1.468643903,-0.466869354,SLC25A22
1.641371611,0.295403798,SFXN1
0.364763745,-0.153547287,MRPL44
1.624378727,-0.748353322,CARS2
0.261694617,0.25546519,GNB4
1.463979468,-0.447931925,GRPEL1
1.697805375,0.451053619,RDH14
0.414045,0.362722397,PLGRKT
2.652233292,0.809803009,SLC38A10
0.045012149,-0.021757126,TMEM165
0.20244068,0.187799454,SLC25A19
1.37348728,-0.283428192,RNMTL1
3.160587894,-0.579226176,MCCC2
0.277711664,-0.364175797,SDF2L1
1.033938117,0.663447698,PREB
2.665268978,1.052893321,ATP13A1
1.076332345,-0.217622121,MRPL47
4.352765257,3.866172791,CHMP1A
1.577950558,1.178005219,TM9SF3
1.577457047,0.357997894,JPH1
1.350603677,0.232639313,APMAP
1.73739347,-0.424725215,RAB18
0.105786967,-0.024158478,MRPS30
0.714233909,0.751202265,ACOT13
1.649417916,0.16119194,TIMMDC1
0.656172811,-0.182032903,RTN4
1.989581798,-0.472238541,DIABLO
1.20853526,0.190385818,DDX21
1.790748356,-0.577889125,AAAS
0.398486011,0.085139592,ABCB10
2.849271631,0.441136678,CMC2
0.326558635,0.239507039,RAB6B
0.374753926,-0.149146398,MRPL17
0.763826001,-0.333214442,SERINC1
0.795631485,0.119881948,AGPAT3
2.122527143,-1.021313985,TOMM22
0.113455439,-0.033895493,SACM1L
0.504672607,0.250371297,ABHD10
1.455747298,0.690037409,DDX28
0.24827394,0.058441162,LIN7C
0.086190438,-0.068002701,AGPAT5
0.296665835,-0.102680206,EXOC1
0.646654297,-0.200049082,UQCC
0.69087459,-0.21620369,EXD2
3.404976022,-0.279642105,DNAJC11
1.178388204,-0.487288157,ATAD3A
0.408277958,0.177284241,ARL8B
2.58020116,-0.892975489,MTPAP
3.343840844,-1.050343196,ARGLU1
1.608778996,1.672948837,SLTM
0.327833162,-0.367657979,CCDC109B
1.844507078,0.815467834,AURKAIP1
1.726417413,-0.631901423,NDUFB11
2.065001301,0.919864655,MRPL16
0.259943282,0.086918513,OCIAD1
0.48724628,-0.092482885,05-Mar
0.611094097,-0.443335215,IMPAD1
0.576697638,0.200352987,DNAJB12
0.654603159,-0.250048955,MRPL39
0.306428554,0.115433375,UGGT1
0.07661592,0.050638199,FASTKD2
0.535012099,-0.110478719,TECR
0.55362529,-0.279066086,USE1
1.900815184,0.366743088,CISD1
0.030381785,-0.018122355,FAM120A
1.78793765,-0.537589391,MRPL35
0.750708473,-0.241610209,IGF2BP1
0.40316272,-0.337524414,MTCH1
0.092791633,-0.089501699,GLTSCR2
0.296693656,-0.237967173,MPP6
3.187646733,-0.954573313,MRPL15
1.34968645,-0.790808996,CCDC59
1.119438843,-0.373845418,NDUFAF4
1.660036683,-0.403235118,PTPLAD1
0.084050734,0.068382899,EMC3
0.593348729,-0.313660304,MRPL36
1.762762294,0.31747818,VAPA
0.344620826,-0.034739176,RCC2
0.516368066,0.30997467,PTGFRN
0.203278606,-0.048122406,RRBP1
0.707224428,-0.151374181,DPM3
0.196799129,-0.06826973,COPG2
3.09552712,0.556257248,GNG12
1.815130167,-0.465322495,DHCR7
0.2725225,0.069974899,DNAJB11
1.296988984,0.498867035,NXF1
0.884644496,-0.299439748,SEL1L
1.336517371,-0.560516993,AASS
1.055628837,0.782992045,UQCR10
0.298750958,-0.182245255,MTFP1
0.061855205,0.042835236,VTI1B
0.242827874,0.238635381,WARS2
0.901302893,0.350474675,SEC63
1.658457502,1.679742813,SUN2
0.137096755,-0.035205205,LIMA1
2.194592775,0.656112671,SRP68
1.50745289,-0.375486374,09-Sep
0.066882542,0.042253494,PCYOX1
0.017764237,0.007801692,CYB5R1
0.328554319,-0.065455755,BAIAP2L1
0.608900373,0.247959137,PUF60
2.685777696,-0.412132263,NDUFA12
0.849787156,-0.618110657,ATP6V1H
1.360861452,1.187038422,FTSJ2
1.977029589,-0.961916606,ATPIF1
0.133161529,-0.224795659,AK3
0.562680027,-0.161160151,SLC25A13
0.471862235,-0.076025645,STOML2
0.407029441,-0.462907791,MRTO4
1.338079726,-0.392684301,TNIK
1.280530311,0.633663813,PACSIN3
0.671434992,0.122541428,RAB21
0.761802414,0.304073334,RAB23
1.96009748,0.534901937,KIDINS220
3.291018371,1.290088018,CORO1C
0.875147227,0.483053843,PRPF19
0.79238548,-0.470925649,NENF
1.310543228,-0.567150116,NOL7
0.504258106,-1.462292353,ORF1
0.957462518,0.288213094,STUB1
0.008839819,-0.011411667,PACSIN2
0.399237569,0.580497742,MAGED2
0.629960128,-0.4348526,RPL26L1
0.504864392,0.702672323,C19orf53
3.711242263,1.288202922,SRRM2
1.320268264,-0.462125142,PA2G4
0.627541798,-0.110548019,SMC3
0.026553536,0.006306966,RUVBL2
0.825943428,2.595285416,HIGD1A
1.120485325,-0.403330485,RUVBL1
1.370332697,-0.62044398,NUDC
1.281025344,-0.204991023,VDAC3
0.998368747,0.639001846,CFL2
0.679928136,0.181288401,MRPS33
0.450866682,-0.200352987,NCKAP1
0.710205882,0.348285039,CNPY2
0.110538417,0.036342621,DNAJC16
1.073773688,-0.214615504,EPB41L3
0.75536025,0.248158773,GSTK1
0.288126081,-0.045328776,MRPS28
0.090459425,0.049264908,COA3
3.085701135,-0.747543971,POLDIP2
0.308289312,0.156224569,THRAP3
0.081528801,0.032582601,NOP58
1.012687106,0.532866796,MTO1
1.255226041,0.368207932,YARS2
0.007258578,0.043631236,COQ6
0.801061633,0.126024882,ACOT9
0.83093621,-0.198843638,TMX2
1.064631635,-0.170839945,LUC7L2
0.153707279,-0.056057612,MRPS2
1.613454719,-0.874125163,UTP11L
0.041561641,-0.032916387,SBDS
0.894771272,0.176173528,MRPL11
1.00186461,-0.362476349,NOP16
0.019478737,0.020151774,UFC1
2.649748166,-1.584807078,MSRB2
0.471732001,-0.099213282,MRPS16
0.762005434,-0.295399984,C22orf28
1.643771024,-0.618888855,RAP2C
0.312697906,-0.163604101,RHBDD3
0.777303878,-0.466590881,RPL36
0.632819506,-0.613330205,CHTOP
1.575175777,-1.186934153,TLN1
0.570953403,0.558486303,DAAM1
0.595066214,-2.729211807,TLN2
0.200509291,-0.026977539,AFG3L2
0.558882327,-0.251094818,SAMM50
0.698015405,4.278441747,TARG1
0.528637959,-0.205210368,YTHDF2
4.928763624,9.21999232,SUPT16H
0.463841559,-0.121766408,TIMM9
1.237002229,-0.524173737,TIMM8B
1.450186892,-0.540021261,TIMM13
0.190226818,0.061388016,SRPRB
1.450635978,0.28348732,FLVCR1
0.854700194,-0.676767985,UBIAD1
1.657367915,0.291154226,MRPS18B
0.053415376,0.06396548,COPG1
1.645579056,-0.354372025,AUP1
0.12842989,-0.30709521,CLIC4
2.25196174,-0.832371394,NFS1
1.381138457,-0.476866404,MTCH2
0.101080852,0.070925395,TEX264
0.142426077,-0.071938833,CEPT1
0.064771457,0.058511734,CSNK1G3
1.026969603,0.362640381,COX11
