minusLOG10p-value(GFP vs WT),Difference(GFP vs WT),Gene names

3.571267978,-0.836399078,ESYT2
1.820714477,-0.456450144,ILVBL
1.116585278,0.306014379,ACO2
1.688571117,-0.435983022,ADD1
1.572857479,-0.555451711,HLA-C
1.584954543,-0.770975113,NBAS
0.186621496,0.056409836,VWA8
1.655250259,0.296574275,GTPBP10
0.490455544,0.87901179,SUN1
1.995280829,0.336435318,MRPL42
0.754047739,-0.569058736,RPSA
2.545122552,-1.410368601,PIGK
0.242446577,-0.249287923,ABI1
0.676481906,-0.308621089,ATP1B1
1.849663454,-0.755004883,HN1L
2.943809266,-1.050099691,YIF1A
1.21838635,0.619565328,PTGES2
2.280725815,0.7854201,FBLL1
1.796438967,0.627201716,METTL15
1.829712552,0.508437475,MRPL23
1.517814134,0.678478241,NOC3L
0.476801197,-0.242860794,CNIH4
0.690850946,-0.746145248,CD81
0.016684687,-0.011388779,PIP5K1A
2.880071569,0.559265137,SELK
2.974138164,-1.2021993,MLLT4
0.791760982,-0.559172948,CDH2
0.194316273,-0.081407547,MATR3
0.13191868,0.167377472,NUDT19
0.310902877,0.156898499,BCKDK
0.446092369,-0.144599915,RAB34
0.420761641,-0.136681239,SRRM1
0.199485052,-0.162590027,EIF3L
0.970650061,0.538808187,EWSR1
1.01778867,0.814282099,APOC3
0.771045154,0.471110662,HMGCL
0.707017951,-0.357248942,OSBPL9
1.115400215,-0.5139033,TMEM9
0.780609085,-0.695085526,LPHN2
2.736309243,-1.813649495,SOAT1
1.761988959,-0.415334066,EIF3H
1.237603983,0.266506831,SNRPB
0.436418294,0.237738927,PES1
0.550158071,-0.561580658,AP1G1
1.006526375,0.159182866,CLN6
3.268567481,-0.851468404,LARS
0.124141915,-0.045453389,PUM1
1.550640702,-0.429611842,CANX
2.186161647,-1.059448878,CTNNB1
0.004773226,0.005281448,TAMM41
2.277592071,-1.500389735,EXOC7
0.253846177,-0.127171834,RAB5A
0.210916672,0.146420161,FDFT1
1.673821778,2.118373871,ISCA1
0.338441681,0.170792262,SNRPD3
0.53799651,0.360609055,CS
1.226292774,0.457692464,GCDH
1.468755274,-0.369927088,LSR
0.694296687,-0.170588811,SLC25A10
0.409670457,-0.644924164,PGS1
2.288855852,-0.629308701,DDX5
0.700155458,-1.628360113,KDSR
3.253363273,0.568276723,MRPL48
0.738236788,0.233579636,STRAP
0.454569978,-0.162819544,CNBP
1.384429707,-0.391685486,BCKDHA
1.32058481,-0.388100306,SEC61A1
1.488284595,-0.281279246,ALG5
0.213245564,0.063702265,PLOD1
2.727421139,0.719820658,MRPS27
2.162322731,0.757677714,EIF4B
2.08515852,-0.343013128,SRPK1
1.629394738,-1.077301661,MPDU1
1.666813556,0.441030502,LSM14A
0.845254327,-0.803074519,HACL1
0.911518411,-0.481843948,QARS
1.404933883,-0.251314799,ARL1
1.314679451,-0.346557617,SEC13
1.89088272,0.347588221,FOXRED1
1.542734546,0.545733134,PCBP2
0.273385119,0.062497457,HNRNPC
2.122543308,-1.215852737,NUP35
2.848824653,-1.383323034,COPB2
2.445636434,-0.906374613,STAM
0.159367686,-0.19917806,RALB
0.17640719,0.147097905,TRAM1
0.911894675,0.264285405,RAF1
0.79137777,-0.212924321,MST4
0.463518641,0.160228093,SRSF3
2.552445681,-1.176904043,SSR3
1.935819273,0.910311381,STOM
0.956843034,0.146881104,PDIA6
0.29791292,-0.122262319,02-Sep
1.409814031,-0.349205653,RFT1
2.553950101,-0.585198085,RAN
1.254490155,-0.922484716,EIF3C
0.045298243,-0.031159719,ATP6AP2
0.896235129,0.35477066,ATP6V1A
0.312460121,-0.494074504,WRB
0.501094439,-0.168071747,MFSD8
0.223236394,0.144809723,HNRNPUL1
0.368988844,0.517641068,INPP5K
0.414244535,-0.1577034,RRAS2
1.261562787,0.170365651,ATL2
2.795367047,1.084119797,DHCR24
1.362449988,-1.115481695,DYNC1I2
0.178945304,-0.21419843,SEC24B
1.203175819,0.967990875,SUMO1
0.822252766,-0.398445129,PTMA
0.528973484,-0.287542343,AGFG1
0.441060125,-0.308966319,ORMDL1
1.405044981,0.427845637,DIAPH1
0.174668077,-0.188431422,SSR1
2.698607854,-0.881710688,EEF1E1
2.779910781,-1.068026861,ARF5
1.136947162,-0.523393631,APOO
1.703293284,-0.636964162,ALDH5A1
1.577715272,0.335183462,COX17
0.560610264,0.362728119,SRSF7
2.960034338,-1.069512685,TMUB1
0.197858977,0.106261571,ACAA1
0.975200086,0.973000209,CYCS
1.55843905,0.593100866,MRPS34
4.501369919,-0.940800349,FARP1
0.514885418,-0.339091619,CRTAP
0.474412333,-0.359230042,STK11IP
2.829916762,0.42980957,CHCHD3
0.164483629,-0.15113004,L2HGDH
0.881579623,-0.450930278,TMEM106B
2.950652243,-0.480385462,CTNND1
0.328501114,0.187137604,TXNRD2
1.055527467,0.442970912,COX7C
2.193894212,-0.612171173,TMEM33
0.12835022,-0.129688899,MRPL27
0.027040299,-0.028130849,11-Sep
0.729236366,-0.512997309,STX18
0.99500503,0.697075526,COX7A2
1.712657989,-1.460259755,ELOVL5
0.010718268,-0.00851059,PPA2
1.214477757,1.817909241,TACC1
0.025719459,0.012933731,TCEB1
0.308193534,0.206239065,AP3B1
0.412960343,-0.289749146,ARMC1
1.32257324,0.30398496,MRPL13
0.748360864,-0.573650996,SKP1
2.879153508,-0.548737844,RNF5
0.330872612,-0.282485326,SQSTM1
0.73303638,0.416097641,AP3D1
0.751941621,0.387803396,RAI14
2.18558064,-1.29668045,KIAA0319L
0.428046897,-0.204934438,HK1
1.450008413,-0.486324946,SEC24C
0.917045073,0.766714096,CD44
2.6080802,-1.824227651,PRRC2C
0.904695625,-0.309449514,NDUFV2
0.011816149,0.018732707,IDH3G
1.990536728,0.82420222,FAM136A
2.084187069,-0.598920822,ATP2C1
2.113593406,-0.902447383,PSEN1
2.407948941,0.57506752,MRPL22
4.79031728,-0.792013804,NDUFA10
0.969671549,0.371640523,RPS24
1.806599668,-0.632244746,PCCB
0.392652721,0.178960164,MRPL3
1.257769427,-0.689409256,MARK2
0.66080733,0.261234283,GPX8
2.894820547,-0.540465037,ABCD3
1.954397272,-0.585144679,EIF4G1
2.411266751,-0.973169963,MPP2
0.265243471,0.210330963,MAP4
0.470413641,-0.137166341,PSMD2
0.091893844,0.060400645,EXOC6
0.025182178,-0.015656153,CALD1
0.485842303,-0.42119662,DCTN1
2.129494648,0.751825333,NT5DC2
3.617075796,-2.136702855,RAVER1
1.1595857,-2.087010066,NACA
0.736725737,0.300341924,PDHX
1.640660845,-0.317607244,SDHA
0.435481105,-0.352854411,PAICS
0.763136945,-0.504589717,GALNT7
1.289320738,0.501965205,AGK
1.820487856,0.544075648,CCNB1
1.774823669,0.698857625,OGDH
0.314084141,0.219286601,SMC4
0.298393314,0.768625259,CCDC18
3.476369944,-1.223993301,MYO1B
1.976304475,-1.240304947,DMD
1.076182375,0.41592598,WDR6
2.058245788,-1.051698049,NUP155
0.073789833,0.096597672,HADH
0.666416546,-0.151688258,TBL2
0.915649545,-0.486351649,ERGIC3
1.303005517,0.905338287,PRDX3
2.016511909,-0.337931951,TCOF1
3.040652591,-0.479365667,LANCL1
2.297155385,-0.905087789,EPB41L2
1.73705649,0.804281871,MTG1
1.047758016,-0.352118174,SPCS2
0.118371582,0.079437256,TMEM126B
0.886019758,0.197542191,EEF1D
1.070799156,-0.511083603,BCLAF1
0.099910093,-0.030422211,HYOU1
1.63044388,-0.949350993,MTFR1L
2.083324156,1.662526449,C11orf48
0.247583555,-0.439630508,NPEPPS
2.171580746,-0.749938965,LAMTOR5
2.152809135,-1.039753596,CD151
0.314654348,-0.081784566,RHOC
1.187307371,-0.217604955,NDUFS8
2.052777902,0.786012014,FAU
3.11008269,-1.007424037,NME4
1.337490391,-0.796072642,TMEM258
3.207779311,-1.517662048,RHBDF1
1.793777455,-0.362359365,JUP
1.857750854,0.947038015,CHD4
3.781675815,-1.012671153,PODXL
1.52912916,-0.532925288,TMED2
2.34792949,0.452543259,SUCLA2
0.053736436,-0.019746145,DAD1
0.79128849,-0.483655294,ATP6V0D1
3.653526217,0.451191584,LONP1
1.389635857,-0.580541611,NPTN
0.175170788,-0.07017835,PARD3
0.640306081,0.736199697,DHX36
4.848104608,-0.453637441,SLC3A2
1.146153561,0.619559606,PUS1
0.381769068,-0.587909698,GBA
1.589791462,-0.892630259,ANKLE2
0.000267198,-0.000111262,VMP1
1.167028229,-1.300656001,DCTN2
0.535282094,-0.469270706,EIF3A
0.285886979,-0.298842112,SEC23A
1.460811582,-0.686202367,TSG101
1.13519197,-0.654114405,ATP6V0A1
0.364086727,-0.218010585,NUP133
3.773967759,1.416095734,GRSF1
3.21259818,-1.412298838,TAP1
0.519001021,-0.166014353,MYO1C
0.050523708,0.09985733,MAGOH
2.212631233,-2.114696503,CDK17
0.6311073,-0.312042872,RPTOR
0.119528302,-0.046775818,TRAP1
1.700286583,0.429890315,IARS2
1.629976043,0.984318415,PDE12
0.168138566,0.095856984,CAD
0.028555182,0.017501195,DDX39B
1.629047203,-1.102135976,RITA
0.057930571,-0.037887573,PLXNA1
1.625980167,0.387866974,DENR
2.5841595,-1.257545471,CSRP2
0.520660598,0.225559235,SLC38A1
1.667469183,0.710126241,SMARCC2
0.423673956,-0.142954508,PPP1CC
1.824767866,-1.702769597,PRKAG1
0.278647733,0.234781265,AK2
1.916064422,0.386520386,MYL6
2.283584114,0.645156225,HNRNPA1
0.240149028,-0.057223638,UBAP2L
3.670510029,1.276734034,RPL32
0.344537439,-0.289978027,FAM162A
1.775659919,0.7710495,YTHDF1
0.580997438,-0.197397868,MACF1
2.309513694,1.392419815,TOMM5
1.708134237,-0.881036123,IGF2BP2
0.559711582,-0.235189438,STX3
1.256416506,-0.519095739,RCN2
2.704492374,-1.276362101,DTNA
0.828629193,-1.21767362,ALG3
1.081038632,-0.316675822,NDUFV1
1.177634363,-0.308710734,PON2
2.724432243,0.462055206,RPL18
0.522225525,0.559338252,ATP5J2-PTCD1
1.275415309,-0.692694982,CTAGE5
2.801819246,-0.52435557,NDC1
1.124312835,-0.518574397,MAP4K4
0.000830055,-0.001188278,RBM39
2.90849352,1.798212687,LAMB1
1.293302737,-0.455157598,RFTN1
0.175648666,-0.183169047,GPR107
1.536913971,-1.186295827,ITPR1
2.369444129,0.672632217,MRPS22
0.06808418,0.037255605,PDIA3
0.432636124,0.135238012,HNRNPH1
0.712540621,-0.554019928,SMPD4
1.294381564,1.331688563,MTHFD1L
0.190435665,0.136814753,SLC30A7
1.42138432,-0.806524277,ABCA3
1.918410595,0.366785049,MTX1
0.157221408,-0.04144605,CALM1
2.329204321,0.39826711,PISD
0.805932413,-1.315656662,EMC4
1.859239994,-0.492399851,CERS2
1.427039117,0.369584401,IDH3A
0.678603765,-0.300367991,SRP14
0.102133196,0.079027176,ALDH1A2
1.429388116,-1.241638819,RPS27L
1.070925029,-0.32672437,DDX17
2.151745386,-1.784998576,SPNS1
0.801023582,0.256771723,RNPS1
1.21362848,0.456591288,RSL24D1
2.590270283,-1.703584671,IST1
1.376137973,0.277743657,FUS
0.79137123,0.420382182,NDUFB10
1.681928136,-0.68160375,HAGH
1.066139734,-0.806998571,APRT
0.994415653,0.145477295,EARS2
0.093158446,-0.087411245,C16orf58
0.789991789,-0.61184756,LRRC57
1.663046443,-0.484326045,
3.427130151,-0.823752721,ATXN2L
2.471377697,-1.540234884,NOB1
1.581065925,-0.500190099,TMEM209
0.355175638,-0.291002909,PCMT1
0.634434278,-0.792441686,NUPL1
1.233403418,-0.362979253,PDIA3
0.241499427,-0.119608561,SUMO2
1.355467851,-0.379660924,YIPF4
1.488019491,-0.375484467,SLC35E1
0.976997184,-0.712461472,BET1
0.971714263,0.492173513,ART4
0.34572828,-0.21810468,NIPSNAP1
2.012560825,-0.534955978,DDX19A
4.359160238,-0.402530034,NSF
0.492720768,0.133584976,PAM16
0.009602596,-0.002534866,NEURL4
0.299339467,-0.136247635,MYBBP1A
0.954972208,-0.400376638,RPS15A
1.916041808,1.617553711,ATPAF1
1.601366117,-0.400730133,NUP88
1.943613635,-0.275332133,NDUFA13
1.98671089,-0.345384598,PI4KA
0.074724099,-0.034922918,OXA1L
2.607767779,-1.279907862,CYB5B
0.439769144,-0.50675265,CHID1
0.08255482,-0.099714915,ALDH6A1
3.962957472,3.305672328,TRABD
0.17276474,-0.140785853,PTRH2
2.046711421,0.313329061,FKBP8
1.926735212,-0.85468928,C6orf120
0.599949683,-0.292292913,APOL2
2.861655595,2.055042267,RPL36A
4.749954498,-0.936995824,IARS
1.357478718,0.353768031,IVD
1.633408521,-1.403206507,SLC39A11
1.740170709,1.177154541,RPL17
0.51460392,-0.172343572,ICT1
0.607396473,0.83082517,DCXR
0.888189203,-0.443859736,FBXL20
1.436334558,0.889309565,RPL19
0.26070443,-0.07818985,SRSF1
0.246191143,0.077749252,SCO1
2.121573406,0.402931213,MRPS23
0.564355356,0.253446579,MRPS7
2.143227773,-2.482436498,LIMD2
0.897026717,-0.336488724,FDXR
0.49470877,0.12852033,ALDH3A2
0.723018442,0.442814509,MYL12B
0.846749209,-0.910544078,YES1
1.008588762,-0.185691833,CHCHD6
3.096190877,-0.944880803,TMCO1
0.024110765,0.027403514,RPS15
0.257716801,0.150347392,EFTUD2
0.203024156,0.327922185,H3F3A
0.27450009,0.097488403,PRKCSH
0.941841463,-0.599937439,TMEM205
0.938639396,-0.492525736,PIN1
1.272410805,-0.248286565,SNRPD2
1.688253584,0.375947316,MRPL4
1.041563489,-0.442539215,DCAKD
1.20054909,0.50704511,SARS2
0.022918671,-0.03521347,C19orf10
3.699726652,0.949702581,FBL
1.091644048,-0.697340647,NUP62
0.579983085,-0.240082423,AP2S1
0.960411473,-1.081818263,HNRNPM
1.99343409,-0.30150032,RPS5
1.791130966,0.423079173,RPL18A
2.29579192,-1.006987254,EMC10
1.936146423,-0.47694842,AGPS
1.594558758,-1.075821559,KIF2A
0.655189278,-0.556776683,PDLIM1
0.237187664,-0.121558507,SNAP23
1.525369636,0.532364527,HAX1
2.898334006,-1.562986374,STXBP3
2.439003594,-0.516496658,PGRMC1
0.263826251,0.147292455,WWP2
1.209614656,0.625432332,IPO5
1.783542264,0.696671804,POLRMT
0.08104209,0.058661779,SAP18
0.377786132,0.149237951,IGF2BP3
2.237985872,-1.496028264,PIK3R2
3.591645007,-1.4629275,GOLIM4
3.642911248,-2.448091507,AGRN
2.041155679,-0.597829183,NDUFA4
0.881614398,-0.368857702,SDCBP
1.245060344,0.572674433,NOP56
1.743796481,-0.487916311,DDX3X
1.113153591,-0.526281993,SCD
3.152315106,-1.066937129,COX7A2L
1.925832917,-0.523539225,IRS4
0.161537971,0.0526371,ACOT8
1.085564017,-0.58812205,CDIPT
2.866573686,-1.150431951,PDCD5
0.662338905,-0.872406006,SLC9A3R1
1.15527307,-0.343183517,PSMA7
0.581579358,-0.310506821,SCAMP3
1.001839454,1.019599279,MGST3
3.459227854,0.454411189,TIMM23
2.289586036,-1.35344251,CASK
1.91077058,0.442155202,UQCRQ
0.091910913,0.109682083,RAB7L1
1.617745456,-0.579205831,CLGN
1.336577406,-0.556283315,PPP1R12A
1.693889867,-0.350982666,SLC27A2
0.361803606,0.122804642,HNRPDL
2.163609245,-0.650506337,XPO1
0.044199608,0.201687495,BTAF1
2.978278329,-1.852022807,PLXNB2
0.54086024,0.538183848,U2SURP
0.20287072,-0.57973671,KIAA0391
2.293432274,-0.625140508,SCAMP1
2.49181821,-0.381374995,SCAMP2
3.515362573,-0.793182373,PGRMC2
1.654637614,-1.208807627,GNPAT
1.184683665,0.517128627,MRPS12
2.466327077,-0.590883255,RER1
1.619040169,-0.511776606,SURF4
1.127421007,0.158222834,SPTLC1
0.952195749,-0.560432434,SPTLC2
3.609458823,-0.80258433,STX7
0.301811463,-0.286922455,ABCC4
1.320448592,0.57708168,YKT6
3.278281532,-0.645956039,PHGDH
2.725287732,-0.963700612,NDUFS4
1.912435278,-0.488876343,ZW10
3.060184818,-0.82926178,EMC8
1.713324141,-1.111867905,MBTPS2
3.185731033,-0.58098348,EPB41L2
1.740130327,0.676743189,TIMM44
4.730042381,-0.959035238,NDUFA2
0.046721546,-0.02714475,ACTN4
0.181786773,-0.346497218,SLC25A20
2.092697396,0.437782288,SCO2
1.855968623,-1.714814504,SLC37A4
1.257242735,0.236417135,IDH3B
1.605505083,-0.498364766,CALU
0.704160821,-0.6215566,AHCYL1
0.121334109,-0.120217641,NDUFS5
1.997410809,-1.082358042,PEX1
1.664614247,0.588561376,TIMM8A
2.078963407,-0.17053477,OPA1
0.63587161,-0.311341604,ACSL4
0.793829214,-0.211371104,SNX3
1.038750696,-1.07317098,STX10
0.064085875,0.034747442,SYNCRIP
0.805317953,-0.589412053,PLOD3
1.537394418,-0.576082865,ICMT
0.699570174,-0.160104116,DPM1
3.114235707,-1.980040868,USO1
0.759941889,0.741631826,MRPS14
4.216664665,2.863271713,HIST1H2BK
1.387720947,-0.606847127,CCDC22
3.50583019,-0.995741526,PRAF2
0.935069564,-0.380996068,EIF5B
0.175001729,-0.112000783,EDF1
2.503193225,-0.57009697,DNAJA2
3.387565905,0.497902552,ABCB7
3.488149588,-1.062102636,ROCK2
1.51757493,0.153268178,HIP1R
0.997762265,0.933677038,DNAJC13
0.357315052,-0.717933019,DNAJB6
2.89131707,-0.387260437,NDUFS7
0.13816671,-0.075410207,NDUFS2
3.050432323,-0.601962407,GBAS
1.374907412,-0.480926514,ATP6V1G1
2.369010055,-0.944075902,FLNB
0.327943357,-0.10273234,NDUFS6
2.028788401,-0.666435242,PEX14
2.485043153,0.707375844,MRPL33
2.051155918,-0.475451152,SEC22B
0.65132014,-0.442891439,PRPF40A
1.592871162,0.681216558,PMPCB
3.433276287,-0.901725769,ERLIN1
0.867768105,-0.180303574,NDUFS3
2.984206191,-0.84657987,ECI2
4.248194727,2.347621918,BANF1
0.194260373,-0.058818181,ERAL1
0.098335308,0.075939178,SNRNP200
1.411952744,0.967018763,TRMU
0.051933105,-0.030832291,SLC25A12
1.441836445,-0.383974711,ZMPSTE24
0.967377696,0.559213638,STAM2
3.122451049,-0.446198146,ATP5H
5.10934846,-1.411427816,FLOT1
0.841122508,0.422089259,ATP5L
0.32371824,-0.084300995,CPD
0.631062206,0.376622518,RSL1D1
0.298911246,-0.175041835,WFS1
5.428738147,1.423254013,CLPX
3.558901907,-1.096588135,SRP72
2.301136416,-1.286071142,B3GAT3
0.375897844,-0.132674535,TOMM70A
3.544241484,-1.064663569,UFL1
0.063212009,0.017246246,ERLIN2
0.969725528,0.227722804,GLS
0.979024013,-1.170180003,AP2A2
1.098905715,0.245522181,MFN2
0.582530056,-0.108304977,NDUFB4
0.634951202,-0.666083654,NDUFB8
1.607271636,-0.475100199,NDUFA7
0.586230031,-0.477888107,VAMP5
0.130282035,-0.099326452,RTN3
1.340303993,-0.232979457,LETM1
4.415786003,-0.80499649,VAPB
2.81763483,-1.290577571,MPZL1
0.420329281,-0.347304662,SMC2
0.493227746,1.770199458,UTS2
3.185632735,-0.921689987,SGPL1
2.802248111,2.957122167,NSA2
1.111170341,-0.440853119,MPC2
1.38015991,-0.206131617,ACSL3
1.412222304,-2.090108871,CDS2
0.367843526,-0.44891866,HERC2
0.432531641,0.384841283,RAB3D
0.638539422,-0.386642456,AP2A1
1.761717255,0.72177124,STAU1
0.380878995,-0.155855815,BAG2
1.408817118,0.335208893,AIFM1
0.003927384,-0.003583908,TXNDC12
0.929092754,0.456864675,CLPTM1
4.764864066,3.885669072,TOMM40
2.056439524,-0.672121684,PEX11B
4.493491801,-1.338022232,PAK4
2.024757443,-0.825773875,CYB5A
1.086168648,-0.279363632,LDHA
2.083865637,0.574502309,GLUD1
0.892564527,-0.17411232,CYB5R3
1.04166032,0.601987203,GSR
1.194442287,-0.537554423,MT-CO2
0.488913026,-0.287709554,GOT2
0.961208925,-1.100688299,PGK1
1.469394296,-0.847442627,NRAS
1.872961919,-1.09944725,KRAS
0.006929466,0.005442301,HLA-B
4.32134208,2.02558136,LMNA
0.053411505,0.018957774,TFRC
2.397527443,-0.682928085,MT-ATP8
0.454658707,-0.249169032,ALDOA
1.056075438,0.455884298,APOB
1.223014923,0.383740107,OAT
0.069382655,0.049968719,GAPDH
1.941454342,-0.557072957,HLA-A
1.671302697,-0.635618846,TP53
3.039418409,-0.836083094,RPN1
0.124070545,-0.039110819,RPN2
3.231923441,-0.632347107,GNAI2
1.986253153,-0.341538111,ATP1A1
0.041589208,-0.126163483,ARG1
0.379263452,-0.145282745,ALDH2
0.454654286,0.057929993,SLC25A5
0.806475857,-0.248402278,EIF2S1
1.558493255,1.085482279,HMGN2
0.601878491,0.864814758,RPLP1
1.813416838,0.472562154,RPLP2
1.004567151,0.248957316,RPLP0
1.212277271,-0.451076508,ITGB1
1.729865637,-0.614407221,KRT18
2.764450975,0.322680155,MYL3
0.418563692,-0.247208913,GLA
0.3881577,0.075604757,CDK1
1.224826188,-0.157221476,ATP5B
0.629603488,-0.164213181,ENO1
1.012458868,-0.130072912,NPM1
2.694128335,-0.759806315,TPM3
3.441399955,2.947172801,HIST1H2BJ
0.192074858,-0.16778183,EPHX1
1.117583507,-0.241950353,LDHB
0.532407545,-0.190340678,P4HB
0.822153943,0.941929499,CTSD
0.15964855,0.046689987,ANXA2
1.220543749,-0.174628576,TUBB
0.076740057,0.108917236,PFN1
2.681590696,-0.598775864,EPRS
0.527958902,-0.224455516,HSP90AA1
0.153154662,-0.048243841,UQCRH
2.101799512,-0.564581553,LYN
0.56700008,-0.211117427,FH
1.090436267,0.274937948,HSPA1A
0.028144805,0.021973292,PFKM
0.930634466,-0.415623983,HSP90AB1
2.177354188,-0.418942769,SRPR
0.351052985,0.152354558,ASNS
0.958524984,0.326450348,PDHA1
1.464469765,0.951325734,CYC1
0.005652735,-0.001792272,SNRNP70
5.570525603,-1.209331512,VIM
0.804771628,-0.600081126,RPS17
0.962430294,-0.232191722,GNAI3
1.969575857,1.262185415,HMGB1
2.332245022,-0.840614955,CLTA
3.898044221,-0.701102575,CLTB
2.039483846,-0.563940684,CNP
1.879296409,0.421784083,DLD
0.248755765,0.091065725,COX6C
4.154068633,2.913578033,PARP1
0.061949773,0.030135473,UCHL1
1.119774817,1.47785759,H2AFZ
1.941241035,-0.821454366,CISD3
0.860192454,0.517922719,FDX1
2.26737429,0.549576441,HIST1H1E
0.378597168,0.133082708,DLAT
1.987323852,-0.779913584,PTPRF
0.371586601,-0.198778788,TXN
4.391089462,-1.003882726,COX5B
2.395521471,0.450233459,HSPD1
2.767289692,0.64642334,HSPA5
2.184784419,0.402868271,HSPA8
0.324285374,-0.364885966,SLC2A1
2.386490496,-0.429552078,EPB41
0.202882684,0.071434657,PDHB
3.29981688,1.260361354,DBT
2.298053428,-0.635931015,RALA
0.801716802,-0.136384964,LAMP1
0.580055341,0.251903534,ACADM
3.902626659,2.06576856,TOP1
1.956843154,1.695631663,TOP2A
2.373193668,0.614192327,PC
1.992355268,-0.278936386,MTHFD1
0.520375563,-0.111083984,IGF2R
0.867207972,0.078520457,PABPC1
0.308604786,0.294703166,PCNA
0.624806089,0.273629506,SLC25A4
1.67502909,-0.365762711,SLC25A6
0.57528221,-0.485410055,CKB
2.024111445,1.367054621,CKMT1A
3.950620169,-1.434437434,SRC
3.94823882,2.429368337,XRCC6
3.195757334,3.127747854,XRCC5
0.065873786,-0.051214854,COX4I1
1.378325903,-0.661587397,NCAM1
1.091159633,0.48129336,EEF2
0.647733508,-0.397438049,PDIA4
1.331200749,-0.744194031,P4HA1
2.24997047,0.524857203,PLS3
0.607776078,0.314070384,ETFA
1.978909521,-1.404933294,PRKAR2A
1.38109909,0.806863785,MTHFD2
0.028297013,0.01711909,PKM
0.091622767,-0.047751109,HSP90B1
2.748892353,-1.398728053,COX6B1
0.427496602,0.227542877,HNRNPL
1.114303485,-0.662258148,DARS
1.075782531,-0.500895818,JUP
1.473180712,0.743962606,UQCRB
3.984562488,-0.676256816,PVR
0.384800344,-1.557515462,MYOD1
0.175636637,-0.092964808,EZR
1.637198303,-0.445672989,RPS2
1.338316665,-2.058077494,DSP
0.905499882,0.520613988,CBR1
0.797457478,0.37386322,HIST1H1C
1.087174266,-0.602087657,POR
1.722381784,-0.297242483,ATP2A2
2.370223828,-1.419804891,STMN1
0.176935413,0.053568522,YBX3
2.676630756,0.333839417,HSPA6
1.454458046,0.532039007,HMGA1
1.864840965,-1.768506368,NDUFB7
0.112517146,0.099274317,PRKACA
1.138715623,-0.387154897,CTPS1
0.017356135,-0.020540237,PFKL
0.309829484,-0.400517146,LGALS3
1.006059031,-0.367226919,TCP1
2.626444003,-0.601620356,PTPN1
0.395744553,0.115264893,RPL35A
2.369148797,-0.419813156,ARF4
1.054053008,0.159652074,RPL7
0.918383405,-0.455521266,PGAM1
1.059491223,-0.457577387,ATP5J
4.086577126,3.415751775,XRCC1
1.364177089,-0.239893595,NCL
0.452798739,0.230356852,EIF2AK2
2.158524057,-0.324712118,ATP2B1
0.467345283,-0.090151469,EIF2S2
2.422328697,-0.494281133,RAB4A
2.249131672,-0.590439479,RAB6A
0.167627507,0.087222417,M6PR
0.490400036,-0.191941579,COX5A
1.244516272,0.204153061,LMNB1
0.564287082,-0.192538579,ATP6V1B2
3.479790939,-0.403027217,FLNA
3.987590065,1.064380646,VDAC1
1.356736436,-0.292816798,SDHB
0.644950776,-0.310997009,BCKDHB
3.535730689,-1.07504336,COMT
0.857357272,-0.410520554,MUT
1.530330035,-0.980056763,OSBP
0.875839472,-0.332615534,GART
0.728763647,-0.490917842,SCP2
0.575533781,0.442292531,NME2
1.833172808,0.3326931,HNRNPA2B1
1.919083275,0.63082695,UQCRC2
3.137305608,-0.716669083,FECH
0.405259136,0.301118851,SFPQ
0.112231111,-0.060783386,TUBG1
0.418318819,0.292500814,PPIB
0.15459518,0.134057363,ME2
0.684579511,-0.363183339,GLDC
0.633577373,-0.129523595,RPS3
0.550427143,-1.110993703,AHCY
1.32668064,0.131807963,CFL1
0.916226333,-0.681821823,ATP2B4
1.306563791,-0.984887441,CPT2
1.023218342,0.870100657,COX7B
0.755627768,-0.080528895,ATP5F1
2.910938349,1.202617645,PRKCH
0.615938799,0.397797267,ACAT1
0.963727408,-0.249093374,RPS12
2.578703426,-1.600378672,FAS
2.141939572,-0.179358164,ATP5A1
0.23445655,-0.120430628,MSN
2.315766741,0.863965988,U2AF2
1.129290475,0.775994619,RPL13
0.219507206,-0.14538002,HMGB2
2.264173103,-0.131204605,PTBP1
0.447959335,0.253588994,TARS
0.174066182,0.106772105,EEF1G
0.369655926,0.234515508,AK4
1.392358786,-0.587677638,YWHAQ
0.946660268,-0.538937251,MARK3
1.483345164,0.47040685,RPL10
4.541793183,4.218730927,RPA1
0.950467175,0.377072652,CALR
4.816108945,-0.52203242,NDUFS1
0.888978642,0.379361471,MAPK1
0.62327061,0.568671544,LAP3
2.588617188,-0.633650462,EPHA2
3.530626506,-1.010758718,MARCKS
1.854185163,-0.855299632,GNA11
0.286075805,-0.165308634,ALDH4A1
0.263146616,0.17300415,ERP29
0.237901694,-0.692853928,PRDX6
0.456313746,-0.529693604,C21orf33
1.715052632,1.033415476,PRDX5
2.354852396,-0.351846059,ATP5D
0.007757887,0.001824697,RPL12
1.037556641,0.390390396,ECHS1
0.420751506,0.307943344,PEBP1
0.272679448,0.211303075,PPP2R1A
2.641301301,0.755817413,PPIF
2.501262967,-1.006900787,HMOX2
0.981340304,0.618991216,LRPAP1
1.168624022,-0.84096845,SLC7A1
1.291939044,0.654616038,ALDH1B1
0.039519751,0.02829361,DNAJA1
3.828041339,0.500882467,UQCRC1
0.665769159,0.20976003,HNRNPH3
0.226783739,-0.168509801,YWHAB
2.173318732,-0.650912603,STIP1
0.233633703,-0.220437368,PRDX2
2.110471759,0.641787211,GK
0.857961367,0.348587672,PYCR1
0.50414578,-0.111399968,RPL9
1.225348535,0.356829961,KIF5B
1.406535523,-2.20075798,ABCC1
0.545640217,0.366560618,MCM5
0.590531797,0.282708486,SHMT2
1.725364598,-0.910861333,HSPA4
2.01255088,-0.575738271,CTNNA1
0.459128977,-0.089228312,PHB
0.54457911,0.314072927,RDX
0.597196984,0.588071187,RFC1
0.071873152,0.059367498,RPL22
2.973733259,0.457497915,MYH9
0.587014397,0.038445155,MYH10
1.067692927,-0.54194959,BSG
3.354226429,-0.696641922,NUP214
0.112864513,0.102404912,DEK
0.846604774,0.752735774,ARL2
0.512491437,-0.647052129,TRIM23
1.465796148,-0.179405848,ATP5C1
0.120744078,0.079622269,ATP6V1E1
1.85653252,0.392097473,RPL4
2.663919659,0.674482346,DLST
3.116292487,-1.201660792,TAGLN2
1.155178253,0.451844533,ETFB
1.866383817,0.232114156,RBMX
1.147537061,-0.58859698,GGCX
3.723882356,1.091677348,HSPA9
1.123367629,0.535633087,EIF4A3
1.270570971,-0.490842183,RPS19
0.194104368,0.067884445,RPL3
0.198907397,-0.100793839,DDOST
0.514018925,0.154632568,FEN1
1.653023392,-0.615248362,CCT6A
0.651187969,0.107452393,RPL13A
0.439904266,0.333645503,MDH2
0.029611605,-0.01402537,HADHA
0.673992095,-0.083857218,EIF2S3
0.717425019,-0.356875738,BUD31
0.039013766,-0.048482895,GARS
1.062321486,-0.299826304,SLC19A1
0.019307607,0.028779984,PRKCI
2.434756177,-0.851183573,ECI1
0.849267998,0.225264867,TMPO
0.254050786,-0.116072337,TMPO
0.330980284,0.160535177,MTOR
0.95590901,-0.344761531,RPS27
0.519535317,0.169541677,LRPPRC
0.104791869,-0.078751882,ACAA2
4.309873206,2.179276148,RPL35
0.760419723,-1.281764348,PRCP
0.190248195,-0.417914073,MSH2
1.35384778,0.293635686,GPD2
1.716774774,-1.047653834,RANBP1
1.072980181,-0.724280675,NAMPT
0.74135185,0.281663895,TSFM
6.456330706,1.86628596,VDAC2
0.657570436,-0.209403992,ACADSB
1.585298407,0.861510595,MKI67
0.019994251,0.006625493,RANGAP1
0.983576523,0.234871546,NOP2
0.391836737,-0.706586202,MTIF2
3.822806142,2.456471125,RPL27A
1.434833464,-0.464940389,RPL5
4.449252559,1.009251277,RPL21
2.3064744,0.708437602,RPL28
1.725084151,-0.216596603,RPS9
0.751671845,-0.393477758,RPS10
0.398412123,-0.124146779,MAP1B
2.4678901,-0.737273534,UTRN
0.147953045,-0.07663854,IQGAP1
2.112604768,-0.44373258,STT3A
0.394809554,-0.356656392,CAPZB
2.161595675,-1.119962692,EIF1AX
1.445553178,0.24895668,RPL29
1.46390475,0.460988363,UQCRFS1
0.564738044,-0.077571869,ATP5O
3.410636812,-1.356232325,ARCN1
1.586830484,-1.524632772,LSS
1.423268173,-0.5164814,CCT5
0.188555764,0.096619924,PTDSS1
1.457967993,-0.699333191,IDH2
2.449180402,-0.913256963,MARCKSL1
1.337835109,-0.768793106,CAMLG
0.473036968,-0.304100037,ALDH9A1
2.108370635,0.389508565,RPL34
0.915190982,0.996507645,RPIA
3.146253793,-1.36039861,LMAN1
0.934041942,-0.633967082,FASN
1.838497092,-0.440226873,CCT3
0.877858648,0.746819814,MRPL19
0.261106744,0.081986745,TUFM
2.154744138,-0.829969406,ALDH7A1
0.179298901,-0.106295268,SRP9
1.624885948,0.860190709,HARS2
1.872295683,-0.810382843,ACADVL
5.62820728,-0.925619125,TMED10
0.251454163,0.155004501,NUMB
2.553709201,-0.553304036,RANBP2
0.391332643,0.219444275,GSK3B
1.952208862,3.220738093,LIG3
0.949622177,-0.26233991,PPOX
1.375741322,0.437856038,EMD
2.20367011,0.315071742,SERPINH1
0.853961132,-0.513654709,ST13
2.320561498,-0.631197611,DNM2
0.034453602,0.016716639,RPL14
1.503601303,-0.42648379,CCT8
0.858751426,-0.238389333,CCT4
0.772798693,-0.268006007,FXR1
1.165871495,-0.182727814,FXR2
1.157397271,-0.191305796,RAB5C
1.526380434,-0.30045255,RAB7A
2.865609567,-0.734003703,RAB9A
0.576408583,0.208089193,RAB13
1.809722697,0.961473465,DAP3
1.261664632,-0.382395426,SSR4
3.618310762,-1.402638117,BCAP31
0.55189528,-0.207661947,HSD17B4
3.044657497,-1.235436757,VAMP7
1.147524545,0.367196401,HNRNPA3
0.533579678,-0.21040535,HNRNPM
2.274732101,0.70795695,KPNA2
0.675919277,0.25394694,SLC7A2
0.878526716,0.434321086,HNRNPF
2.130175007,0.925374349,KIF11
1.353794214,-0.25275739,CAPZA1
1.979036801,-1.576426824,NUP98
3.520470182,-1.245833715,SLC25A1
1.170385549,0.465007146,SUCLG1
2.712477621,-1.070814133,COPB1
3.795256525,-1.185201645,COPA
0.981154328,-0.319232941,SLC16A1
0.599725643,-0.242432276,SUB1
2.749118818,3.31556956,POLG
2.536841778,-0.671818415,RARS
0.438599612,-0.124334971,YARS
1.856316418,0.846537272,ATP1B3
1.383017439,0.364906947,ALDH18A1
0.337830602,-0.277391434,NAPA
1.22929525,-0.236198425,SLC12A2
1.362206779,-0.30578359,VCP
0.85543834,-1.069845835,MFAP1
0.203194582,0.076494217,HADHB
1.976115002,0.831535339,NHP2L1
0.647054947,-0.217650096,OXCT1
0.13905617,0.049126307,EIF3B
1.690212682,0.64434433,ATP5J2
2.581685074,-0.51394399,NDUFV3
1.53335001,0.420255661,RRP1
1.742827882,-0.890504201,MARS
3.654048687,-3.094115575,MAZ
0.61103898,0.266890844,MP68
2.725787511,-0.507415136,ATP5E
0.07179753,-0.058076223,ATP5I
0.503525033,0.222028097,EIF6
0.665841746,-0.490112305,NDUFA6
3.36178329,-1.218069077,STX17
4.810961657,-0.779690425,NUP107
2.347037943,-1.241996765,YBEY
0.558928337,0.253365199,TPI1
2.887318848,-0.88358434,EIF3E
1.184915517,-1.25267601,SEC61B
1.380995476,-0.754071554,ACTB
1.923915255,1.114049911,EIF4A1
2.085182731,-0.635810216,RPS20
1.183262377,-1.911596298,PRPS1
0.005702868,0.005398432,S100A10
1.866815024,-0.642515182,CDC42
0.005141911,0.012954076,DSTN
1.549957683,-0.286832174,RAB8A
0.68162537,-1.19814682,SPCS3
2.79864263,-0.585105896,RAB2A
0.332956442,0.137976329,RAB5B
1.474105767,-0.57987531,RAB10
1.375789664,-0.339139303,RAB14
0.984967746,0.629449209,ACTR3
2.553329823,-0.816260656,ACTR1A
0.968409652,-0.500893911,ARF3
1.736879787,0.525515238,ABCE1
0.389919023,-0.169683456,RAP1B
2.661110372,-0.713294347,RAP2B
0.557579663,-0.186475754,RPS3A
1.829197839,0.886004766,RPL26
0.800159805,0.242472967,RPL15
1.868079819,0.639222463,RPL27
1.941541764,1.142035802,RPL37A
2.610460593,-0.494541168,RHOA
0.252912392,0.305615743,HSPE1
2.647228305,2.582259496,RPL37
0.190631351,-0.060695648,WDR5
0.816904707,0.262231191,HNRNPK
1.911984961,-1.103265762,YWHAG
0.461170476,0.063304901,TIMM10
1.937925168,-0.529321671,RPS7
0.412184448,-0.112795512,RPS8
0.229365645,-0.110042572,RPS16
2.646534675,-0.668814977,YWHAE
1.144342938,-0.78512001,RPS14
1.69170809,1.138881048,RPS23
0.100872393,0.057860057,RPS18
0.807446925,-0.747931163,RPS29
1.331830601,-0.655954361,RPS13
0.935863914,-0.578596115,RPS11
0.419885805,-0.215344747,SNRPF
0.61543122,-1.189479192,SNRPD1
1.066717497,-0.898352305,ARF6
2.533774847,0.381130854,RPL7A
0.937512616,-0.114517848,RAB11A
0.028221666,0.021621068,ETF1
0.185550975,0.071968079,RPS4X
4.636374467,-1.424346924,RHOB
2.472873473,0.524243673,RPL23A
1.656508771,0.797978083,RPS6
2.268556379,2.539279938,HIST1H4A
2.160420265,-0.379113515,RAB1A
0.655125458,-0.390780131,RPL23
1.862832747,-0.582816442,RAP1A
2.457974451,-0.619040171,RPS25
2.846041038,1.440912882,RPS26
1.057325095,0.520036697,RPS28
1.094100283,-0.276594162,GNB1
1.5919961,-0.353551229,GNB2
0.589422303,0.338003159,RPL30
2.066254884,0.943248113,RPL31
0.340719936,0.059906006,RPL10A
0.102829008,0.018989563,RPL11
0.361565958,-0.076904933,RPL11
2.606193863,0.410556793,RPL8
0.251183844,-0.172515233,PPIA
0.044066802,0.037013372,RPS27A
1.139365883,1.062181473,TRA2B
1.933049216,-0.530245463,RAC1
2.323955462,-0.64895757,AP2B1
2.538585915,-0.76967748,GNAS
0.959330361,-0.746370951,GNAS
0.644898607,-0.304292679,YWHAZ
0.181321269,0.270747503,PPP2R2A
0.957755725,-0.31919988,DYNLL1
0.854984409,-1.048399607,RPL38
1.362740228,-0.707871119,GNG5
0.793677251,-0.622156143,RPS21
0.075589014,0.078678767,EIF5A
0.420668173,-0.375883102,GNB2L1
1.348312897,-0.407559713,ACTG1
2.339865531,0.6251297,YBX1
2.103841794,-0.470544179,ACTA1
0.23697278,-0.049802144,EEF1A1
1.952512434,-0.20177269,TUBA1B
0.685857436,-0.212471008,TUBB4B
1.066647971,-0.295196533,CCT2
0.850940924,-0.323687236,RAE1
2.948302344,0.48731041,PRKDC
1.708774258,-1.741065979,NUCB2
3.531450995,-1.018610001,BASP1
0.944553895,0.997804006,DCD
0.509062259,-0.443663915,TMF1
1.871295006,0.615134557,MRPS25
0.555853102,0.211896261,MRPS35
1.75462749,0.397598267,MRPS5
2.089727049,0.914635976,MRPS36
2.982164538,1.213708242,MRPS11
2.810827892,1.004032135,MRPS15
4.077202128,1.408742905,MRPS21
0.600624172,0.13247935,MRPS6
2.716493808,0.580038706,MRPS9
2.906103557,1.982778549,RPL24
2.296013518,-0.576349258,ERH
1.538132737,1.46568044,RHOG
3.12753115,-1.962593079,EFNB1
1.019549687,0.164082209,TFAM
0.932843708,-0.132398605,SLC25A3
1.091206623,0.731678645,HDLBP
2.322809881,-1.267360051,CDC42EP1
0.372768209,-0.212326686,CLTC
0.457580188,-0.341750463,FKBP3
1.360785231,-0.868046443,REEP5
4.116981264,0.549141566,HNRNPU
2.756710363,0.949834824,U2AF1
0.885613178,0.223315557,SPTBN1
1.514661552,-0.568625768,SET
2.386636992,-0.931892395,CAP1
2.163238699,-0.708914439,SLC7A5
1.153359413,-1.383036931,PFKP
0.574164527,-0.40642039,FKBP4
1.96627006,-1.031951904,NUCB1
2.165263523,0.489135106,RPL6
1.315031175,-1.158962886,AKAP12
0.213208218,-0.069420497,SLC25A11
2.957454442,-1.139874776,CAV1
2.407376117,0.360891978,LMNB2
2.898465939,-1.586999257,TAP2
0.252451338,-0.249437968,SSBP1
0.56580558,-0.521818161,PRKCD
0.683209368,0.502349218,COL14A1
0.399662563,-0.136084874,FMR1
0.081992332,0.014508565,PRDX1
0.655961317,0.2460982,C1QBP
5.165656814,-1.169069926,CKAP4
0.769013343,0.428935369,KHDRBS1
0.323040225,-0.188409805,SRSF4
1.544185907,0.593777974,DHX9
0.798502448,0.826751709,CRYZ
0.860787371,-0.529865265,GOLGA3
2.751049633,-1.009258906,GOLGA2
2.442392062,1.634682337,NSUN2
1.147979451,0.511367798,RBBP4
3.558883299,-0.658530553,AHNAK
0.59916735,-0.706907272,MGAT2
2.069694735,-0.94087855,GALNT2
0.990712742,0.4525973,PMPCA
2.473777548,-1.068652471,KIF1A
1.33800514,-1.256790161,ASPH
0.704131774,-0.374195099,AIMP1
0.380288405,0.179703395,ILF3
1.146788712,-0.252253215,LMAN2
1.109209994,0.679829915,PTPN13
3.105596344,-1.663824081,DLG1
0.281481725,-0.175708135,BNIP1
0.675863567,0.43678538,ECH1
1.485178245,0.379676819,MRPL28
3.390685724,-1.032800674,PRKAA1
1.138717348,-0.618694941,PPFIA1
0.072160126,-0.037095388,HNRNPA0
1.201342503,-0.603296916,AIMP2
0.675969812,0.370936712,PRDX4
1.114626181,0.857543945,CBX3
2.436026821,-2.223867416,STX5
1.05104078,0.487106323,DNAJC3
0.497494917,0.152963003,SRSF9
0.201652004,-0.046661377,SRSF6
0.756782728,0.297706604,TRIM28
0.993229732,-0.330369314,G3BP1
3.224750513,-1.570632299,PTK7
0.213531655,-0.014790853,PABPC4
0.38022019,-0.188098272,EIF3I
2.012911295,0.394342422,MRPL49
3.001344277,-0.910984675,NNT
3.342536388,-1.312762578,SNTB2
0.237225534,-0.061491013,SF3B2
1.534146367,-0.526298523,PICALM
0.356523674,0.186551412,IQGAP2
2.738925781,-1.341809591,STIM1
0.178514959,0.134678523,TRA2A
1.313156314,-1.146925608,PEX6
1.557490684,-0.592341105,FHL1
1.851586283,-0.602961222,MOGS
2.71679823,-1.680066427,PMAIP1
1.46645694,-0.633103689,ARFRP1
1.75516568,0.228613536,SPTAN1
1.381087202,-0.68115298,SNTB1
2.094589685,-0.816504796,CUX1
1.409045024,0.956128438,CKAP5
0.602207682,0.189301809,HNRNPD
4.18340786,-1.420946757,SCARB2
3.471395591,-1.004086177,DSG2
2.747419471,-0.642441432,SCRIB
1.370152977,-0.444794337,MLEC
0.325390042,-0.128423055,DYNC1H1
2.334927181,-1.678031921,MAP7
0.971658924,-0.974259694,CTTN
4.320020122,-1.411373138,FLOT2
1.608043569,-0.339032491,CAPRIN1
0.699900362,-0.237428665,PDIA5
3.522892619,-0.767719269,ITPR2
4.664867122,-1.653022766,ITPR3
1.519455464,-0.445161184,CLINT1
1.428987455,-0.503920873,SMC1A
0.10246961,-0.136908213,RRP1B
0.495261115,0.473101934,MESDC2
0.497233487,-0.165184657,GANAB
1.435151747,-0.179498672,LBR
3.456752704,-0.445743561,GOLGB1
0.750624294,-0.215017955,RAB39A
0.277803504,0.260925293,KPNB1
2.202527276,-0.650404612,NOLC1
0.119201128,-0.08299764,NUMA1
2.924439661,-1.231744766,SLMAP
4.595811696,-1.082736333,EMC2
0.666741914,-0.127967834,LARS2
2.702390268,1.250132243,SLC39A14
3.653961433,-1.235238393,KARS
2.635713616,-0.574714661,EEA1
0.007402593,0.003616333,PDK1
1.161992282,0.295841853,PDK3
0.553203798,-0.169803619,NOMO1
0.19221379,0.3242232,PPA1
0.292657325,0.088662465,NONO
1.071135006,-0.179735819,RAB35
1.874233371,-0.432254791,RCN1
2.428306428,-1.638657252,LLGL1
1.836890312,0.390749613,PCBP1
3.054611181,-1.304179509,RHEB
0.284822012,0.332793554,TOMM20
0.161444591,0.142551422,SF3B3
0.003077842,0.005885442,SAFB
0.186076599,-0.097782771,SEC23B
3.113491435,-1.230385462,SLC9A3R2
1.115941209,-0.539664586,SF1
0.00988211,-0.008602142,TRIP13
0.218181702,-0.357641856,MAPRE1
0.949507791,0.175214767,ELAVL1
1.64661832,-0.965511958,NSDHL
0.59000665,-0.093111038,SLC1A5
2.189203935,-0.757368088,VAMP3
1.041951348,-0.276410421,07-Sep
1.126046886,-0.939864477,PKN2
2.959653833,-1.235036214,DPYSL2
0.120766535,-0.130722046,OCLN
1.728787391,-2.169452667,DBN1
0.566029538,0.193491618,NDUFA5
2.822974533,0.365852992,CLPP
1.112754887,0.303021749,TST
3.116926026,2.904179255,HIST2H2AA3
0.388193363,-0.232990265,NDUFA9
1.671221416,-0.720655441,PCK2
2.686663142,0.535998027,IMMT
0.574423873,-0.236804326,LEPRE1
0.300827293,-0.459434509,HSDL1
1.226168823,-0.956017176,ARL13B
3.137146841,0.939281464,TIMM50
0.607090814,0.289061864,NADK2
0.233118018,-0.210812251,GXYLT1
0.467987596,0.43259875,ACSF3
1.514225447,-0.610244115,ANO6
1.400787047,-0.633189519,TMEM259
0.001105059,0.001456579,AGPAT9
0.010988462,-0.003495534,HSD17B12
1.654513621,-0.531153361,RABL3
0.426124618,0.499600093,COQ5
2.180152554,-0.880502065,MOV10
3.272962618,-0.513157527,MIA3
0.442169132,0.276738485,PHF6
1.810635859,0.595714569,PITRM1
0.753370541,-0.202199936,COA6
0.330860059,0.098447164,TOR1AIP1
0.013189437,-0.006937027,AARS2
3.016555953,-1.392955144,DLG3
0.346996428,-0.119311015,TMEM230
0.428285524,0.461773554,UBE2NL
2.439106185,-1.269975026,SLC27A3
1.124994442,-0.5382061,SPECC1
2.443883982,-1.489540736,MRPS18A
0.68011141,0.369522095,RALY
2.29794361,-1.114082336,VARS2
0.091300686,-0.017003377,RARS2
2.6498028,-0.890722275,FKBP15
0.840822998,0.406939189,C9orf114
4.168591732,1.03136762,IBA57
2.075470336,0.662159602,MRPL2
3.96710822,-0.642902374,ADCK3
2.901519204,1.788955053,ATAD3B
0.07131204,0.054893494,MNF1
0.748432143,-0.247971853,MINOS1
1.068661849,-1.026352564,CROCC
1.573329309,0.394064585,LYRM7
3.144841106,-1.449954987,GHITM
0.801126735,0.618352254,PRPF38B
1.059289578,-1.115435918,CDKAL1
1.15848375,-0.286125183,ARHGEF2
0.480253175,-0.378683726,LRRC16A
0.05612354,-0.058111827,QIL1
1.09417538,-0.357477824,STEAP3
1.110648826,-0.456586838,GLT8D1
2.574957256,-0.610571543,LAMTOR1
0.015252661,-0.006602605,DHRS7B
3.480189015,-2.322736104,RAB12
0.341110629,-0.136196136,SLC25A24
0.610538579,-0.360373179,TMEM214
2.413912875,-0.528168996,PTRF
0.126050558,0.114220937,RPUSD3
0.502073962,0.568661372,LPCAT3
1.005899489,-0.690365473,MRPL14
0.39629581,0.147948583,SLC27A4
0.108178019,0.068452835,EDC4
1.535572923,-0.349177678,PRPF8
1.077760158,0.338640849,SFXN4
1.22404387,-1.081534068,CASC4
1.53646728,0.675443649,DARS2
1.438430828,-1.449157079,RHBDF2
0.232978189,0.159723918,CCDC137
0.49624956,0.168312073,LARP1
0.548750698,-0.115082423,SLC30A9
1.77382721,0.357526779,SARM1
2.671013014,0.715273539,MTHFD1L
0.141958994,0.067796071,LCLAT1
0.204240337,-0.191155116,DHRS13
2.829778485,1.477085114,APOOL
1.978637855,-0.902614594,PTPLB
0.180692731,0.053752263,HSDL2
2.883551729,0.829034805,NFXL1
1.156309647,-1.271360397,QSOX2
1.118571453,-0.753933589,ACSS1
2.611653063,-0.557577769,TMTC3
0.183634506,-0.168024063,ACAD11
3.797899983,3.035544078,USP30
2.732337472,-0.887475967,IKBIP
2.92960187,2.403242111,HIST2H3A
0.227621847,-0.038103104,LARP4
0.27475703,-0.128484726,SND1
0.301062007,0.106011073,COX15
0.485731699,0.295771917,DDX46
1.772864041,0.472281774,TRMT10C
3.551381456,1.052672068,DHX30
0.448558068,-0.465933482,CYFIP1
2.890816195,-1.288848241,LPCAT2
0.524828672,0.257318497,TAOK1
0.649959318,0.43430837,FASTKD5
0.589235544,-0.094074885,ZC3HAV1
1.240259091,0.675959269,MRPL21
0.500520219,0.120570501,MAVS
0.171256717,-0.263224284,GOLGA7
1.552988881,0.157219569,MRPL55
2.164432104,-1.108563741,TMED4
2.182100082,0.429258347,MRPL10
1.88244072,0.928534826,GLRX5
1.162501778,0.615485509,ACOT1
1.951997512,0.437931061,MTDH
0.150098399,-0.181611379,AGPAT6
2.838466481,-0.519842148,KTN1
0.279746643,0.096040726,NLRX1
1.580259512,-0.677660624,TXNDC5
2.075893927,2.1665109,ALYREF
1.40730872,-0.675447464,CAND1
0.528395795,-0.433270137,RPS19BP1
1.265902084,-1.12430191,TMED7
2.117176029,-1.016450246,STX12
1.241617143,-0.445875804,RAB43
1.259202906,0.67622757,PLD3
2.338365456,0.381373723,MCAT
0.874209299,2.179624557,ZBTB8OS
0.324807894,-0.116790136,DNAJC10
2.905075027,0.450885137,RHOT2
0.779698804,0.102650325,RHOT1
1.654726396,0.653998693,MRPL41
2.988466807,-1.824371974,PNPLA6
1.028168698,-0.502388,PPAPDC2
0.385051852,0.224213282,FTSJ3
3.399443336,0.740206401,SUPV3L1
1.562977617,-1.318074544,EXOC8
1.071200872,0.812295914,THNSL1
2.088831726,-0.980330785,KIAA2013
0.794397077,-0.746433894,KATNAL2
4.054811489,-2.10405604,CMTM4
2.304624727,0.611596425,RBFA
0.157237193,-0.046167374,NDUFAF2
2.051473332,-0.555899302,NUP93
0.592107672,0.16541036,LRRC47
0.022660972,-0.024216334,ANKRD35
1.535467595,1.955743154,GUF1
0.400446261,0.105290731,
0.734952775,0.502605438,ZADH2
0.057661642,-0.041262945,SMIM20
0.388113284,0.282173793,TMEM57
0.675971136,-0.674135844,CISD2
1.704038808,-0.683184942,JAGN1
1.984141309,0.562888463,MRPL50
0.938501635,-0.362593969,EMC1
0.786102563,-0.44445165,ENAH
2.27247459,0.379862467,MRPL43
0.334178551,-0.095474879,GOLM1
0.176188582,-0.068552653,COLGALT1
0.319376678,-0.178256353,UBAC2
0.082491216,0.044724782,RDH13
0.72225073,-0.660131454,TTC13
0.19013352,-0.064439138,ATAD1
0.953933199,0.257435481,SERBP1
1.264032013,-0.751503627,KCT2
2.243673113,-1.043426514,LEMD2
1.070864348,0.695287069,NOA1
1.89976889,-0.900343577,CNNM3
1.433466162,-1.031169256,ABCF1
0.502358125,0.236724854,MCU
1.262502657,-0.867171605,LPCAT1
0.080665743,-0.045518239,TOR1AIP2
0.911537284,-0.788147608,MOSPD2
0.024332193,-0.010487239,GRPEL2
0.066813143,-0.039378484,GADD45GIP1
0.139872289,0.114734014,NUBPL
2.591008317,-1.175149282,GOLGA5
1.775142869,-0.969499588,FAM57A
2.452025555,-0.502879461,RDH11
1.653202178,-0.462303797,MRPL30
0.912668903,-0.288712819,STT3B
1.668398626,1.210984548,PNPT1
0.398735263,0.296414057,HM13
0.332883714,0.432824453,GPT2
0.977821434,-0.683298111,NUP210
0.427867927,-0.706220627,CHPT1
1.145097806,-0.645136515,PTPMT1
2.461278876,-0.961573919,PDCD6IP
1.310601289,-1.193250656,NAT14
0.505501923,-0.22491773,TFB1M
1.219240691,-0.549891154,SCFD1
1.512353208,-0.714159012,FAR1
1.162837408,0.252309163,C2orf47
2.299593239,-2.247724533,CKAP2
0.480536872,-0.160709381,BRI3BP
2.184646015,0.468994776,DDX1
0.040675252,-0.054473877,SLC39A7
2.976451057,-1.266268412,H1FX
1.989261132,-1.395815531,GBF1
2.416895785,-0.866835276,TM9SF4
1.172186893,0.611401876,WASF1
0.396092711,0.174740473,AP3S1
1.095195868,-0.358268738,UBXN4
1.382426558,-0.621378581,LPGAT1
1.810939257,-0.694657644,GCN1L1
2.717029217,-0.896547318,NUP205
1.513562595,0.513957342,MRPS31
0.228676719,0.064729055,AKAP1
0.090401623,0.035238266,ARPC1A
1.238259469,-1.014785131,TAF15
1.388983358,-0.612091064,RAD50
3.30245478,-1.6007061,GLG1
0.265764749,0.552216212,UPF1
0.30471703,0.051614126,KHSRP
3.552974914,2.966202418,HIST1H2AC
2.45997646,-0.878882726,YIPF5
3.266575822,3.078184764,RPL36AL
1.675618756,1.461316427,GFM2
0.755612662,-0.115234375,NCLN
1.382363368,-0.790396372,ERGIC1
0.42673561,0.137283961,TBRG4
1.171501063,-0.302838643,CCDC47
1.244725022,0.646806717,MRPL24
0.104049358,0.100911458,EXOC4
0.644630336,0.128597895,LRRC59
2.594096589,-0.980680466,ARL8A
1.993693361,1.031918208,SELRC1
3.433124277,1.318401337,PYCR2
2.68301027,-0.6641922,GRAMD1A
0.667070576,-0.150339127,FAF2
0.692573382,-0.477099101,CCDC124
1.832033797,-0.569166183,AP2M1
0.592381316,-0.153189341,ADCK4
0.230564555,0.19189326,RAB39B
0.65548834,-0.460900625,DNAJC19
1.80408147,0.571285884,MRPL38
1.675003526,0.743469238,MRPS24
2.317328926,0.528116226,MRPL53
2.6638941,1.556561152,CCDC51
0.381003899,0.144625346,SMIM12
0.164620328,0.06103452,DNAJA3
2.278004028,0.536656062,PTCD3
1.91675113,0.279795329,MMAB
1.018222432,-0.616540273,EDC3
2.134912872,-1.871510824,ZC2HC1A
1.556248661,-0.678641001,MYO19
0.179411241,-0.142361323,ERO1L
1.132209864,0.960931142,PRR11
2.052410864,0.371771495,PGAM5
3.545962511,-1.063721975,DDRGK1
0.319553163,-0.480821609,DHTKD1
0.018516137,0.017730713,FUBP3
2.699453093,0.883357366,NARS2
0.020984163,-0.017674764,SUCLG2
0.437479662,-0.129250844,USMG5
2.748777571,-2.172087351,CDK5RAP3
3.302729295,-0.960189819,TMX3
0.183366362,0.139998754,CLPTM1L
0.425362012,-0.441773097,DNAJC1
1.359065369,-1.36820666,SNX27
3.565539344,-0.945829391,MBOAT7
0.757278564,-0.197689692,SFXN2
1.48560898,-1.160652161,RBM14
1.328509362,-1.107243856,VPS35
0.373844413,0.401028315,GFM1
0.424071618,-0.986295064,ERGIC2
1.30487781,-0.362927119,MCCC1
1.62016356,1.832241058,TWINKLE
2.340612456,-0.703184764,ERBB2IP
0.384441004,-0.203032176,PIGS
0.608240229,-0.134163539,CLCC1
1.698099325,1.564147313,CDK5RAP1
2.174682411,0.598282496,YME1L1
1.348192919,-0.753986994,RMDN3
0.045906065,-0.132338842,SEC62
0.888700866,-0.204596837,SDF2
1.471276741,-0.458889008,PARK7
2.519019818,-0.697490056,VAT1
4.463542166,-1.3251489,PKP4
1.046829016,-0.100692749,PHB2
0.726161134,0.68092982,CHP1
2.300933777,1.153287252,HSD17B10
1.367014089,0.376220067,HNRNPAB
1.145791198,-2.309303919,NAPG
1.008647933,0.711559296,MIPEP
0.457986576,0.250764847,TM9SF2
1.996237045,-0.876495997,SLC29A1
0.755340966,-0.387132645,CCT7
0.761008906,-1.174041748,AGPAT1
2.373342781,-1.368771871,PKP2
0.012666277,0.007710775,VRK1
0.289948501,0.432540258,AKAP9
0.973163932,0.534537633,DDX50
3.082689281,2.400744756,ELAC2
0.603525167,0.310466131,GRWD1
4.122649485,6.462806702,MACROD1
0.292107393,0.198620478,ECSIT
1.605082114,-0.794590632,C17orf62
5.78954752,-1.358703613,VKORC1
1.776838665,0.700979233,MRP63
2.101631188,0.442972819,MGME1
1.207412663,0.42633756,MRPL45
0.370379696,-0.087179184,SDF4
0.917155718,-0.38901329,ADPGK
1.871590062,0.511486053,PELO
0.335805918,-0.242781957,ERP44
0.261531584,-0.126001994,NTPCR
2.301092183,0.740680695,C19orf52
0.430947276,-0.11235555,TACO1
1.001966145,-0.245112737,ESYT1
0.500179825,-0.177057266,ALG1
2.937639907,-1.306696574,LRRC1
0.677541923,0.955689112,PI4K2A
0.244239187,-0.215520223,TMEM43
0.15201194,0.217041016,DHRS4
1.886734091,-0.704243978,LMF2
1.257108414,0.605744044,NDUFAF3
0.268279675,-0.098361969,MMTAG2
1.589463582,-0.417170842,TMEM70
0.354488791,-0.382243474,TUBB6
0.374858117,-0.136300405,VAMP8
0.39395538,-0.153081894,TMEM109
1.309078238,0.372368495,PTDSS2
3.544974771,-0.882474264,TMED9
0.059449005,0.020407995,TIMM21
0.997657756,0.439717611,ELOVL1
0.151356637,0.022432963,TARS2
0.510106762,0.291228612,SFXN3
0.082995054,-0.197223028,HINT2
0.908542295,-0.460846583,NUSAP1
1.5669319,-0.302883784,CECR5
3.007485722,-0.895559311,CADM1
2.972538259,-2.550530752,POLDIP3
0.128654827,-0.120349248,MRPL32
2.0180193,1.101910909,MRPL20
0.127854015,0.038300196,MRPL9
0.531883012,0.228017171,MRPL1
0.631947987,-0.196060181,MRPS26
0.985750314,0.426759084,MRPL37
0.263262382,-0.079509099,GTPBP4
1.135502984,-0.333986918,OSBPL8
0.23328044,-1.572881699,LRRCC1
1.085961473,-1.48161761,ELOVL4
0.671295906,0.114013672,SLIRP
0.749056549,0.157566706,MFF
1.932579533,0.354523341,CLPB
1.472286181,-0.326363881,RAB33B
1.535692529,-0.889101028,LSG1
1.790269871,-1.242158254,KLC2
0.727468731,0.47032547,QRSL1
0.845039412,-0.476026535,RAB1B
0.626293819,0.337694168,MRPL18
1.596779863,1.491888682,CCDC8
3.439650021,-0.370864232,ISCU
1.546511844,0.183836619,EHD4
1.532425095,-0.626684825,VPS16
1.710557066,-0.726981481,SLK
1.390655463,1.001188914,TSPYL2
2.747915304,0.313348134,MRPL46
0.232257726,0.211517334,PNN
1.413716558,-0.376598994,TMEM245
2.9792842,-2.031585058,CPVL
0.153158589,0.418190002,DPAGT1
1.707897196,-0.395716349,TMX1
2.095043174,-1.137029648,CHMP4B
0.008486613,0.014651616,PIGU
3.327981992,-1.263935725,GOLPH3
0.898128249,-0.392371496,OSBPL3
0.330020306,-0.316389084,EHD1
2.726131936,1.212189992,TFB2M
1.338879204,0.803981145,CCDC86
0.929672341,0.316699346,REEP4
0.134540083,-0.088303248,C8orf33
1.964726811,-1.213254293,METTL17
0.028853576,0.019316355,ACAD9
0.914234553,0.604949315,SLC25A22
1.375590015,-0.199865341,SFXN1
1.544430016,0.561767578,MRPL44
1.94777975,0.518010457,CARS2
0.602853835,-0.372142792,GNB4
1.934655937,0.593858083,GRPEL1
1.806856022,-0.981700897,RDH14
1.750777427,-1.890369415,PLGRKT
1.476581855,-0.906357447,SLC38A10
1.181159228,-0.313815435,TMEM165
0.214326727,-0.425020218,SLC25A19
0.343208055,0.134906769,RNMTL1
3.728118197,0.614861806,MCCC2
1.026781831,0.531649907,SDF2L1
2.693758692,-0.625259399,PREB
1.446010967,-1.451219559,ATP13A1
0.966860398,0.333495458,MRPL47
2.09049701,-1.75401179,CHMP1A
0.631880556,-1.153912226,TM9SF3
0.827530667,-0.19724528,JPH1
2.63238681,-0.903152466,APMAP
2.068752207,-0.407805125,RAB18
3.458689162,0.371638616,MRPS30
0.615938679,0.935634613,ACOT13
1.343688859,0.449908574,TIMMDC1
2.833921928,-0.486146927,RTN4
1.505896079,0.428459803,DIABLO
4.381420087,1.553146998,DDX21
0.033740212,0.012996038,AAAS
0.136471143,0.038721085,ABCB10
2.618826052,-0.519397736,CMC2
0.727740539,-0.637671789,RAB6B
1.985535886,0.34139061,MRPL17
1.159939998,-0.46157519,SERINC1
3.285343009,-0.90266482,AGPAT3
3.378298597,2.048179626,TOMM22
3.348245135,-0.674719493,SACM1L
0.736588724,1.244361242,ABHD10
2.177047356,-0.92032369,DDX28
2.584346727,-0.782975515,LIN7C
0.270371671,0.112714132,AGPAT5
0.180806345,-0.238862991,EXOC1
1.131765913,0.356023788,UQCC
0.116291705,-0.031155268,EXD2
1.318937941,0.136134466,DNAJC11
2.903342649,1.007825216,ATAD3A
1.189831933,-0.486004512,ARL8B
2.412874024,0.646031698,MTPAP
1.04723667,-0.266878764,ARGLU1
0.148199827,-0.090528488,SLTM
0.697884045,0.545923869,CCDC109B
3.046878043,4.220708211,AURKAIP1
0.124293875,-0.110032399,NDUFB11
2.340349383,-0.999967575,MRPL16
0.67601364,-0.314949671,OCIAD1
2.289784611,1.040512085,05-Mar
2.2654633,-0.744522095,IMPAD1
1.181228321,0.433048248,DNAJB12
2.933301703,0.511459351,MRPL39
0.170426619,0.102511724,UGGT1
1.149025686,0.657669703,FASTKD2
1.504389946,-0.438898722,TECR
0.856628724,-0.341630936,USE1
2.853140229,-1.23830986,CISD1
1.608178971,0.347342173,FAM120A
1.806959367,0.810393016,MRPL35
2.002182202,0.454744339,IGF2BP1
0.010379779,0.009176254,MTCH1
0.437009771,0.708482107,GLTSCR2
0.885172014,-0.747768402,MPP6
1.847813629,0.696556091,MRPL15
0.823268605,-0.542897542,CCDC59
2.199990841,-0.465595245,NDUFAF4
0.532524678,-0.181061427,PTPLAD1
1.206836078,-1.018770854,EMC3
1.241231662,1.017416,MRPL36
3.53415485,-1.360713959,VAPA
2.518113633,0.506887436,RCC2
3.606951018,-1.787092209,PTGFRN
1.005234335,0.136744181,RRBP1
2.477709801,-0.571379979,DPM3
3.916546347,-1.716032028,COPG2
0.295437864,-0.128411611,GNG12
2.788565424,-0.810788472,DHCR7
1.094433654,0.1928641,DNAJB11
0.96342984,-0.737462362,NXF1
0.137743134,-0.068585714,SEL1L
0.80904114,0.199342728,AASS
1.512618728,1.379755656,UQCR10
4.69537478,0.987909317,MTFP1
1.604709427,-0.637952805,VTI1B
0.071923784,0.045337041,WARS2
1.548254328,-0.608852386,SEC63
1.831003273,1.670955022,SUN2
1.137048441,0.203557332,LIMA1
4.598777977,-1.425378164,SRP68
0.595963561,-0.08040301,09-Sep
0.596703094,0.373472214,PCYOX1
0.578266127,0.245656967,CYB5R1
0.033480091,0.017922719,BAIAP2L1
2.374126018,0.602273305,PUF60
0.603532884,-0.233760198,NDUFA12
0.887599274,0.231738408,ATP6V1H
0.955881094,-0.715089798,FTSJ2
1.084825551,0.605297089,ATPIF1
0.306440608,0.321561813,AK3
1.239228572,-0.278198878,SLC25A13
0.212885901,-0.065908432,STOML2
0.020728331,0.020373027,MRTO4
0.214046556,-0.185143789,TNIK
1.797625091,-1.118537903,PACSIN3
0.227339638,-0.03259786,RAB21
2.309969815,-1.019814809,RAB23
1.800558298,-0.880260468,KIDINS220
2.601875031,-0.833714167,CORO1C
0.605957526,-0.199737549,PRPF19
0.337921835,-0.314386368,NENF
0.062178518,-0.036657333,NOL7
0.318453774,-0.990739822,ORF1
2.432818145,-1.626348495,STUB1
1.223347073,-0.267719269,PACSIN2
0.68417066,0.861754735,MAGED2
1.886417456,0.910977046,RPL26L1
0.36197817,0.391894658,C19orf53
4.941425055,-1.462404887,SRRM2
1.130310438,-0.37432607,PA2G4
1.405345498,-0.349971135,SMC3
0.54878189,-0.151440303,RUVBL2
1.831632444,1.014348984,HIGD1A
0.389315631,-0.163998922,RUVBL1
0.366212584,-0.285082499,NUDC
3.161980064,1.558834076,VDAC3
0.249773995,-0.294736226,CFL2
1.977245407,0.552635829,MRPS33
0.075121343,-0.074166616,NCKAP1
0.006803693,-0.006933848,CNPY2
3.103402999,0.714916229,DNAJC16
3.942073069,-1.01800855,EPB41L3
1.478089978,-0.353584925,GSTK1
2.090872073,0.421800613,MRPS28
0.147296895,-0.063638051,COA3
2.937185004,1.076360067,POLDIP2
0.242520949,-0.369428635,THRAP3
2.677976194,0.907260259,NOP58
1.031471389,0.540205638,MTO1
0.676119124,0.323340098,YARS2
0.629492101,0.736677806,COQ6
0.338694625,0.123442968,ACOT9
2.185685466,0.605478923,TMX2
0.424918757,0.118070602,LUC7L2
2.204571888,0.287687937,MRPS2
1.746729685,-1.552990595,UTP11L
0.078195181,-0.031386693,SBDS
0.317766723,0.05916214,MRPL11
0.668203659,0.570774714,NOP16
1.222012471,-1.133516312,UFC1
1.839169894,0.779518127,MSRB2
3.337815952,0.569409053,MRPS16
0.21318571,-0.069885254,C22orf28
0.220229454,-0.624557495,RAP2C
1.554811508,-0.97957929,RHBDD3
0.887714618,0.426808039,RPL36
2.523608405,0.979861577,CHTOP
0.284744265,-0.056772232,TLN1
1.170593832,-1.312413534,DAAM1
0.693052828,3.116767248,TLN2
3.471456452,-0.571257273,AFG3L2
2.482876605,0.614812215,SAMM50
0.305773668,0.793670019,TARG1
0.63060752,0.599649429,YTHDF2
0.095646089,0.103511175,SUPT16H
1.711589434,0.258473078,TIMM9
2.218771853,0.593177795,TIMM8B
2.196134977,0.722319921,TIMM13
0.088990823,0.023972193,SRPRB
1.818063641,-1.078342438,FLVCR1
0.492074234,-0.256570816,UBIAD1
0.703136287,0.096891403,MRPS18B
2.558927102,-1.126501083,COPG1
2.637349438,0.527825038,AUP1
0.24000847,0.257054011,CLIC4
0.740755244,0.291268031,NFS1
3.183880199,0.762496312,MTCH2
0.667928484,-0.45271047,TEX264
0.847501187,-0.475812276,CEPT1
0.163907695,-0.128175735,CSNK1G3
1.654264349,0.689451218,COX11
