minusLOG10p-value(GFP vs G270E),Difference(GFP vs G270E),Gene names

1.011621,0.57669,PES1
3.39884,0.605028,ARL1
0.942671,-0.93224,PGK1
1.554317,0.358805,TOP1
1.417543,1.020398,ARL2
0.249303,0.096288,SEP-2
2.286275,0.888959,MARCH5
0.26138,-0.05626,SEP-7
0.796092,0.06218,SEP-9
0.072233,-0.04564,SEP-11
2.351319,0.415384,AAAS
1.448985,0.513354,AARS2
1.746368,0.361687,AASS
1.575379,-0.86114,ABCA3
0.512254,0.082626,ABCB10
4.586114,0.676281,ABCB7
2.665934,-1.88663,ABCC1
0.710944,-0.57575,ABCC4
0.671145,-0.16313,ABCD3
1.27919,0.409254,ABCE1
0.544865,0.44003,ABCF1
0.178051,0.368937,ABHD10
0.036762,-0.0395,ABI1
0.2018,0.125564,ACAA1
0.800696,-0.43915,ACAA2
0.231288,0.257261,ACAD11
0.203797,0.13792,ACAD9
0.82042,0.285096,ACADM
0.764937,-0.27727,ACADSB
1.605532,-0.70602,ACADVL
0.031431,0.026112,ACAT1
1.892402,0.24507,ACO2
0.783732,0.45665,ACOT1
0.026482,0.060803,ACOT13
2.914943,0.895639,ACOT8
1.715248,0.298196,ACOT9
0.696608,0.339414,ACSF3
0.190323,-0.04821,ACSL3
0.448177,-0.36716,ACSL4
0.281343,0.123519,ACSS1
1.441477,-0.645,ACTA1
0.636562,-0.26473,ACTB
1.144929,-0.39664,ACTG1
0.040769,-0.02773,ACTN4
2.270784,-0.7029,ACTR1A
0.028042,0.022479,ACTR3
2.120582,-0.60149,ADCK3
2.923573,-1.12329,ADCK4
0.27701,-0.19407,ADD1
0.669355,-0.27758,ADPGK
2.690348,-0.40773,AFG3L2
1.663625,-0.39975,AGFG1
0.58182,0.236617,AGK
0.142581,0.063162,AGPAT1
1.956003,-0.49442,AGPAT3
0.726055,0.43778,AGPAT5
0.388132,0.396951,AGPAT6
0.171602,-0.28225,AGPAT9
1.120983,-0.26528,AGPS
4.805008,-3.47598,AGRN
0.142779,-0.25653,AHCY
0.576246,-0.52565,AHCYL1
3.167479,-1.50724,AHNAK
2.561723,0.931414,AIFM1
0.693412,-0.37699,AIMP1
1.724866,-0.69162,AIMP2
0.731077,0.477923,AK2
0.070271,-0.12628,AK3
0.423496,0.272146,AK4
2.616436,0.674135,AKAP1
0.701925,-0.44119,AKAP12
0.513468,0.721685,AKAP9
0.889132,0.26345,ALDH18A1
0.065866,0.05386,ALDH1A2
1.442879,0.678322,ALDH1B1
0.771101,-0.29974,ALDH2
0.62082,0.166826,ALDH3A2
0.188667,0.145051,ALDH4A1
1.176477,-0.4168,ALDH5A1
0.04391,-0.05401,ALDH6A1
1.642039,-0.63519,ALDH7A1
0.53772,-0.39447,ALDH9A1
0.367153,-0.1989,ALDOA
0.0524,0.031594,ALG1
1.224142,-0.24386,ALG3
0.581089,0.129139,ALG5
0.683979,0.832162,ALYREF
1.888553,-0.84628,ANKLE2
0.542923,-1.56753,ANKRD35
0.851427,-1.4839,ANO6
1.228892,-0.35129,ANXA2
0.806629,-0.85186,AP1G1
2.427823,-0.63355,AP2A1
2.85582,-1.1873,AP2A2
1.796845,-0.76029,AP2B1
1.4176,-0.9803,AP2M1
0.69506,-1.30526,AP2S1
0.411399,-0.16806,AP3B1
1.294421,-0.77194,AP3D1
0.543302,-0.59393,AP3S1
2.623024,-0.94229,APMAP
0.237724,-0.06623,APOB
0.377576,0.341135,APOC3
1.264042,-0.86606,APOL2
1.636067,-0.93974,APOO
2.404236,0.968299,APOOL
0.854185,-0.90389,APRT
3.474516,-1.19054,ARCN1
0.466778,0.074577,ARF3
0.082128,-0.02493,ARF4
1.966941,-0.58397,ARF5
0.260739,-0.24299,ARF6
0.338994,0.1654,ARFRP1
0.35107,-0.76333,ARG1
1.172705,0.224641,ARGLU1
0.640561,0.13367,ARHGEF2
0.147996,-0.19521,ARL13B
2.391141,-1.1355,ARL8A
1.820039,-0.87557,ARL8B
1.36299,1.370879,ARMC1
0.022376,0.009015,ARPC1A
0.794903,0.392993,ART4
0.104362,0.07783,ASNS
1.864527,-1.02121,ASPH
0.811481,0.18399,ATAD1
3.214714,1.167936,ATAD3A
0.794573,0.543281,ATAD3B
0.170994,-0.0532,ATL2
4.397021,-1.69529,ATP13A1
2.883899,-0.23659,ATP1A1
0.877202,-0.43724,ATP1B1
0.034943,0.020752,ATP1B3
0.865072,0.12891,ATP2A2
1.434097,-0.24688,ATP2B1
1.029386,-0.64172,ATP2B4
2.533056,-0.45915,ATP2C1
1.021501,-0.12377,ATP5A1
0.676855,-0.10134,ATP5B
1.052018,-0.1138,ATP5C1
0.694709,-0.28268,ATP5D
2.356903,-0.47835,ATP5E
1.407946,-0.2519,ATP5F1
1.580636,-0.28049,ATP5H
0.976379,-0.69075,ATP5I
0.682079,-0.2224,ATP5J
1.494911,0.541649,ATP5J2
0.077141,-0.0712,ATP5J2-PTCD1
0.367665,-0.21504,ATP5L
1.559778,-0.21605,ATP5O
0.784582,-0.38216,ATP6AP2
2.966864,-1.69601,ATP6V0A1
2.079009,-1.37885,ATP6V0D1
2.450911,-0.95512,ATP6V1A
3.631016,-1.21107,ATP6V1B2
1.280659,-2.30985,ATP6V1E1
2.838301,-1.59396,ATP6V1G1
0.61161,-0.38804,ATP6V1H
2.443923,1.788335,ATPAF1
2.007655,0.905352,ATPIF1
0.542667,-0.28867,ATXN2L
1.943667,0.513945,AUP1
1.000922,1.080639,AURKAIP1
1.790274,-1.21989,B3GAT3
0.212401,-0.07283,BAG2
0.63647,0.139832,BAIAP2L1
0.861194,-1.29142,BANF1
3.716772,-1.22865,BASP1
3.058336,-0.90989,BCAP31
1.091089,0.372068,BCKDHA
0.001629,0.001199,BCKDHB
0.09562,-0.06903,BCKDK
0.674173,-0.41589,BCLAF1
0.967914,-0.62158,BET1
0.301349,-0.38296,BNIP1
0.041947,-0.01806,BRI3BP
0.810703,-0.4121,BSG
0.011766,-0.05525,BTAF1
1.062877,-0.4732,BUD31
2.128554,1.298622,C11orf48
0.233497,-0.19626,C16orf58
1.805264,-1.34044,C17orf62
0.017243,-0.01992,C19orf10
2.12725,0.62826,C19orf52
0.067485,-0.09796,C19orf53
0.437498,0.127219,C1QBP
0.396461,-0.46747,C21orf33
0.16915,0.0941,C22orf28
1.407107,0.431341,C2orf47
0.747358,-0.27204,C6orf120
0.112728,0.086141,C8orf33
1.057484,0.862185,C9orf114
0.803268,0.112364,CAD
2.858664,-1.03223,CADM1
0.633931,-0.39903,CALD1
1.626504,0.230277,CALM1
0.48456,-0.16264,CALR
3.392785,-0.65337,CALU
0.607242,-0.39553,CAMLG
1.007208,-0.44001,CAND1
1.228331,-0.27391,CANX
0.003188,0.002792,CAP1
2.001304,-0.81863,CAPRIN1
1.348313,-0.11872,CAPZA1
1.289721,-1.23771,CAPZB
1.700085,0.484917,CARS2
1.162363,-0.62871,CASC4
1.855421,-1.04841,CASK
2.635664,-1.54843,CAV1
0.231646,-0.18689,CBR1
0.032823,0.035018,CBX3
0.392587,0.440405,CCDC109B
1.564827,1.132055,CCDC124
0.547821,0.366501,CCDC137
0.471752,1.089361,CCDC18
1.046068,-0.44861,CCDC22
1.416356,-0.25659,CCDC47
1.477091,0.664572,CCDC51
0.697265,0.460791,CCDC59
0.16556,-0.32991,CCDC8
1.98874,0.803315,CCDC86
0.066793,-0.10747,CCNB1
0.156734,-0.08535,CCT2
0.156246,0.052905,CCT3
0.003207,-0.00151,CCT4
0.530512,-0.19998,CCT5
0.732208,-0.29233,CCT6A
0.250312,-0.15453,CCT7
0.695073,-0.29979,CCT8
1.583422,-0.91695,CD151
0.362726,0.373841,CD44
0.696641,-1.05705,CD81
2.512671,-0.73905,CDC42
1.748779,-0.82873,CDC42EP1
1.725505,-1.31246,CDH2
1.441123,-0.53165,CDIPT
0.11117,0.024915,CDK1
1.661247,-1.65488,CDK17
2.076497,2.013341,CDK5RAP1
2.948518,-1.57424,CDK5RAP3
0.150684,-0.15834,CDKAL1
1.260934,-1.00453,CDS2
0.79934,0.093629,CECR5
0.539047,-0.35218,CEPT1
0.279158,-0.14745,CERS2
3.076369,1.04291,CFL1
0.050371,-0.04485,CFL2
2.809214,0.764337,CHCHD3
1.375133,0.377134,CHCHD6
0.039343,0.048074,CHD4
0.163049,0.268869,CHID1
2.745874,-1.86562,CHMP1A
1.135349,-2.18574,CHMP4B
0.061374,0.038121,CHP1
0.938894,0.579262,CHPT1
0.667436,0.500648,CHTOP
3.038815,-0.97275,CISD1
2.174589,-1.14709,CISD2
0.504161,-0.2693,CISD3
2.223751,-2.29877,CKAP2
4.77678,-0.98284,CKAP4
0.889653,0.677495,CKAP5
0.214,0.198575,CKB
1.835468,0.972968,CKMT1A
0.86583,-0.28368,CLCC1
1.505181,-0.42845,CLGN
0.342854,0.668385,CLIC4
0.016337,-0.00614,CLINT1
2.705582,0.596036,CLN6
2.158005,0.450743,CLPB
2.461561,0.6947,CLPP
0.112204,0.076803,CLPTM1
0.036324,-0.02583,CLPTM1L
4.432245,1.759704,CLPX
2.2538,-0.70832,CLTA
2.699136,-0.60897,CLTB
1.309276,-0.61169,CLTC
2.668652,-0.43291,CMC2
2.743798,-1.63667,CMTM4
1.043341,-0.3987,CNBP
0.315182,-0.14846,CNIH4
1.341797,-0.8562,CNNM3
0.391945,-0.12108,CNP
0.867723,-0.53849,CNPY2
0.763261,0.157626,COA3
0.066958,-0.0225,COA6
1.150079,-0.61089,COL14A1
0.557501,-0.16331,COLGALT1
2.877705,-1.20201,COMT
3.630963,-1.07701,COPA
2.610822,-1.25911,COPB1
2.803052,-1.46707,COPB2
1.607694,-1.26464,COPG1
2.919809,-1.13807,COPG2
0.958414,0.935597,COQ5
0.67299,-1.271,COQ6
3.432392,-1.20609,CORO1C
0.352699,0.176507,COX11
0.161513,-0.05457,COX15
1.793,0.653998,COX17
0.116674,-0.13498,COX4I1
2.131959,-0.80858,COX5A
1.98194,-0.43286,COX5B
1.402477,-0.59605,COX6B1
0.697178,0.271335,COX6C
1.948965,0.877033,COX7A2
1.646822,-0.76466,COX7A2L
1.536336,1.391462,COX7B
0.428944,-0.22831,COX7C
0.009964,-0.00267,CPD
1.343471,-1.00959,CPT2
2.103553,-0.93708,CPVL
0.367741,-0.39998,CROCC
1.087048,-0.65171,CRTAP
0.129265,0.167779,CRYZ
0.468822,0.335501,CS
0.570361,-0.47685,CSNK1G3
2.065796,-0.77304,CSRP2
1.42829,-0.41024,CTAGE5
2.83218,-0.90522,CTNNA1
0.720877,-0.64308,CTNNB1
2.716533,-0.60442,CTNND1
0.099427,-0.10291,CTPS1
0.511454,-0.72466,CTSD
0.345515,0.248554,CTTN
0.874814,-0.3214,CUX1
1.369519,-0.36253,CYB5A
2.19568,-0.83943,CYB5B
0.412627,-0.12665,CYB5R1
2.387472,-0.54206,CYB5R3
0.327481,0.356742,CYC1
0.675239,0.607231,CYCS
0.007809,0.007728,CYFIP1
3.466415,-1.24541,DAAM1
0.385516,-0.1621,DAD1
0.823197,0.463162,DAP3
0.823596,-0.42185,DARS
1.255349,0.584796,DARS2
1.739839,-1.54165,DBN1
5.00373,1.37914,DBT
1.210852,-0.62929,DCAKD
0.335713,0.544226,DCD
0.035673,0.039581,DCTN1
0.501901,-0.58146,DCTN2
0.40602,0.512041,DCXR
0.580816,-0.25146,DDOST
3.082037,-0.76949,DDRGK1
2.144564,0.458117,DDX1
1.93732,-0.60645,DDX17
2.10037,-0.49894,DDX19A
3.298971,0.76963,DDX21
1.419164,-0.61348,DDX28
0.319478,0.165539,DDX39B
0.596438,-0.21823,DDX3X
0.323432,-0.19636,DDX46
2.075691,-0.42098,DDX5
0.140247,-0.10311,DDX50
0.692642,-0.46436,DEK
0.709762,0.22366,DENR
0.698541,-0.19879,DHCR24
0.451249,0.125842,DHCR7
0.177168,-0.15327,DHRS13
0.926527,-1.05488,DHRS4
0.259324,0.105463,DHRS7B
0.262526,-0.39042,DHTKD1
2.38326,0.549065,DHX30
0.663599,0.776721,DHX36
0.062436,-0.03492,DHX9
1.648529,0.39189,DIABLO
0.89781,0.166981,DIAPH1
2.015577,0.649761,DLAT
1.776469,0.463423,DLD
2.658281,-1.02136,DLG1
0.364142,-0.32845,DLG3
1.68762,0.437812,DLST
2.037315,-0.80155,DMD
0.419775,-0.38437,DNAJA1
1.490238,-0.23619,DNAJA2
0.054964,-0.02565,DNAJA3
2.449828,-0.33734,DNAJB11
0.446807,0.170462,DNAJB12
1.118747,-0.70346,DNAJB6
0.133051,0.178585,DNAJC1
0.525062,-0.20284,DNAJC10
4.606294,0.683416,DNAJC11
0.949583,-1.18868,DNAJC13
1.681196,0.411367,DNAJC16
2.288706,-0.94502,DNAJC19
1.025959,0.349176,DNAJC3
1.308315,-0.33415,DNM2
0.544433,1.335957,DPAGT1
0.515262,0.160379,DPM1
1.797042,-0.33932,DPM3
1.428328,-0.51586,DPYSL2
3.693588,-0.99489,DSG2
0.622771,-0.34437,DSP
1.382449,2.208867,DSTN
2.381418,-0.84812,DTNA
0.164796,-0.08034,DYNC1H1
1.241373,-0.74531,DYNC1I2
0.916383,-0.40138,DYNLL1
0.060235,-0.01126,EARS2
0.561896,0.353384,ECH1
0.407834,0.246967,ECHS1
2.52719,-0.85256,ECI1
0.751018,0.267033,ECI2
0.787495,0.398878,ECSIT
0.947797,-0.41796,EDC3
0.212797,-0.1579,EDC4
0.085093,-0.05161,EDF1
2.142276,-0.52161,EEA1
1.659669,0.33891,EEF1A1
1.214345,0.24907,EEF1D
0.921707,-0.25086,EEF1E1
0.307391,0.188276,EEF1G
0.318739,0.161166,EEF2
4.39438,-1.693,EFNB1
0.370397,-0.14679,EFTUD2
0.214914,0.23609,EHD1
2.883663,0.554515,EHD4
0.4409,0.208895,EIF1AX
0.618222,0.21671,EIF2AK2
2.260869,0.335601,EIF2S1
2.267437,0.533641,EIF2S2
2.161268,0.461081,EIF2S3
0.574313,-0.85583,EIF3A
0.746704,0.230235,EIF3B
0.577105,-0.38612,EIF3C
2.365534,-0.54281,EIF3E
0.887919,-0.19508,EIF3H
0.514449,-0.07454,EIF3I
0.407845,-0.40549,EIF3L
1.054783,0.585938,EIF4A1
1.29244,-0.21491,EIF4A3
2.043571,0.869502,EIF4B
1.152457,-0.61793,EIF4G1
0.274206,-0.25601,EIF5A
2.516596,1.523144,EIF5B
0.862385,0.330995,EIF6
1.955745,1.662544,ELAC2
1.304073,-0.17216,ELAVL1
0.51726,0.299998,ELOVL1
0.183605,-0.46736,ELOVL4
0.534541,-0.27567,ELOVL5
2.377055,-0.69207,EMC1
2.605298,-1.22944,EMC10
2.84007,-0.62861,EMC2
0.613945,-0.35574,EMC3
0.793647,-1.09188,EMC4
2.872032,-0.6275,EMC8
1.440053,-0.23427,EMD
1.005344,0.238852,ENAH
0.116774,-0.03566,ENO1
1.783283,-0.54392,EPB41
1.486765,-0.48507,EPB41L2
2.529348,-0.39758,EPB41L2
4.093368,-0.97189,EPB41L3
2.030252,-1.02203,EPHA2
2.421426,-0.88255,EPHX1
1.822181,-0.20318,EPRS
1.772294,0.588352,ERAL1
2.184248,-0.55158,ERBB2IP
1.61944,-1.32869,ERGIC1
0.418411,-0.9538,ERGIC2
0.826882,0.331475,ERGIC3
2.326601,-0.6218,ERH
2.994031,-0.72367,ERLIN1
0.55469,0.116728,ERLIN2
0.086725,0.030837,ERO1L
0.620508,-0.36552,ERP29
0.723139,-0.32534,ERP44
1.377362,-0.25165,ESYT1
0.724092,-0.10169,ESYT2
0.255797,0.192476,ETF1
0.032317,-0.0222,ETFA
0.737484,0.298018,ETFB
1.248132,0.579641,EWSR1
1.568056,0.274652,EXD2
0.055056,-0.06968,EXOC1
0.422055,-0.24049,EXOC4
0.034718,-0.02745,EXOC6
1.482155,-0.88074,EXOC7
2.745413,-0.59363,EXOC8
0.738957,0.321451,EZR
0.439975,0.181442,FAF2
0.658022,0.295931,FAM120A
2.898325,1.447233,FAM136A
0.145361,0.146676,FAM162A
0.840956,-0.52273,FAM57A
2.52707,-0.49102,FAR1
2.721256,-0.74157,FARP1
3.940791,-1.48245,FAS
0.147823,0.098634,FASN
1.088961,0.602477,FASTKD2
1.148528,0.736376,FASTKD5
1.903118,0.804347,FAU
3.20606,0.613749,FBL
1.250251,0.592261,FBLL1
0.999812,-0.46313,FBXL20
0.460798,0.292367,FDFT1
0.788888,0.492699,FDX1
1.949716,-0.69539,FDXR
1.509041,-0.18283,FECH
0.425478,0.137344,FEN1
0.424388,-0.12436,FH
0.736591,-0.36595,FHL1
2.107553,-0.67127,FKBP15
0.859404,-0.61936,FKBP3
0.085306,-0.07999,FKBP4
2.528188,0.621827,FKBP8
2.421796,-0.31929,FLNA
1.175977,-0.52384,FLNB
3.814901,-1.25844,FLOT1
5.058179,-1.1818,FLOT2
1.919267,-0.84277,FLVCR1
0.558786,-0.15985,FMR1
0.280378,0.061326,FOXRED1
1.182803,-0.99932,FTSJ2
0.552201,-0.11079,FTSJ3
2.02422,-0.35233,FUBP3
2.047601,-0.54103,FUS
1.090525,-0.6154,FXR1
0.757158,-0.08914,FXR2
0.572563,-0.31883,G3BP1
0.071558,-0.04339,GADD45GIP1
1.194509,-0.82987,GALNT2
0.829448,-0.49722,GALNT7
2.049395,-0.50232,GANAB
1.097886,0.566544,GAPDH
1.093819,1.336139,GARS
0.912041,0.353148,GART
0.679835,-1.01243,GBA
2.615511,-0.5184,GBAS
0.748156,-0.52014,GBF1
1.547253,0.597921,GCDH
0.094546,0.068797,GCN1L1
0.00967,0.014503,GFM1
0.652231,0.680592,GFM2
1.042643,-0.71324,GGCX
0.817957,-0.88317,GHITM
2.231945,0.583254,GK
2.098704,-0.59404,GLA
1.054129,-0.39177,GLDC
1.874161,-0.88824,GLG1
2.023436,0.948181,GLRX5
1.358682,-0.20936,GLS
0.140353,-0.06202,GLT8D1
0.526024,0.83723,GLTSCR2
0.221558,0.059252,GLUD1
1.769692,-0.72317,GNA11
3.7574,-0.85743,GNAI2
0.357531,-0.13601,GNAI3
1.348174,-0.27666,GNAS
0.914226,-0.73856,GNAS
2.1644,-0.4948,GNB1
1.28029,-0.45885,GNB2
1.924297,-0.23709,GNB2L1
1.35615,-0.86294,GNB4
1.973991,-0.5265,GNG12
1.411392,-0.86782,GNG5
1.625596,-0.59453,GNPAT
2.19316,-0.72136,GOLGA2
1.735055,-1.02339,GOLGA3
1.852456,-0.52272,GOLGA5
0.291,-0.47127,GOLGA7
1.848885,-0.23135,GOLGB1
4.322058,-1.37815,GOLIM4
1.515177,-0.36602,GOLM1
1.352799,-1.1536,GOLPH3
0.865771,-0.47587,GOT2
2.109785,0.270121,GPD2
0.806914,-0.54632,GPR107
0.885815,-1.03697,GPT2
1.429689,-0.53526,GPX8
2.435485,-1.08869,GRAMD1A
2.204633,0.515107,GRPEL1
1.822853,0.730902,GRPEL2
3.47461,0.963131,GRSF1
0.130289,0.130657,GRWD1
0.202532,0.136006,GSK3B
0.972442,0.690489,GSR
0.996945,-0.36406,GSTK1
0.350488,0.129228,GTPBP10
1.610165,0.510813,GTPBP4
1.136799,1.447467,GUF1
0.063059,-0.05223,GXYLT1
2.457171,-0.97661,H1FX
0.573791,-0.76899,H2AFZ
0.340901,0.900441,H3F3A
0.036988,-0.0397,HACL1
0.644299,-0.76533,HADH
0.080664,-0.04001,HADHA
0.491403,-0.23043,HADHB
1.78682,-0.68675,HAGH
0.698826,0.314253,HARS2
1.829949,1.020395,HAX1
0.50975,0.285175,HDLBP
0.771411,-1.17345,HERC2
0.59473,-1.94668,HIGD1A
1.19131,-1.11322,HINT2
0.152761,-0.04555,HIP1R
1.671512,0.517673,HIST1H1C
3.404394,0.567664,HIST1H1E
0.305984,-0.48815,HIST1H2AC
1.732312,-0.8946,HIST1H2BJ
1.892799,-0.74581,HIST1H2BK
0.572556,-0.36942,HIST1H4A
0.623615,-0.49365,HIST2H2AA3
0.620088,-0.1174,HIST2H3A
1.938046,-0.94377,HK1
2.353433,-0.49868,HLA-A
1.017866,-0.67083,HLA-B
2.414526,-1.04307,HLA-C
1.505718,0.768749,HM13
1.409601,0.603927,HMGA1
1.383446,0.821515,HMGB1
0.873435,-0.4685,HMGB2
0.013077,0.011818,HMGCL
0.24122,0.160056,HMGN2
3.300265,-0.93028,HMOX2
1.781858,-0.55701,HN1L
0.191425,-0.12283,HNRNPA0
1.214745,0.223516,HNRNPA1
2.239498,-0.41217,HNRNPA2B1
1.045345,-0.31588,HNRNPA3
0.104635,-0.06285,HNRNPAB
2.024394,-0.4088,HNRNPC
0.472923,-0.1273,HNRNPD
0.157467,0.057644,HNRNPF
0.426852,-0.16108,HNRNPH1
1.568074,-0.71527,HNRNPH3
0.109587,-0.05651,HNRNPK
0.326814,-0.1438,HNRNPL
0.870587,-0.57537,HNRNPM
0.847797,-0.3664,HNRNPM
1.741017,0.195503,HNRNPU
0.102897,-0.08747,HNRNPUL1
0.359817,-0.09296,HNRPDL
1.662252,0.959151,HSD17B10
0.565453,-0.19462,HSD17B12
0.43831,-0.2266,HSD17B4
0.591669,-0.46243,HSDL1
0.021556,0.010866,HSDL2
6.61E-05,-4.2E-05,HSP90AA1
0.007925,-0.00591,HSP90AB1
0.901399,-0.37804,HSP90B1
1.625316,0.434828,HSPA1A
1.674942,-0.31684,HSPA4
1.660229,0.371624,HSPA5
0.471895,0.126586,HSPA6
1.457251,0.260045,HSPA8
3.671221,1.341633,HSPA9
3.778513,0.960752,HSPD1
0.003961,0.005483,HSPE1
1.87947,-0.25418,HYOU1
2.461726,-0.43209,IARS
0.432518,0.155766,IARS2
3.558885,1.101833,IBA57
0.806165,0.429984,ICMT
0.123641,0.028144,ICT1
1.328,-0.7294,IDH2
2.237287,0.723384,IDH3A
2.946712,0.619551,IDH3B
0.859065,1.033276,IDH3G
1.503113,0.542149,IGF2BP1
0.699346,-0.39434,IGF2BP2
0.237211,0.124222,IGF2BP3
1.951201,0.294081,IGF2R
3.726544,-1.20884,IKBIP
0.253733,-0.20315,ILF3
0.703108,-0.1341,ILVBL
2.943789,0.763997,IMMT
1.013664,0.607437,IMPAD1
0.129939,-0.19874,INPP5K
0.527698,0.299705,IPO5
2.208342,0.63341,IQGAP1
2.494816,1.404015,IQGAP2
0.493474,0.187911,IRS4
1.337836,1.637933,ISCA1
2.33875,-0.22499,ISCU
3.647753,-2.3868,IST1
1.660214,-0.51168,ITGB1
1.252468,-1.72312,ITPR1
3.320003,-1.26242,ITPR2
4.544257,-1.23432,ITPR3
2.573143,0.513996,IVD
1.708793,-0.53492,JAGN1
0.111396,0.027678,JPH1
2.902191,-0.60909,JUP
1.76305,-0.70699,JUP
3.319207,-0.88691,KARS
0.021655,-0.02341,KATNAL2
1.358373,-0.58688,KCT2
0.628576,-0.80217,KDSR
0.12926,0.116488,KHDRBS1
0.405639,0.117937,KHSRP
1.928149,-0.76862,KIAA0319L
0.014602,0.020929,KIAA0391
0.982983,-0.40951,KIAA2013
3.477118,-1.37556,KIDINS220
1.323506,0.493667,KIF11
4.377048,-1.12263,KIF1A
0.854946,-0.42811,KIF2A
0.770677,0.29911,KIF5B
0.230374,-0.27716,KLC2
1.804368,0.719087,KPNA2
0.240509,0.26068,KPNB1
1.554097,-0.76808,KRAS
0.764148,-0.30124,KRT18
3.00355,-0.57906,KTN1
0.817455,0.64257,L2HGDH
1.74612,1.194862,LAMB1
2.912743,-0.88478,LAMP1
3.73033,-0.93842,LAMTOR1
1.860459,-1.30938,LAMTOR5
1.210534,-0.33477,LANCL1
0.859175,0.781867,LAP3
1.296879,0.301924,LARP1
0.655795,0.332301,LARP4
2.248663,-0.42677,LARS
0.424293,-0.06795,LARS2
2.843578,-0.697,LBR
0.090646,0.04037,LCLAT1
0.504189,-0.24237,LDHA
0.165654,-0.10218,LDHB
1.987371,-0.92686,LEMD2
1.598813,-0.58221,LEPRE1
1.10462,-0.22268,LETM1
0.214322,-0.40809,LGALS3
0.742618,-1.16478,LIG3
0.216103,-0.05779,LIMA1
2.822775,-3.55176,LIMD2
1.508374,-0.4343,LIN7C
0.362951,-0.26288,LLGL1
3.4566,-0.86816,LMAN1
0.187771,-0.09396,LMAN2
1.016473,-0.54415,LMF2
1.032206,0.119509,LMNA
1.149501,0.108748,LMNB1
0.303465,0.08075,LMNB2
3.374022,0.437348,LONP1
1.70531,-1.22704,LPCAT1
3.067589,-1.30766,LPCAT2
0.058938,-0.20772,LPCAT3
1.506668,-0.33017,LPGAT1
0.576012,-0.40522,LPHN2
0.035553,0.0138,LRPAP1
0.479755,0.164546,LRPPRC
0.488235,-0.21536,LRRC1
0.084247,0.090645,LRRC16A
0.029163,-0.02171,LRRC47
0.568851,-0.46135,LRRC57
2.399913,-0.40693,LRRC59
1.267531,0.686206,LRRCC1
2.377723,-1.62446,LSG1
0.57006,0.167625,LSM14A
2.153392,-0.52233,LSR
0.960877,-1.85458,LSS
0.486563,-0.10197,LUC7L2
1.367145,-0.52094,LYN
1.602016,0.668763,LYRM7
0.188425,0.105562,M6PR
0.798668,-0.21864,MACF1
4.272855,6.168107,MACROD1
0.174391,0.343351,MAGED2
0.192346,-0.28867,MAGOH
0.239626,0.088912,MAP1B
0.119972,0.120715,MAP4
0.897218,-0.2365,MAP4K4
0.812348,-0.36035,MAP7
0.879604,0.356895,MAPK1
0.758767,-1.06485,MAPRE1
1.442783,-0.34137,MARCKS
2.085084,-0.62304,MARCKSL1
0.99507,-0.63724,MARK2
0.994488,-0.58333,MARK3
1.282694,-0.37333,MARS
1.58075,-0.63968,MATR3
1.45262,0.354314,MAVS
1.587687,-1.19913,MAZ
3.636474,-1.04896,MBOAT7
1.710673,-0.89623,MBTPS2
0.394151,-0.08185,MCAT
1.520974,-0.37083,MCCC1
4.368927,0.906143,MCCC2
1.103307,0.537109,MCM5
0.870694,0.336292,MCU
0.209134,-0.19798,MDH2
0.467758,-0.375,ME2
0.297621,0.177195,MESDC2
0.861038,0.4674,METTL15
2.989751,-1.01608,METTL17
0.254734,-0.50755,MFAP1
1.101926,0.276098,MFF
2.811481,0.556049,MFN2
0.332467,-0.13753,MFSD8
0.39598,0.449693,MGAT2
2.780574,0.807562,MGME1
0.137924,0.179113,MGST3
3.488167,-0.4883,MIA3
0.410203,-0.2009,MINOS1
0.278088,0.372826,MIPEP
1.366516,0.846426,MKI67
0.85413,-0.33849,MLEC
1.652966,-0.25876,MLLT4
2.881446,0.867723,MMAB
3.740952,-1.56091,MMTAG2
0.693326,0.267167,MNF1
1.174733,-0.50218,MOGS
0.11275,-0.15714,MOSPD2
1.46834,-0.71471,MOV10
0.767287,0.265427,MP68
0.024198,-0.00742,MPC2
1.193516,-0.80349,MPDU1
2.487757,-1.15895,MPP2
0.483505,-0.47347,MPP6
2.109293,-0.52207,MPZL1
1.304257,0.702011,MRP63
0.359927,0.166372,MRPL1
1.337657,0.365442,MRPL10
0.235423,-0.03055,MRPL11
0.903677,-0.09161,MRPL13
1.160324,-0.80276,MRPL14
2.261093,0.95397,MRPL15
1.958271,-0.76818,MRPL16
1.773774,0.294771,MRPL17
1.172969,0.403369,MRPL18
0.098741,0.105825,MRPL19
2.351526,1.075584,MRPL2
0.980358,0.473714,MRPL20
1.502922,0.609585,MRPL21
1.165326,0.340338,MRPL22
0.078405,-0.07818,MRPL23
1.417138,0.594126,MRPL24
0.264667,0.190304,MRPL27
0.390949,0.132637,MRPL28
0.257921,-0.11643,MRPL3
1.437573,-0.39413,MRPL30
0.267459,0.270301,MRPL32
1.805239,0.545345,MRPL33
2.550199,0.797908,MRPL35
0.827068,0.725828,MRPL36
0.195195,0.100653,MRPL37
0.984995,0.290496,MRPL38
2.354607,0.348814,MRPL39
1.823146,0.360113,MRPL4
0.756144,0.390682,MRPL41
0.493939,0.314938,MRPL42
2.919085,0.476779,MRPL43
0.753455,0.302907,MRPL44
0.321489,0.143184,MRPL45
1.289409,0.168194,MRPL46
0.916574,0.319036,MRPL47
1.161343,0.107616,MRPL48
1.317336,0.24908,MRPL49
1.302914,0.459689,MRPL50
2.216581,0.447117,MRPL53
1.192397,0.295369,MRPL55
1.040493,-0.21531,MRPL9
2.122599,1.044509,MRPS11
0.715945,0.392634,MRPS12
0.546427,0.553733,MRPS14
2.186678,0.554129,MRPS15
3.388801,0.485866,MRPS16
0.736933,-0.39513,MRPS18A
0.959554,0.120199,MRPS18B
0.784416,0.199514,MRPS2
3.020183,0.716275,MRPS21
2.504478,0.645281,MRPS22
1.887276,0.479372,MRPS23
1.570156,0.575065,MRPS24
0.176978,-0.23634,MRPS25
0.546391,0.174158,MRPS26
0.491747,0.197282,MRPS27
2.055727,0.323987,MRPS28
1.38422,0.176324,MRPS30
2.056875,0.721308,MRPS31
0.312996,0.090031,MRPS33
1.813798,0.502761,MRPS34
0.436563,0.164686,MRPS35
1.912565,0.851796,MRPS36
1.132913,0.480612,MRPS5
1.538972,0.243453,MRPS6
1.761424,0.592111,MRPS7
3.214948,0.632416,MRPS9
0.003414,0.004565,MRTO4
0.35462,0.799733,MSH2
1.07848,-0.60721,MSN
2.655231,1.334035,MSRB2
1.338834,0.377524,MST4
0.951045,-0.29111,MT-ATP8
2.452222,-0.43051,MT-CO2
0.204048,0.215734,MTCH1
2.546184,1.019501,MTCH2
1.954038,-0.46852,MTDH
1.309554,0.665394,MTFP1
1.28002,-0.60929,MTFR1L
1.834117,1.191284,MTG1
1.281308,-0.17364,MTHFD1
1.387592,1.264025,MTHFD1L
3.401782,1.078929,MTHFD1L
1.265529,0.48295,MTHFD2
0.023519,-0.05455,MTIF2
1.502606,0.783895,MTO1
1.344701,0.705096,MTOR
2.401762,0.819553,MTPAP
0.953188,0.322207,MTX1
0.024275,0.017564,MUT
1.896213,-0.56865,MYBBP1A
0.144203,-0.03611,MYH10
1.248592,0.285558,MYH9
0.004571,-0.00264,MYL12B
1.478487,0.416058,MYL3
1.205674,0.206444,MYL6
0.957455,-0.41986,MYO19
2.633563,-1.30056,MYO1B
0.199853,-0.16173,MYO1C
0.256692,1.027449,MYOD1
2.205309,-2.37905,NACA
2.038486,0.878696,NADK2
0.591757,-0.42216,NAMPT
0.750596,-0.66464,NAPA
2.769153,-1.3732,NAPG
2.58722,0.789178,NARS2
0.847578,-0.71733,NAT14
1.031862,-0.51047,NBAS
1.081562,-0.50433,NCAM1
0.088622,-0.08024,NCKAP1
1.242038,-0.27281,NCL
0.864925,0.122449,NCLN
0.229556,0.056037,NDC1
1.768254,-0.18486,NDUFA10
0.133154,0.047961,NDUFA12
0.005645,0.001402,NDUFA13
3.469029,-0.62838,NDUFA2
2.4034,-0.53605,NDUFA4
0.33636,0.144717,NDUFA5
0.380411,-0.40398,NDUFA6
0.14671,0.048094,NDUFA7
0.219838,-0.17568,NDUFA9
0.255135,0.066802,NDUFAF2
1.915917,1.246874,NDUFAF3
2.680046,0.459527,NDUFAF4
0.077523,-0.05082,NDUFB10
0.303277,0.205361,NDUFB11
1.426428,0.319862,NDUFB4
3.543896,-1.7445,NDUFB7
0.680523,0.618374,NDUFB8
2.048659,-0.19035,NDUFS1
0.513875,0.20413,NDUFS2
1.302637,0.267684,NDUFS3
2.445932,-0.32041,NDUFS4
0.737227,0.531704,NDUFS5
1.208118,0.284145,NDUFS6
0.376411,0.066854,NDUFS7
0.699984,0.255624,NDUFS8
1.165256,-0.31684,NDUFV1
0.621282,-0.3882,NDUFV2
0.328821,-0.08034,NDUFV3
0.339831,-0.28763,NENF
0.028913,-0.01475,NEURL4
1.748978,0.746339,NFS1
2.649113,0.723225,NFXL1
1.49489,0.787336,NHP2L1
0.205334,-0.19268,NIPSNAP1
2.473968,-0.34496,NLRX1
0.006761,0.00687,NME2
2.515984,-0.98215,NME4
3.168423,-0.88798,NNT
1.229987,0.766356,NOA1
1.291449,-0.88185,NOB1
0.516745,0.488792,NOC3L
2.283604,1.282462,NOL7
1.999841,-0.51043,NOLC1
1.177414,-0.2748,NOMO1
1.299239,-0.27024,NONO
1.169549,0.971012,NOP16
0.377597,-0.14464,NOP2
0.363806,-0.40524,NOP56
2.795532,1.010375,NOP58
0.13277,-0.11074,NPEPPS
0.957484,0.234984,NPM1
2.399759,-1.23155,NPTN
0.022045,-0.00759,NRAS
2.124197,1.229028,NSA2
1.514961,-0.7773,NSDHL
2.411392,-0.27671,NSF
2.420807,1.572086,NSUN2
3.071576,1.277377,NT5DC2
0.030141,0.019023,NTPCR
1.183694,0.417552,NUBPL
2.231793,-1.25969,NUCB1
0.966469,-1.05078,NUCB2
0.507009,0.399179,NUDC
0.186447,-0.32113,NUDT19
0.276023,-0.1705,NUMA1
1.07762,0.548243,NUMB
2.459358,-0.37515,NUP107
1.00951,-0.49581,NUP133
0.990836,-0.50825,NUP155
1.493226,-0.45487,NUP205
0.781442,-0.6116,NUP210
0.052352,-0.02429,NUP214
1.46004,-0.75514,NUP35
0.897577,-0.6602,NUP62
0.600499,-0.15615,NUP88
1.190431,-0.30898,NUP93
1.743978,-0.86817,NUP98
0.360356,-0.33937,NUPL1
1.663117,-0.85865,NUSAP1
0.605077,-0.40332,NXF1
0.182093,1.327005,TARG1
1.171316,0.342648,OAT
0.585756,-0.31493,OCIAD1
0.188452,0.158103,OCLN
1.388023,0.530842,OGDH
3.204018,-0.47718,OPA1
1.24855,0.704425,ORF1
0.01834,0.012408,ORMDL1
0.362526,-0.24012,OSBP
1.138945,-0.48465,OSBPL3
0.41434,-0.11306,OSBPL8
0.793487,-0.63146,OSBPL9
0.503119,0.138298,OXA1L
1.596625,-0.33422,OXCT1
1.635506,-0.67692,P4HA1
1.720261,-0.43138,P4HB
0.847414,0.230941,PA2G4
1.46318,0.162444,PABPC1
1.439054,0.285616,PABPC4
1.158578,-0.48972,PACSIN2
1.194884,-0.45481,PACSIN3
0.428026,0.204526,PAICS
2.531475,-0.88095,PAK4
0.928148,-0.27729,PAM16
0.006061,0.004596,PARD3
2.049064,-0.64431,PARK7
2.064959,-0.51757,PARP1
2.845962,0.795292,PC
0.932639,0.337549,PCBP1
2.225098,0.457066,PCBP2
0.264448,-0.14574,PCCB
2.427281,-1.53342,PCK2
1.20694,0.722085,PCMT1
0.405237,-0.23979,PCNA
0.029198,-0.02556,PCYOX1
2.242859,-1.05002,PDCD5
2.091879,-1.59233,PDCD6IP
2.013468,1.325086,PDE12
2.069656,0.740814,PDHA1
1.989492,0.552498,PDHB
1.584024,0.682125,PDHX
1.066576,-0.28273,PDIA3
2.259464,-0.56212,PDIA3
1.32954,-0.71487,PDIA4
1.387859,-0.94182,PDIA5
0.131815,-0.05065,PDIA6
0.013943,-0.00744,PDK1
0.095247,0.050167,PDK3
0.251914,0.219719,PDLIM1
0.429249,-0.28239,PEBP1
0.885071,0.449073,PELO
0.579088,0.734014,TWINKLE
0.976485,-0.42862,PEX1
1.446511,-0.55078,PEX11B
1.811864,-0.62405,PEX14
0.446598,0.319181,PEX6
0.179135,-0.15538,PFKL
0.249607,-0.12291,PFKM
1.289216,-0.39078,PFKP
0.227776,-0.25222,PFN1
1.007091,-0.54777,PGAM1
2.347542,0.292277,PGAM5
0.296715,0.059062,PGRMC1
3.161767,-0.61172,PGRMC2
0.058261,-0.12758,PGS1
0.322575,-0.06945,PHB
1.318936,-0.24234,PHB2
0.370928,0.342965,PHF6
2.886078,-0.48234,PHGDH
0.752618,0.853541,PI4K2A
1.358517,-0.81552,PI4KA
0.40544,-0.16404,PICALM
1.246941,-0.64054,PIGK
1.885692,-0.62848,PIGS
0.569751,-0.58686,PIGU
1.190853,-0.70183,PIK3R2
1.61075,-0.76057,PIN1
0.174704,0.080037,PIP5K1A
0.038744,-0.02221,PISD
1.899013,0.553364,PITRM1
0.089869,0.057798,PKM
0.787639,-0.47892,PKN2
1.02788,-0.54165,PKP2
3.317846,-0.88768,PKP4
1.894253,-0.89689,PLD3
1.306702,-0.84831,PLGRKT
0.549311,-0.16399,PLOD1
1.080982,-0.73073,PLOD3
3.274037,1.203636,PLS3
0.188068,-0.11695,PLXNA1
3.470548,-1.51719,PLXNB2
3.458095,-1.92693,PMAIP1
1.473221,0.711399,PMPCA
1.764913,0.813217,PMPCB
0.045109,-0.05182,PNN
2.80337,-1.68236,PNPLA6
1.463204,1.033692,PNPT1
2.164628,-0.49004,PODXL
2.997519,1.157497,POLDIP2
2.141779,-1.57444,POLDIP3
0.435758,0.274872,POLG
2.921657,1.030573,POLRMT
0.792098,0.189781,PON2
1.251586,-0.45475,POR
0.10071,0.144775,PPA1
0.410428,0.178537,PPA2
1.161342,-1.01765,PPAPDC2
0.062492,0.041969,PPFIA1
0.33714,-0.24968,PPIA
0.400414,-0.27532,PPIB
1.81232,0.380166,PPIF
0.10762,0.048134,PPOX
1.555105,-0.49698,PPP1CC
1.746503,-0.95166,PPP1R12A
0.089236,0.085392,PPP2R1A
1.49136,1.041643,PPP2R2A
2.337608,-0.57688,PRAF2
1.515371,-2.22839,PRCP
0.136979,-0.0232,PRDX1
0.233209,-0.19586,PRDX2
2.384999,1.881712,PRDX3
1.270712,0.515131,PRDX4
1.804046,1.14972,PRDX5
0.064891,-0.27284,PRDX6
1.764968,-0.66641,PREB
1.867337,-0.4841,PRKAA1
1.730059,-0.8774,PRKACA
0.773138,-0.572,PRKAG1
1.950628,-0.4966,PRKAR2A
0.525874,-0.17274,PRKCD
0.199187,0.207312,PRKCH
0.183704,0.181101,PRKCI
0.314034,-0.09074,PRKCSH
0.060316,-0.01459,PRKDC
1.090928,-0.58945,PRPF19
1.096841,0.571046,PRPF38B
1.461787,-0.89478,PRPF40A
1.739032,-0.35779,PRPF8
0.954167,-1.65905,PRPS1
0.550689,-0.45263,PRR11
1.948193,-1.53077,PRRC2C
2.269074,-0.71685,PSEN1
1.064332,-0.1665,PSMA7
0.879182,-0.18153,PSMD2
2.780998,-0.49149,PTBP1
1.874532,0.399171,PTCD3
0.099219,0.090476,PTDSS1
0.524894,-0.20846,PTDSS2
0.662973,0.529975,PTGES2
3.054783,-1.52222,PTGFRN
2.561586,-0.90226,PTK7
1.060924,-0.45674,PTMA
0.93148,0.295063,PTPLAD1
1.900818,-0.73413,PTPLB
0.247987,0.24253,PTPMT1
1.784641,-0.31138,PTPN1
0.720176,-0.45814,PTPN13
1.793011,-0.59193,PTPRF
2.043158,-2.06888,PTRF
0.19176,-0.17267,PTRH2
0.726913,0.304369,PUF60
0.704653,0.213409,PUM1
1.30065,0.689294,PUS1
0.192434,0.072714,PVR
0.967369,0.42603,PYCR1
4.164977,0.816835,PYCR2
0.85233,-0.50177,QARS
0.021068,-0.01799,QIL1
1.464107,0.926587,QRSL1
0.134771,-0.22659,QSOX2
0.791988,-0.31094,RAB10
0.021142,-0.00378,RAB11A
3.768865,-2.39663,RAB12
0.132177,0.065358,RAB13
1.609798,-0.26029,RAB14
1.926928,-0.29141,RAB18
1.469415,-0.21701,RAB1A
0.229131,0.088758,RAB1B
1.16987,0.16575,RAB21
0.721396,-0.39502,RAB23
0.453066,-0.18196,RAB2A
1.384817,0.423613,RAB33B
1.181064,-0.40121,RAB34
0.863952,-0.25287,RAB35
0.355898,0.188833,RAB39A
0.127591,0.106522,RAB39B
0.198831,0.136482,RAB3D
0.252679,0.108718,RAB43
0.071701,0.027239,RAB4A
1.426541,0.194199,RAB5A
0.017059,-0.01325,RAB5B
0.977405,-0.15977,RAB5C
1.94944,-0.56672,RAB6A
0.392589,-0.38347,RAB6B
1.7839,-0.43568,RAB7A
2.123137,0.759824,RAB7L1
0.997723,-0.19691,RAB8A
2.322737,-0.6071,RAB9A
0.645884,-0.23143,RABL3
2.8002,-0.5361,RAC1
1.731758,-0.46419,RAD50
0.181278,-0.04554,RAE1
1.32176,0.688524,RAF1
0.487836,-0.29827,RAI14
2.13199,-0.55553,RALA
0.365697,-0.37848,RALB
0.744897,-0.36598,RALY
0.933623,0.127709,RAN
0.255433,-0.19405,RANBP1
0.122562,0.024275,RANBP2
0.042427,-0.03076,RANGAP1
0.274317,0.098839,RAP1A
0.011322,0.00494,RAP1B
1.42861,-0.87614,RAP2B
1.617603,0.714146,RAP2C
2.881261,-0.45621,RARS
3.473912,0.561497,RARS2
2.14126,-1.12513,RAVER1
1.817259,-0.48164,RBBP4
0.293599,-0.26642,RBFA
0.800322,-0.69779,RBM14
0.10589,0.111518,RBM39
1.487898,-0.3552,RBMX
2.618312,0.570199,RCC2
3.921931,-0.56837,RCN1
3.74874,-1.20742,RCN2
0.15902,-0.03387,RDH11
0.687009,0.347923,RDH13
2.776249,-0.72245,RDH14
0.827234,0.26904,RDX
0.717381,0.301869,REEP4
0.449732,0.432601,REEP5
0.134651,0.056005,RER1
0.09829,0.126499,RFC1
0.128207,-0.06443,RFT1
2.198359,-0.90454,RFTN1
2.0301,-0.92882,RHBDD3
2.375255,-1.18888,RHBDF1
0.674366,-0.68192,RHBDF2
1.260693,-0.49197,RHEB
1.928388,-0.37525,RHOA
1.184429,-0.38548,RHOB
1.185278,-0.22296,RHOC
1.465595,1.334059,RHOG
2.428603,0.418528,RHOT1
3.758093,0.978963,RHOT2
1.043917,0.602662,RITA
1.917759,-0.95257,RMDN3
0.30416,0.066085,RNF5
1.661836,0.422278,RNMTL1
1.170846,-0.47849,RNPS1
1.005024,-0.83119,ROCK2
1.185872,0.598349,RPA1
0.185598,0.224408,RPIA
1.82598,0.694104,RPL10
0.268422,-0.08347,RPL10A
1.140574,0.159514,RPL11
0.459313,0.114122,RPL11
0.024061,0.008759,RPL12
0.857984,0.625504,RPL13
1.013972,0.185889,RPL13A
0.20114,-0.08302,RPL14
0.180806,0.082876,RPL15
1.79933,1.155532,RPL17
2.860947,0.531866,RPL18
1.651627,0.371982,RPL18A
1.430958,0.790092,RPL19
4.765051,1.515465,RPL21
0.170141,0.119884,RPL22
0.132892,0.067006,RPL23
2.432182,0.217757,RPL23A
2.48285,1.601971,RPL24
1.609258,0.802533,RPL26
1.245133,0.566948,RPL26L1
0.959957,0.233726,RPL27
3.253867,1.934014,RPL27A
2.556754,0.781592,RPL28
0.003889,0.00125,RPL29
0.387678,0.117091,RPL3
0.253572,0.154325,RPL30
1.391055,0.738117,RPL31
2.524799,0.962609,RPL32
1.819588,0.326067,RPL34
3.032425,1.37542,RPL35
0.622848,-0.20102,RPL35A
0.452555,0.350524,RPL36
2.510866,1.585044,RPL36A
2.6309,2.347486,RPL36AL
2.410665,2.449001,RPL37
1.887447,1.014318,RPL37A
0.562886,-0.73126,RPL38
0.592763,0.175046,RPL4
1.684301,-0.47478,RPL5
1.116709,0.226895,RPL6
0.104857,0.025276,RPL7
1.867967,0.304398,RPL7A
1.686773,0.348543,RPL8
0.378998,-0.11913,RPL9
0.210266,0.060685,RPLP0
0.002401,0.006753,RPLP1
0.452616,-0.21862,RPLP2
2.692662,-0.68836,RPN1
0.119715,-0.05536,RPN2
0.332319,0.208457,RPS10
0.084732,0.063978,RPS11
0.239536,0.120879,RPS12
1.107441,-0.60965,RPS13
0.22501,-0.19696,RPS14
0.315019,0.302846,RPS15
0.400453,0.26435,RPS15A
0.078508,-0.04189,RPS16
0.341782,-0.18526,RPS17
0.070535,-0.03377,RPS18
0.444593,-0.18595,RPS19
0.119873,-0.09317,RPS19BP1
0.776352,-0.24754,RPS2
1.071973,-0.22596,RPS20
0.516594,-0.40218,RPS21
1.304468,0.862384,RPS23
0.041188,-0.00607,RPS24
2.067427,-0.43459,RPS25
0.737386,0.211978,RPS26
0.134501,-0.06322,RPS27
0.529457,0.248275,RPS27A
0.780316,-0.70076,RPS27L
0.213129,0.172308,RPS28
0.58653,-0.50516,RPS29
1.0731,0.204861,RPS3
0.422183,0.145152,RPS3A
1.072303,0.307326,RPS4X
0.767,-0.11891,RPS5
2.256563,0.984971,RPS6
0.396286,-0.11077,RPS7
0.433221,-0.11663,RPS8
0.314815,-0.04993,RPS9
0.764891,-0.57174,RPSA
0.150705,-0.08111,RPTOR
0.372332,-0.28678,RPUSD3
0.503209,0.198229,RRAS2
1.449815,0.221697,RRBP1
0.039017,-0.02004,RRP1
0.292946,-0.35488,RRP1B
0.000596,0.000436,RSL1D1
0.106109,-0.0493,RSL24D1
0.313603,0.191771,RTN3
2.304397,-0.30796,RTN4
1.025286,0.35346,RUVBL1
0.223236,0.051474,RUVBL2
2.075759,-0.81582,S100A10
1.730358,-0.43456,SACM1L
2.046539,-1.99717,SAFB
1.897997,0.775453,SAMM50
0.197384,-0.12793,SAP18
1.909885,0.405863,SARM1
1.176456,0.452847,SARS2
1.226154,0.314404,SBDS
2.126755,-0.58819,SCAMP1
1.77862,-0.27651,SCAMP2
0.11117,0.048563,SCAMP3
2.790687,-1.78069,SCARB2
2.977549,-1.03428,SCD
0.390782,-0.37366,SCFD1
0.01641,0.005634,SCO1
1.195081,0.326955,SCO2
0.559892,-0.56045,SCP2
0.951809,-0.17952,SCRIB
3.138143,-2.02681,SDCBP
2.352264,-0.68954,SDF2
1.910047,0.697149,SDF2L1
0.119957,-0.04285,SDF4
2.35595,-0.21845,SDHA
2.415558,-0.30383,SDHB
0.344018,-0.12427,SEC13
1.23512,-0.18027,SEC22B
0.098618,-0.14223,SEC23A
0.20427,-0.09735,SEC23B
0.041911,-0.04398,SEC24B
0.622234,-0.23586,SEC24C
0.423482,-0.13123,SEC61A1
0.85431,-0.50052,SEC61B
0.269321,0.691705,SEC62
0.645367,-0.29926,SEC63
0.925201,-0.32073,SEL1L
3.026636,0.609917,SELK
1.373941,0.806688,SELRC1
3.150295,0.701622,SERBP1
1.086488,-0.43137,SERINC1
0.625733,-0.14073,SERPINH1
2.374953,-1.01716,SET
1.51123,-0.73997,SF1
0.201646,-0.09141,SF3B2
0.845202,-0.77511,SF3B3
0.661145,-0.35723,SFPQ
1.96926,-0.09363,SFXN1
0.212667,-0.09105,SFXN2
0.528317,-0.29701,SFXN3
1.279765,0.463537,SFXN4
3.086128,-0.74245,SGPL1
0.06137,-0.03613,SHMT2
0.279736,-0.415,SKP1
1.251162,-0.15778,SLC12A2
0.325869,-0.0954,SLC16A1
1.722085,-0.55187,SLC19A1
0.86359,0.154891,SLC1A5
1.218129,-0.33693,SLC25A1
0.964201,0.221701,SLC25A10
0.112661,0.036658,SLC25A11
0.032163,-0.01587,SLC25A12
0.642682,-0.19363,SLC25A13
0.149522,0.124736,SLC25A19
0.488117,0.639903,SLC25A20
1.146035,0.755233,SLC25A22
1.514764,-0.74675,SLC25A24
1.065739,0.208158,SLC25A3
0.302843,-0.13962,SLC25A4
1.650494,0.300662,SLC25A5
1.879966,-0.24363,SLC25A6
0.333437,0.06874,SLC27A2
2.022243,-1.28603,SLC27A3
0.269188,-0.43635,SLC27A4
0.414245,-0.21678,SLC29A1
0.676079,-0.24778,SLC2A1
0.668515,0.46432,SLC30A7
0.381227,-0.12774,SLC30A9
0.258033,0.068402,SLC35E1
2.140306,-0.95988,SLC37A4
0.638093,0.215452,SLC38A1
1.857189,-0.70183,SLC38A10
1.345804,-1.07523,SLC39A11
1.948993,0.675418,SLC39A14
0.558071,-0.56325,SLC39A7
3.390897,-0.67072,SLC3A2
1.031406,0.470078,SLC7A1
0.876414,0.405098,SLC7A2
1.739126,-0.49217,SLC7A5
0.13206,-0.09156,SLC9A3R1
3.697983,-1.1608,SLC9A3R2
0.213292,-0.05899,SLIRP
0.842863,0.348435,SLK
1.983038,-0.82798,SLMAP
1.449359,-1.21864,SLTM
0.350745,-0.95751,SMARCC2
1.432626,-0.23309,SMC1A
0.658419,0.31585,SMC2
0.560225,-0.1669,SMC3
1.262767,0.522294,SMC4
0.084665,-0.06552,SMIM12
0.038982,0.031253,SMIM20
1.749944,-0.51567,SMPD4
0.314692,-0.19884,SNAP23
1.965692,-0.90707,SND1
0.140332,0.125907,SNRNP200
0.033255,-0.00546,SNRNP70
0.126426,0.040508,SNRPB
0.531634,-0.63169,SNRPD1
2.143068,-0.67666,SNRPD2
0.294742,0.321818,SNRPD3
1.802578,-0.76359,SNRPF
0.293618,-0.18283,SNTB1
3.805569,-1.23523,SNTB2
2.123212,-0.66581,SNX27
1.786099,-0.5577,SNX3
2.41975,-1.49852,SOAT1
0.44535,-0.214,SPCS2
0.30265,-0.11585,SPCS3
0.858144,-0.65016,SPECC1
1.113478,-2.28893,SPNS1
0.353196,-0.06081,SPTAN1
0.635747,-0.28654,SPTBN1
0.385318,0.09412,SPTLC1
1.13185,-0.47366,SPTLC2
0.582677,-0.24758,SQSTM1
3.437863,-1.32387,SRC
0.760398,-0.31359,SRP14
3.282975,-0.94793,SRP68
3.095128,-0.89525,SRP72
1.321314,-0.62913,SRP9
0.157609,-0.07288,SRPK1
2.049269,0.409396,SRPR
0.904302,0.194093,SRPRB
1.366007,-0.29427,SRRM1
4.00307,-1.59378,SRRM2
2.273091,-0.53506,SRSF1
0.55873,0.156242,SRSF3
1.672074,-0.8305,SRSF4
2.213945,-0.35423,SRSF6
0.724065,-0.51053,SRSF7
1.01872,-0.47206,SRSF9
0.292003,0.279805,SSBP1
0.570839,-0.88253,SSR1
1.065188,-0.32218,SSR3
0.696567,-0.21523,SSR4
1.138273,-0.68583,ST13
2.479919,-0.87804,STAM
0.456087,0.369858,STAM2
0.951137,0.327391,STAU1
0.37121,-0.13491,STEAP3
0.784479,-0.49503,STIM1
0.753444,-0.26385,STIP1
0.493337,-0.37281,STK11IP
0.789644,-0.36203,STMN1
0.992685,-0.37957,STOM
1.268822,0.332933,STOML2
0.769761,0.199365,STRAP
1.06961,-0.26141,STT3A
0.617466,-0.19484,STT3B
2.738294,-1.02128,STUB1
1.021887,-0.67981,STX10
1.561721,-0.84457,STX12
0.001657,0.001441,STX17
0.005352,-0.00374,STX18
1.843189,-1.68397,STX3
1.6017,-1.18656,STX5
1.074422,-0.33345,STX7
3.295749,-0.9188,STXBP3
1.242912,-0.58406,SUB1
0.998465,0.186324,SUCLA2
0.459562,0.223153,SUCLG1
0.016809,-0.01647,SUCLG2
0.539982,0.542099,SUMO1
0.261693,-0.1652,SUMO2
0.685593,-1.20718,SUN1
0.969026,0.858093,SUN2
3.990848,-3.65824,SUPT16H
3.341945,0.777768,SUPV3L1
0.501381,-0.13783,SURF4
0.050421,-0.03089,SYNCRIP
1.279662,1.336829,TACC1
0.225902,-0.07095,TACO1
1.744852,-1.87532,TAF15
1.119802,-0.73859,TAGLN2
0.081522,0.088292,TAMM41
1.966589,-0.52147,TAOK1
2.211388,-1.00765,TAP1
2.301632,-0.94422,TAP2
0.521242,-0.43746,TARS
2.537661,0.608602,TARS2
1.109666,-0.34098,TBL2
2.019529,0.743914,TBRG4
1.088678,-0.65135,TCEB1
1.691797,-0.26274,TCOF1
0.176045,-0.0678,TCP1
0.570626,-0.14145,TECR
0.373831,-0.3038,TEX264
1.064422,0.272584,TFAM
0.88695,0.654743,TFB1M
2.185084,1.324641,TFB2M
0.092783,0.031853,TFRC
1.122044,0.811244,THNSL1
0.903442,-0.82021,THRAP3
0.243646,0.114882,TIMM10
1.613674,0.631814,TIMM13
0.081832,0.035543,TIMM21
0.069845,0.039358,TIMM23
1.492308,0.570562,TIMM44
4.08713,1.081396,TIMM50
2.564681,0.773158,TIMM8A
1.01752,0.364192,TIMM8B
1.409818,0.279371,TIMM9
1.577478,0.361277,TIMMDC1
1.196077,0.507366,TLN1
0.646519,2.935655,TLN2
0.262125,-0.1557,TM9SF2
0.937268,-1.37189,TM9SF3
2.622657,-0.87988,TM9SF4
2.21939,-0.50501,TMCO1
2.723542,-0.64809,TMED10
2.726533,-0.66915,TMED2
2.440637,-1.04625,TMED4
0.705222,-0.66562,TMED7
2.251005,-0.52585,TMED9
2.456049,-1.07318,TMEM106B
1.977558,0.533073,TMEM109
0.126115,0.086699,TMEM126B
0.279215,-0.13841,TMEM165
0.561494,-0.3999,TMEM205
0.186476,0.034058,TMEM209
0.835377,-0.45647,TMEM214
0.136214,0.044674,TMEM230
0.017901,-0.02045,TMEM245
0.810909,-0.47803,TMEM258
0.413702,-0.24171,TMEM259
0.933078,0.197972,TMEM33
0.728262,-0.64097,TMEM43
0.046117,-0.04717,TMEM57
1.522363,-0.41721,TMEM70
2.34877,-1.3174,TMEM9
0.536665,-0.3533,TMF1
0.139038,-0.05075,TMPO
0.687008,-0.27693,TMPO
2.45343,-0.68598,TMTC3
1.541801,-0.38246,TMUB1
0.900981,-0.26584,TMX1
0.891403,0.245422,TMX2
1.482297,-1.1146,TMX3
0.601846,-0.30622,TNIK
0.681789,0.694984,TOMM20
3.681904,2.521622,TOMM22
5.925828,4.300238,TOMM40
3.621344,2.194581,TOMM5
1.126757,0.254725,TOMM70A
0.602861,-0.45606,TOP2A
0.709694,-0.37071,TOR1AIP1
0.329513,0.183331,TOR1AIP2
1.972067,-0.79341,TP53
0.079487,-0.05388,TPI1
0.467987,-0.16218,TPM3
2.296182,-0.75135,TRA2A
0.065682,-0.11103,TRA2B
4.585185,3.847871,TRABD
0.973031,0.578311,TRAM1
0.089367,-0.03705,TRAP1
0.381128,0.3836,TRIM23
1.208421,-0.44875,TRIM28
0.633715,-0.4936,TRIP13
2.428436,0.690554,TRMT10C
1.625581,1.091006,TRMU
0.953947,0.281057,TSFM
0.541734,-0.2719,TSG101
1.856484,1.07191,TSPYL2
0.636184,0.180531,TST
0.785326,-0.39065,TTC13
3.606844,0.813869,TUBA1B
2.336525,0.7132,TUBB
2.451319,0.788651,TUBB4B
0.655177,-0.55654,TUBB6
1.005456,0.501109,TUBG1
2.926305,0.619541,TUFM
1.684352,1.203214,TXN
0.783018,-0.60639,TXNDC12
1.19075,-0.34925,TXNDC5
1.760446,0.492442,TXNRD2
0.310971,0.229846,U2AF1
1.615787,0.597665,U2AF2
0.654034,0.678694,U2SURP
0.549011,0.386539,UBAC2
1.051322,0.329484,UBAP2L
0.740678,-1.37009,UBE2NL
1.003452,0.409901,UBIAD1
0.746803,-0.17264,UBXN4
0.54408,-0.27803,UCHL1
1.108429,-1.01949,UFC1
3.780481,-0.70093,UFL1
0.041604,-0.02688,UGGT1
0.793317,0.993865,UPF1
0.737628,0.236361,UQCC
1.290539,0.926687,UQCR10
0.425547,0.227118,UQCRB
1.721147,0.37232,UQCRC1
0.460911,0.22695,UQCRC2
0.61977,0.264665,UQCRFS1
0.611928,0.185551,UQCRH
0.83004,0.136319,UQCRQ
0.522039,-0.23123,USE1
0.120924,0.078391,USMG5
2.312846,-1.43091,USO1
3.361845,3.277271,USP30
0.110527,0.120417,UTP11L
1.81944,-0.51115,UTRN
0.476598,1.721199,UTS2
0.812594,-0.22568,VAMP3
0.440502,-0.342,VAMP5
3.218607,-1.04722,VAMP7
0.616777,0.230405,VAMP8
4.003857,-1.18401,VAPA
2.789575,-0.37435,VAPB
0.91299,-0.28092,VARS2
1.194676,0.300189,VAT1
2.235805,-0.52433,VCP
3.793081,1.176013,VDAC1
6.367185,1.628308,VDAC2
2.876915,1.334649,VDAC3
3.539318,-0.88056,VIM
4.819677,-0.73419,VKORC1
0.12607,-0.04603,VMP1
2.457474,-0.87974,VPS16
1.096983,-1.04845,VPS35
0.552981,-0.73102,VRK1
0.8712,-0.45904,VTI1B
1.996294,0.518777,VWA8
0.707668,0.477484,WARS2
0.85995,0.848614,WASF1
1.414702,-0.42125,WDR5
0.006867,0.004329,WDR6
1.202446,-0.73032,WFS1
0.531119,-0.54999,WRB
0.322983,0.116933,WWP2
1.62557,-0.52272,XPO1
1.782997,-1.31648,XRCC1
0.822003,-0.93058,XRCC5
2.200025,-0.38886,XRCC6
0.779222,0.278994,YARS
0.166478,-0.08986,YARS2
2.948218,-1.58605,YBEY
2.183495,0.551022,YBX1
0.66679,0.276177,YBX3
1.582831,-0.96378,YES1
1.236933,-0.37823,YIF1A
0.00512,0.001547,YIPF4
4.541372,-0.80265,YIPF5
0.993107,0.347493,YKT6
2.163386,0.58106,YME1L1
0.922609,0.564372,YTHDF1
1.218567,1.112363,YTHDF2
0.162299,0.11442,YWHAB
1.218983,-0.30218,YWHAE
1.559005,-0.5716,YWHAG
0.186527,0.06876,YWHAQ
0.64186,-0.23596,YWHAZ
0.61338,0.646584,ZADH2
1.016773,2.974703,ZBTB8OS
0.759688,-0.68972,ZC2HC1A
0.125993,0.016235,ZC3HAV1
0.847312,-0.28976,ZMPSTE24
0.908284,-0.20319,ZW10
