minusLOG10p-value(GFP vs triple),Difference(GFP vs triple),Gene names

1.904563413,-0.460233688,ESYT2
1.978045587,-0.455362956,ILVBL
1.303592899,-0.160779317,ACO2
1.604720071,-0.474497477,ADD1
0.103722627,-0.036846161,HLA-C
1.075141434,-0.741538366,NBAS
0.017059641,0.010110855,VWA8
0.819397876,0.144830068,GTPBP10
1.06175324,1.768028895,SUN1
0.719422554,0.158064524,MRPL42
0.22872324,-0.214403152,RPSA
1.693637619,-0.855546951,PIGK
0.576642932,-0.41802597,ABI1
1.003366194,-0.439573924,ATP1B1
0.034947754,-0.029337565,HN1L
0.857619678,-0.26119868,YIF1A
1.088793857,0.676963806,PTGES2
1.014702351,0.300004959,FBLL1
1.971780255,0.786085129,METTL15
0.20446089,0.066050212,MRPL23
1.523275316,0.806252797,NOC3L
0.583579559,-0.206647237,CNIH4
0.514769861,-0.565087001,CD81
0.25640763,-0.115039825,PIP5K1A
0.013218425,0.011351267,SELK
1.386517879,-0.674648285,MLLT4
1.962264307,-1.55027771,CDH2
0.615604459,-0.213958104,MATR3
0.216248269,-0.22502772,NUDT19
0.459475406,0.19414711,BCKDK
0.57387639,-0.222577413,RAB34
0.539374816,-0.140045802,SRRM1
0.381005746,-0.441985448,EIF3L
0.551225755,0.275452932,EWSR1
0.396250638,-0.641162237,APOC3
0.275444513,-0.239789963,HMGCL
1.753623285,-0.887715022,OSBPL9
2.208319327,-0.93376859,TMEM9
1.133640347,-0.730611801,LPHN2
1.055682883,-0.447488149,SOAT1
0.47737908,-0.122350057,EIF3H
0.027605603,0.014486313,SNRPB
1.00664418,0.533836365,PES1
0.203938983,-0.246603012,AP1G1
0.120051375,-0.044763565,CLN6
0.33480571,-0.055384318,LARS
0.324464081,0.109786987,PUM1
1.493336835,-0.385206858,CANX
2.51343959,-1.475458781,CTNNB1
0.672337599,0.581296921,TAMM41
0.671667044,-0.468193054,EXOC7
0.489742126,0.153905233,RAB5A
0.910961097,-0.548391978,FDFT1
0.580597145,0.759501775,ISCA1
0.574011257,0.33900706,SNRPD3
0.217726348,-0.173799515,CS
0.981468324,0.601751328,GCDH
1.118294365,-0.354180654,LSR
0.377275307,0.134323756,SLC25A10
0.151830399,-0.300348282,PGS1
0.174448902,-0.076498667,DDX5
0.756518355,-0.930282593,KDSR
1.160313378,0.291519801,MRPL48
0.208462421,-0.072187424,STRAP
0.698330162,-0.221623103,CNBP
0.753429418,-0.273295085,BCKDHA
0.761067168,-0.196828842,SEC61A1
2.076194413,-0.420445124,ALG5
0.554309871,-0.32709376,PLOD1
1.580392311,0.35613505,MRPS27
1.154473034,0.400571187,EIF4B
0.157530122,-0.083174388,SRPK1
0.010466151,0.006877899,MPDU1
1.540502336,-0.471919378,LSM14A
1.175356626,-0.905685425,HACL1
0.685009599,0.386010488,QARS
0.213832526,0.091425578,ARL1
1.027948388,0.289100011,SEC13
2.433367997,0.66087532,FOXRED1
0.563405153,0.190958023,PCBP2
0.051335281,0.006512324,HNRNPC
0.215982082,-0.112512589,NUP35
1.396427695,-0.75507164,COPB2
3.07702636,-1.239040375,STAM
0.215095931,-0.255583445,RALB
0.416450177,0.241444906,TRAM1
0.551540263,0.720177968,RAF1
1.088577904,-0.377845128,MST4
0.010546098,-0.004589717,SRSF3
0.931040942,-0.533404032,SSR3
1.968298294,-0.697270711,STOM
0.213167802,0.073901494,PDIA6
1.425345206,-0.602560043,02-Sep
0.516787181,0.081533432,RFT1
0.873847165,-0.144742966,RAN
0.639922473,-0.620808283,EIF3C
0.490280174,-0.280222575,ATP6AP2
1.136716811,-0.545068105,ATP6V1A
0.994237224,-0.951328278,WRB
1.736486208,-0.32021904,MFSD8
0.28598848,0.228551865,HNRNPUL1
0.505688304,0.653864543,INPP5K
0.394233872,0.176434199,RRAS2
1.721728752,-0.331020355,ATL2
2.91472539,-1.306214015,DHCR24
1.301273284,-0.999830882,DYNC1I2
0.409368487,-0.379406611,SEC24B
0.061575068,0.068686167,SUMO1
1.352603323,-0.713513056,PTMA
2.027750309,-0.829439799,AGFG1
0.519098445,-0.261362712,ORMDL1
0.580207977,0.221539815,DIAPH1
0.023198107,0.020014445,SSR1
0.055640551,0.020687739,EEF1E1
1.814915699,-0.547746658,ARF5
0.007908526,-0.004490534,APOO
0.221796682,-0.107975642,ALDH5A1
1.566732888,0.379155477,COX17
1.371601926,-1.12803332,SRSF7
1.44221721,-0.285233816,TMUB1
1.342497183,-0.641248703,ACAA1
0.423855415,0.443059921,CYCS
1.237982351,0.48649025,MRPS34
1.800227353,-0.267790476,FARP1
2.143967405,-1.185913086,CRTAP
0.637749973,-0.466273626,STK11IP
1.763605496,0.378859838,CHCHD3
0.224328552,0.26632754,L2HGDH
0.262620902,-0.194110235,TMEM106B
4.366421121,-1.027020137,CTNND1
0.165630532,-0.075991948,TXNRD2
0.013456466,0.008220037,COX7C
0.50864212,-0.159943263,TMEM33
0.184143197,-0.150103887,MRPL27
1.129964036,-1.004700979,11-Sep
0.070419093,0.039274851,STX18
1.056697398,0.543700536,COX7A2
1.927268919,-0.959807714,ELOVL5
0.708146974,-0.290437698,PPA2
2.144024085,1.307528814,TACC1
1.165579925,-0.584082286,TCEB1
1.032973725,-0.445741653,AP3B1
0.775905913,0.587207158,ARMC1
0.120650201,-0.277853012,MRPL13
0.570666608,-0.620243708,SKP1
1.693677112,0.324841181,RNF5
0.398880642,0.208102544,SQSTM1
0.166277276,0.141054153,AP3D1
0.634259617,0.358938853,RAI14
1.167641907,-0.532856623,KIAA0319L
1.832733856,-1.354398092,HK1
1.035968039,-0.43527921,SEC24C
1.010384428,0.898642222,CD44
0.780037934,-0.965147654,PRRC2C
1.179977117,-0.69661204,NDUFV2
0.04410565,0.076322556,IDH3G
1.067691645,0.356372833,FAM136A
0.513522883,-0.108499527,ATP2C1
2.327111482,-0.826423645,PSEN1
1.084557055,-0.206079483,MRPL22
5.399449178,-0.647613525,NDUFA10
1.42042339,0.218547821,RPS24
1.721494907,-0.852923711,PCCB
1.077489186,-0.454924901,MRPL3
0.045077352,0.042869568,MARK2
1.003185274,-0.450965881,GPX8
3.551436679,-0.652392705,ABCD3
0.748771552,-0.294876734,EIF4G1
1.557986224,-1.068029404,MPP2
0.529452795,-0.276293437,MAP4
0.099160965,0.046795527,PSMD2
0.595741166,-0.221748988,EXOC6
0.78396131,-0.607252121,CALD1
0.558938698,-0.529773712,DCTN1
1.573919915,0.47820727,NT5DC2
0.154144048,-0.081365585,RAVER1
1.801007424,-2.683031718,NACA
0.504703682,0.231936773,PDHX
1.410835196,0.201349894,SDHA
0.642189402,-0.507099152,PAICS
0.476487948,-0.397899628,GALNT7
0.508558418,0.267986933,AGK
2.132519023,0.811355591,CCNB1
0.007434854,0.006158193,OGDH
0.367613724,-0.134828568,SMC4
0.139340415,0.380270004,CCDC18
0.350809419,-0.117862701,MYO1B
2.720348839,-1.355337779,DMD
0.244464183,0.14317131,WDR6
0.397283912,-0.180578868,NUP155
0.695530652,-0.644679387,HADH
0.084985645,-0.017369588,TBL2
0.944778584,0.275267283,ERGIC3
0.02439318,-0.022348404,PRDX3
0.048647249,0.011859258,TCOF1
0.103453772,0.053385417,LANCL1
0.198878508,-0.181619008,EPB41L2
0.067075844,0.103729884,MTG1
1.266874801,-0.104446411,SPCS2
0.546160172,0.309321721,TMEM126B
2.187910087,0.472099304,EEF1D
0.383684961,-0.215472539,BCLAF1
0.511275935,-0.191017151,HYOU1
0.575052586,-0.261478424,MTFR1L
0.490765826,0.289011002,C11orf48
0.099403096,0.271023432,NPEPPS
2.497414444,-1.005507787,LAMTOR5
1.15702303,-0.593504588,CD151
1.419671082,-0.348031362,RHOC
0.158043383,0.069979986,NDUFS8
0.886751336,0.408248901,FAU
0.288012618,-0.074544271,NME4
0.021448828,-0.018677394,TMEM258
3.409790918,-1.070676804,RHBDF1
2.185684713,-0.649874369,JUP
1.006157824,0.908311208,CHD4
1.921556912,-0.441806793,PODXL
0.970878252,-0.442372004,TMED2
2.477292356,-0.590725581,SUCLA2
0.426074151,-0.155672709,DAD1
0.84842753,-0.522690455,ATP6V0D1
0.71761349,0.117177963,LONP1
0.437341318,-0.305490494,NPTN
1.43701216,-0.487742742,PARD3
0.06756767,-0.099652608,DHX36
1.209876315,0.101102193,SLC3A2
0.683769782,0.399205526,PUS1
0.496934887,-0.749247869,GBA
2.307278362,-0.787591934,ANKLE2
0.38363529,-0.101085663,VMP1
0.841753034,-1.083554586,DCTN2
0.383666461,-0.396326701,EIF3A
0.494796213,-0.445210139,SEC23A
1.841399474,-0.978034337,TSG101
1.857755362,-0.978062312,ATP6V0A1
0.421915027,-0.175178528,NUP133
2.063384829,0.545337677,GRSF1
0.645365512,-0.203030904,TAP1
0.568116493,0.233875275,MYO1C
0.224306527,-0.333621979,MAGOH
2.038782048,-2.172286352,CDK17
1.548714521,-0.839430491,RPTOR
0.877148913,0.282434464,TRAP1
0.277858627,-0.063961665,IARS2
1.05984043,0.662346522,PDE12
3.155674891,0.547458013,CAD
0.051466041,-0.025789897,DDX39B
1.527883044,-1.100439072,RITA
0.396277255,-0.207302729,PLXNA1
0.441089962,0.294123967,DENR
0.789225111,-0.352268855,CSRP2
0.411560666,-0.110326131,SLC38A1
1.393252105,0.661316554,SMARCC2
1.359902216,-0.488665899,PPP1CC
0.680003995,-0.559754054,PRKAG1
0.577523459,0.382273356,AK2
2.348737079,0.525328318,MYL6
1.014390109,0.221980413,HNRNPA1
1.305504533,0.232725779,UBAP2L
0.921844488,0.154359818,RPL32
1.367240343,0.728159587,FAM162A
0.089905297,-0.036698023,YTHDF1
2.478852991,-0.750888824,MACF1
1.987715808,0.932783763,TOMM5
0.717046381,-0.44996198,IGF2BP2
1.935411163,-1.294500987,STX3
0.685088825,-0.262398402,RCN2
1.969810946,-0.692539215,DTNA
0.984002758,-0.947599411,ALG3
1.826399444,-0.663809458,NDUFV1
0.835040413,0.143434525,PON2
0.529219696,0.182898839,RPL18
0.693458607,-0.513806661,ATP5J2-PTCD1
2.544806894,-1.07391866,CTAGE5
0.845422718,-0.147153854,NDC1
0.876368137,-0.27910169,MAP4K4
0.225149187,0.104563395,RBM39
0.470953341,-1.073965073,LAMB1
2.258754814,-0.754744212,RFTN1
1.450598244,-0.819845835,GPR107
0.319453358,0.293654124,ITPR1
2.085222033,0.570177714,MRPS22
0.929461448,-0.339215597,PDIA3
1.370043801,0.162400564,HNRNPH1
0.771759831,0.322556814,SMPD4
0.360350397,0.408903122,MTHFD1L
0.162313539,0.130102793,SLC30A7
1.767483792,-1.219153086,ABCA3
1.052002034,-0.385843913,MTX1
0.067379666,0.017839432,CALM1
2.699960664,0.647888819,PISD
0.143079952,-0.097822189,EMC4
1.182365553,-0.352430344,CERS2
0.255284761,-0.104784648,IDH3A
0.025973246,0.017788569,SRP14
0.254507783,-0.194307963,ALDH1A2
1.181178301,-1.045521418,RPS27L
1.305208736,-0.482650121,DDX17
2.453936309,-1.040384293,SPNS1
0.052405572,0.031008403,RNPS1
0.946811629,0.377389908,RSL24D1
1.145326037,1.252438227,IST1
1.063325229,0.36774826,FUS
0.219797208,0.135545095,NDUFB10
0.146140481,0.077336629,HAGH
0.581791115,-0.545444489,APRT
0.600719007,0.127039591,EARS2
0.395904495,-0.252072016,C16orf58
0.817589586,-0.711219788,LRRC57
0.946690208,0.351640701,
3.096829849,-0.588761648,ATXN2L
0.01419543,0.009841919,NOB1
1.496043859,0.225828807,TMEM209
0.436925955,0.302530289,PCMT1
0.791507885,0.648873011,NUPL1
1.678798731,-0.446577072,PDIA3
0.216666331,-0.165076574,SUMO2
0.128879833,-0.048854192,YIPF4
0.816356202,-0.537296295,SLC35E1
1.10839922,-0.979040782,BET1
0.341316524,0.166700363,ART4
0.702359526,0.455917358,NIPSNAP1
0.06484445,0.034322739,DDX19A
4.713856785,-0.54756546,NSF
0.893749895,0.387634277,PAM16
3.383879682,1.286298116,NEURL4
0.141637038,-0.062433243,MYBBP1A
0.035722677,0.018417358,RPS15A
2.345936078,0.415897369,ATPAF1
0.268559603,-0.096371969,NUP88
2.55174916,-0.709821065,NDUFA13
1.319899442,-0.548948924,PI4KA
2.255116691,0.848986944,OXA1L
0.668761365,-0.3818175,CYB5B
0.088419105,0.1338679,CHID1
0.060332378,-0.09011968,ALDH6A1
3.876471533,1.292513529,TRABD
0.113642062,-0.10697937,PTRH2
0.297287764,-0.052670797,FKBP8
0.727130668,0.275170008,C6orf120
0.733478391,-0.390244802,APOL2
0.03964977,-0.031103134,RPL36A
0.714951,-0.112181346,IARS
0.800848645,0.183296839,IVD
0.324417265,-0.29108874,SLC39A11
0.301721162,-0.220026652,RPL17
0.044757764,0.018577576,ICT1
0.637828198,0.763507207,DCXR
0.487099792,-0.227674484,FBXL20
0.386851462,0.257410685,RPL19
0.764398606,-0.228683472,SRSF1
2.379971974,0.310665766,SCO1
1.967029724,0.314745585,MRPS23
1.529267571,0.614562988,MRPS7
1.106838488,-1.14451472,LIMD2
0.559660454,-0.167879105,FDXR
2.696135467,0.340994517,ALDH3A2
1.245918181,0.715970357,MYL12B
0.477552362,-0.773796082,YES1
2.195243176,0.624792099,CHCHD6
1.134058409,-0.312325795,TMCO1
0.590051916,-0.491017024,RPS15
0.901903818,-0.674651464,EFTUD2
0.179501969,0.31909434,H3F3A
0.464555514,-0.159451803,PRKCSH
0.238211132,-0.199455897,TMEM205
0.915805488,-0.68120575,PIN1
1.684460706,-0.669406891,SNRPD2
0.743181458,0.186307907,MRPL4
0.325259543,-0.111385345,DCAKD
0.247728518,0.120124817,SARS2
0.345658006,-0.310435613,C19orf10
2.011947554,0.575164795,FBL
0.832175361,-0.606784185,NUP62
1.188195305,-0.478057226,AP2S1
1.231716015,-0.621518453,HNRNPM
0.795180585,-0.149724325,RPS5
0.716477227,-0.204938889,RPL18A
0.115431306,-0.166599909,EMC10
2.561994861,-0.582924525,AGPS
0.709680302,-0.22362709,KIF2A
0.946570816,-0.932798386,PDLIM1
1.032107093,-0.473814646,SNAP23
2.484241159,0.997331619,HAX1
0.882314799,-0.258850098,STXBP3
0.120630125,-0.034531911,PGRMC1
0.726987357,0.266220093,WWP2
0.02222397,0.025803884,IPO5
2.742340149,0.818075816,POLRMT
0.046850018,-0.035325368,SAP18
1.024517423,0.336137136,IGF2BP3
0.882543728,-1.672523499,PIK3R2
4.224899597,-1.001602173,GOLIM4
1.734284539,-1.36488088,AGRN
1.530859793,-0.33025233,NDUFA4
1.564498816,-0.863021851,SDCBP
0.744344497,0.367827098,NOP56
0.285480742,0.120054245,DDX3X
2.945837235,-1.05500412,SCD
0.322727246,-0.18933169,COX7A2L
0.300241296,0.117118835,IRS4
1.109840239,0.256782532,ACOT8
0.646795352,-0.282773972,CDIPT
2.082127478,-1.116097132,PDCD5
1.081564669,-0.81425794,SLC9A3R1
0.026165415,-0.021677653,PSMA7
0.219717901,0.09269015,SCAMP3
0.661274405,0.924554189,MGST3
0.587486811,-0.170634588,TIMM23
0.134525065,-0.150372823,CASK
1.498380188,0.254776001,UQCRQ
0.607699272,-0.743820826,RAB7L1
2.204822469,-0.664126078,CLGN
1.599688252,-0.686782201,PPP1R12A
1.193181092,-0.230260213,SLC27A2
0.438885331,-0.150754929,HNRPDL
1.753129189,-0.283355713,XPO1
1.053085228,-2.609980265,BTAF1
2.869625392,-1.41746521,PLXNB2
1.108745764,1.060548147,U2SURP
0.139196691,-0.221192678,KIAA0391
1.371562852,-0.512612025,SCAMP1
1.081153435,-0.235876083,SCAMP2
2.282785485,-0.513654709,PGRMC2
1.001669519,-0.69805781,GNPAT
0.830389828,0.46701622,MRPS12
2.117030736,-0.473834356,RER1
0.830062721,-0.304777145,SURF4
0.222110119,0.033248266,SPTLC1
0.523228843,-0.311861674,SPTLC2
1.453437244,-0.332846959,STX7
1.939481844,-0.847637812,ABCC4
0.165030564,-0.062899272,YKT6
0.37841878,-0.227180481,PHGDH
3.109220529,-0.563498815,NDUFS4
1.116670382,-0.436022441,ZW10
0.409601147,-0.112731934,EMC8
0.797600766,-0.536249161,MBTPS2
0.843394006,-0.207970301,EPB41L2
0.766323009,0.338542938,TIMM44
2.549268878,-0.546452204,NDUFA2
1.270043736,-0.451086044,ACTN4
0.004365186,-0.007394791,SLC25A20
1.870467283,0.605103811,SCO2
1.156578202,-0.621788025,SLC37A4
0.088619398,-0.025027593,IDH3B
1.867929621,-0.546860377,CALU
0.361265717,-0.399025599,AHCYL1
0.632586571,-0.461228689,NDUFS5
1.908980787,-0.863595327,PEX1
0.970146229,0.276033401,TIMM8A
2.66435879,-0.689467748,OPA1
0.304466632,-0.145353317,ACSL4
2.512023974,-1.074762344,SNX3
1.425188646,-1.098243078,STX10
0.29898825,-0.141812642,SYNCRIP
0.476668163,-0.405369441,PLOD3
0.396881194,0.165790558,ICMT
2.002533147,-0.410074234,DPM1
2.107909545,-1.177331289,USO1
0.033467893,0.046934128,MRPS14
4.436214176,3.757797877,HIST1H2BK
0.541118951,-0.423512777,CCDC22
1.888260591,-0.391073227,PRAF2
1.734484849,-0.557116191,EIF5B
0.102004887,0.104168574,EDF1
0.781515218,0.156363169,DNAJA2
1.206013492,0.251636505,ABCB7
3.188998753,-1.452193578,ROCK2
1.508018113,0.162183762,HIP1R
0.191193341,0.416789373,DNAJC13
1.34966142,-0.681792577,DNAJB6
0.49449964,-0.189085642,NDUFS7
0.66783901,-0.273301442,NDUFS2
3.007918301,0.523156484,GBAS
2.190844704,-0.927892049,ATP6V1G1
1.83294766,-1.108311335,FLNB
0.62960347,-0.262135824,NDUFS6
1.307867827,-0.593557358,PEX14
1.569640745,0.359674454,MRPL33
0.324193348,0.036288579,SEC22B
0.043919467,-0.050524394,PRPF40A
0.59826136,0.28324,PMPCB
2.31451336,-0.59390831,ERLIN1
1.395486105,-0.21999677,NDUFS3
1.830211252,-0.31511116,ECI2
3.600532026,3.327837626,BANF1
0.159533829,0.048852285,ERAL1
0.358213946,0.302842458,SNRNP200
0.648511439,0.481779099,TRMU
0.784075557,0.376849492,SLC25A12
0.223015569,-0.048608144,ZMPSTE24
1.694072753,0.963499705,STAM2
3.167784756,-0.591877619,ATP5H
3.13816383,-0.896884282,FLOT1
0.816592307,-0.523461024,ATP5L
1.085031303,-0.209801992,CPD
2.194394398,1.058264414,RSL1D1
0.215268591,-0.131144842,WFS1
3.359714975,0.788764318,CLPX
2.365714891,-0.525142034,SRP72
1.71038385,-1.087329865,B3GAT3
0.602930313,0.212358475,TOMM70A
1.895659261,-0.499206543,UFL1
1.546850624,0.304069519,ERLIN2
0.942135327,0.18080012,GLS
1.220640044,-0.630425771,AP2A2
1.34626225,0.262353897,MFN2
2.32447122,-0.465591431,NDUFB4
1.108647705,-0.692465464,NDUFB8
2.035510878,-0.577957789,NDUFA7
0.305449703,-0.291439692,VAMP5
0.335570239,-0.21110789,RTN3
1.210560549,-0.273362478,LETM1
1.966614926,-0.160657247,VAPB
1.987042851,-0.515626907,MPZL1
0.312507704,-0.165311813,SMC2
0.438437564,1.604407628,UTS2
2.307469235,-0.442099889,SGPL1
2.974331489,1.334437052,NSA2
0.072991568,0.038693746,MPC2
1.290498796,-0.228631973,ACSL3
2.359349124,-0.482148488,CDS2
0.409543477,0.546404521,HERC2
0.047479648,0.053960164,RAB3D
1.183358957,-0.374401728,AP2A1
0.192500902,-0.171290716,STAU1
1.23218563,-0.332525253,BAG2
1.594221787,0.414562861,AIFM1
0.094779043,-0.077377955,TXNDC12
0.897477581,-0.828788122,CLPTM1
3.614114406,2.389323552,TOMM40
2.202198886,-0.816557566,PEX11B
1.165022234,-0.384427389,PAK4
1.172106467,-0.577229182,CYB5A
0.258608682,-0.285203934,LDHA
2.379828313,0.670007706,GLUD1
0.663622393,-0.313579559,CYB5R3
0.83809941,0.51075236,GSR
0.029322755,-0.012193044,MT-CO2
0.561221285,-0.306358337,GOT2
0.803260208,-0.827355703,PGK1
0.737893047,-0.191141129,NRAS
1.590227141,-0.83316803,KRAS
1.23215036,0.684247971,HLA-B
3.749466472,2.800617218,LMNA
1.668769647,-0.46987915,TFRC
2.759704427,-0.773424149,MT-ATP8
0.640783622,-0.351929983,ALDOA
2.037028394,0.305151622,APOB
0.867443736,-0.235757828,OAT
0.0250097,-0.017960866,GAPDH
0.13665734,-0.04417038,HLA-A
0.460086574,-0.304361979,TP53
1.025624523,-0.20267868,RPN1
0.536107028,0.153035482,RPN2
1.573993192,-0.194307327,GNAI2
2.732613356,-0.471549988,ATP1A1
0.213460786,0.471590678,ARG1
0.703760464,-0.318845113,ALDH2
0.41294124,0.042564392,SLC25A5
0.255089078,0.09688886,EIF2S1
2.800844388,2.034638087,HMGN2
0.450400079,0.681028366,RPLP1
0.72969356,0.173513412,RPLP2
0.02894065,0.010305405,RPLP0
2.631017522,-1.009503682,ITGB1
0.099847558,-0.045440674,KRT18
2.383751669,0.633225123,MYL3
2.532738833,-1.25570488,GLA
0.462824348,-0.153305054,CDK1
2.360342513,-0.463199615,ATP5B
1.865506202,-0.627140681,ENO1
2.959487604,0.524155299,NPM1
0.261003916,-0.101398468,TPM3
3.850681251,3.885769526,HIST1H2BJ
1.418584547,-0.709852219,EPHX1
0.18344381,-0.246500015,LDHB
1.690002355,-0.5585982,P4HB
1.289611808,-1.334271749,CTSD
1.811870909,-0.418460846,ANXA2
0.076747287,-0.045236588,TUBB
0.209524815,-0.396151861,PFN1
0.141676587,0.042528788,EPRS
0.434817989,-0.262896856,HSP90AA1
1.914972091,0.487366358,UQCRH
0.388400324,-0.197210948,LYN
0.434579275,-0.181098302,FH
1.635609123,0.383165995,HSPA1A
0.195077334,-0.135333379,PFKM
0.022299185,0.026316325,HSP90AB1
0.700084582,0.165055593,SRPR
0.544171229,0.327655792,ASNS
0.277209799,-0.141770045,PDHA1
1.692499767,1.077637355,CYC1
1.530911781,-0.488476435,SNRNP70
3.294399972,-0.722300212,VIM
0.638802646,-0.163314819,RPS17
1.17860001,-0.274500529,GNAI3
1.290946843,0.68631808,HMGB1
1.875237997,-0.628785451,CLTA
2.28781332,-0.919612885,CLTB
1.951206275,-0.58417956,CNP
0.688326711,0.17906189,DLD
0.132129633,-0.038766861,COX6C
4.940851744,6.035970052,PARP1
0.50663607,-0.539543788,UCHL1
1.578326854,2.280560176,H2AFZ
1.0760951,0.430845261,CISD3
0.373805201,0.232131322,FDX1
2.62895697,0.380893071,HIST1H1E
0.183019026,-0.11657842,DLAT
3.017752384,-1.496048609,PTPRF
0.131420405,0.066120783,TXN
0.061061472,0.012801488,COX5B
1.707358391,0.342140198,HSPD1
0.531799295,0.143110911,HSPA5
1.606797784,0.273220062,HSPA8
0.800539431,-0.844717026,SLC2A1
0.0243545,0.008951187,EPB41
0.595551378,-0.241903941,PDHB
3.773902107,1.767713547,DBT
1.217593636,-0.181809107,RALA
4.003748579,-1.626577377,LAMP1
0.622684426,-0.261068344,ACADM
3.393293255,2.213977178,TOP1
2.94724987,2.830010096,TOP2A
0.746292214,-0.194083532,PC
0.911405427,-0.358037949,MTHFD1
1.08626666,-0.263107936,IGF2R
0.293553083,0.104984919,PABPC1
2.538757483,1.561901728,PCNA
0.778854368,0.341716766,SLC25A4
3.73454039,-0.476653417,SLC25A6
0.439479701,-0.536584218,CKB
0.759111755,0.424724579,CKMT1A
3.361514608,-1.092851003,SRC
4.260026373,4.487993876,XRCC6
3.88616874,5.176647186,XRCC5
0.899943413,-0.543196996,COX4I1
1.513588646,-0.766934077,NCAM1
0.486710349,-0.27379481,EEF2
0.774128031,-0.440352758,PDIA4
0.790111821,-0.386127472,P4HA1
1.72342342,0.711311976,PLS3
0.001771569,-0.001279195,ETFA
1.623686022,-0.341491063,PRKAR2A
1.953403273,0.564630508,MTHFD2
0.512312066,-0.30009524,PKM
0.81870132,-0.387451172,HSP90B1
0.74200443,-0.198381424,COX6B1
0.043986744,0.026248296,HNRNPL
0.469654796,0.226148605,DARS
1.556461118,-0.617699305,JUP
1.53217031,0.559034348,UQCRB
0.327127189,0.138986588,PVR
0.35099087,-1.494601568,MYOD1
0.725543965,-0.323176066,EZR
0.245399251,-0.078664144,RPS2
0.707136282,-0.608235041,DSP
0.325052773,-0.356290817,CBR1
0.938398153,0.348398209,HIST1H1C
0.341019657,-0.19993337,POR
0.543940864,-0.074382782,ATP2A2
0.988585638,-0.886080424,STMN1
0.512024777,-0.113530477,YBX3
1.300385677,0.5433623,HSPA6
3.504161161,1.95525233,HMGA1
2.143642965,-0.726054509,NDUFB7
0.754099487,0.442164103,PRKACA
1.189043627,-0.677457174,CTPS1
0.017986536,0.022463481,PFKL
0.877284605,0.82988294,LGALS3
0.803544521,-0.314865112,TCP1
1.130369696,-0.2066377,PTPN1
1.304090604,-0.39088122,RPL35A
1.629725009,-0.451512655,ARF4
0.72472308,-0.165335973,RPL7
1.061683213,-0.693260829,PGAM1
1.92127913,-0.620004018,ATP5J
3.847067819,7.51789856,XRCC1
0.590059895,-0.184713999,NCL
0.990890156,0.400772731,EIF2AK2
0.070816857,0.014568329,ATP2B1
0.524916806,0.259511948,EIF2S2
0.090208499,-0.033281962,RAB4A
2.957556393,-0.397435506,RAB6A
0.128222317,0.080833435,M6PR
0.099935406,0.044842402,COX5A
2.686028221,0.309303919,LMNB1
2.284693051,-0.999101639,ATP6V1B2
2.411025666,-0.612627665,FLNA
1.507316144,0.318483353,VDAC1
1.763661288,0.224234899,SDHB
0.067283075,-0.066884995,BCKDHB
2.781227164,-0.568143845,COMT
0.787389012,-0.355098724,MUT
1.29844299,-0.667269389,OSBP
0.496515796,0.288416545,GART
2.113075301,-1.26995786,SCP2
0.117675539,-0.113301595,NME2
0.169474277,-0.041603088,HNRNPA2B1
1.312930331,0.511645635,UQCRC2
3.13809404,-0.448671341,FECH
0.057746969,0.040540695,SFPQ
0.254455172,-0.139879227,TUBG1
0.139459498,-0.105766296,PPIB
1.785210267,1.287352244,ME2
0.067382593,-0.032920837,GLDC
0.399457551,0.141702652,RPS3
0.431008091,-0.384991328,AHCY
0.260452966,-0.05927976,CFL1
1.626157963,0.983357747,ATP2B4
0.246700583,0.273401896,CPT2
1.057261623,0.868616104,COX7B
2.331794677,-0.606001536,ATP5F1
2.07492941,1.533660889,PRKCH
0.121393858,-0.102127711,ACAT1
1.2583073,0.251576742,RPS12
2.407336458,-0.576729457,FAS
2.659834246,-0.318904877,ATP5A1
1.532400074,-0.77759997,MSN
0.521954715,0.321140925,U2AF2
0.047598786,0.051011403,RPL13
0.64126262,-0.314085007,HMGB2
2.67070075,-0.512208303,PTBP1
0.049464165,-0.03866895,TARS
0.717000964,0.579989115,EEF1G
1.284408987,0.716749191,AK4
0.170792563,-0.177201589,YWHAQ
0.967374839,-0.624643962,MARK3
0.213608288,-0.075600942,RPL10
5.004181287,5.755150477,RPA1
1.389630635,-0.592891057,CALR
2.724423023,-0.484772364,NDUFS1
0.217579311,0.13856252,MAPK1
0.241739617,0.249596278,LAP3
0.221509335,0.080289841,EPHA2
1.159695915,-0.313055674,MARCKS
0.427401547,-0.226734797,GNA11
1.430115057,-0.615222931,ALDH4A1
0.365993458,-0.230582555,ERP29
0.027475525,-0.096240362,PRDX6
0.368416669,-0.463452657,C21orf33
0.326312845,0.282339096,PRDX5
1.517253235,-0.475890477,ATP5D
0.027417928,-0.013364792,RPL12
0.086603431,-0.048511505,ECHS1
0.064663641,0.086795171,PEBP1
0.602248021,0.399315516,PPP2R1A
1.964401048,0.404165904,PPIF
1.500278227,-0.2082901,HMOX2
0.628782466,-0.17921257,LRPAP1
0.261944843,0.271268209,SLC7A1
1.326179238,0.691464742,ALDH1B1
0.065853441,0.06641833,DNAJA1
3.304960816,0.56532224,UQCRC1
1.011442211,0.326658885,HNRNPH3
0.323221776,-0.25462532,YWHAB
1.302562743,-0.450621923,STIP1
1.407071033,-0.916292191,PRDX2
3.039733979,1.165615082,GK
1.827851572,0.998092651,PYCR1
0.417416551,0.055492401,RPL9
0.366127236,-0.262520472,KIF5B
0.63757555,-0.367795944,ABCC1
0.403368248,0.356232961,MCM5
0.181115397,0.118008296,SHMT2
0.335994898,-0.49362119,HSPA4
2.086977042,-1.09647878,CTNNA1
1.226469277,0.209721883,PHB
1.624954651,-0.846359889,RDX
4.202024193,7.674150467,RFC1
0.558302115,0.34410731,RPL22
3.061744039,1.078847249,MYH9
3.000608621,0.629741033,MYH10
0.949257506,-0.495524724,BSG
1.034239955,-0.240594864,NUP214
1.415708224,0.996997197,DEK
0.368661773,0.623358409,ARL2
0.794163327,-1.282489777,TRIM23
1.726695536,-0.361275355,ATP5C1
0.265310332,-0.20811971,ATP6V1E1
0.875166344,0.239630381,RPL4
0.183660614,-0.080456416,DLST
0.336801394,-0.422091802,TAGLN2
0.172140812,0.088876724,ETFB
1.366987517,0.332522074,RBMX
0.85654603,-0.47030131,GGCX
2.468881758,0.495783488,HSPA9
2.159557038,0.543715795,EIF4A3
0.21302109,-0.110029856,RPS19
0.021991684,-0.008961995,RPL3
0.000347514,0.000183105,DDOST
0.101740021,-0.046230316,FEN1
1.429858956,-0.509280523,CCT6A
0.562865047,-0.141010284,RPL13A
0.10537419,0.093391418,MDH2
0.484184317,-0.179261525,HADHA
1.041659642,0.136803309,EIF2S3
0.609532272,-0.36356926,BUD31
0.06894992,-0.059621811,GARS
1.59471453,-0.333862305,SLC19A1
0.125570434,0.125257492,PRKCI
1.292324434,-0.373781204,ECI1
2.467375561,1.648455302,TMPO
1.790556915,0.901223501,TMPO
0.79132549,-0.471769969,MTOR
0.119918767,-0.067925135,RPS27
0.363658069,-0.149181366,LRPPRC
1.104124227,-0.668820063,ACAA2
2.844963665,1.124666214,RPL35
1.675587762,-2.741275787,PRCP
1.774942196,2.821786245,MSH2
0.214306955,-0.068498611,GPD2
0.774610084,-0.553742091,RANBP1
0.255481229,0.36097463,NAMPT
0.358316721,0.127917608,TSFM
3.338190914,0.539742152,VDAC2
0.453962529,0.232192357,ACADSB
0.250078027,-0.164049784,MKI67
0.772908542,0.260760625,RANGAP1
1.86327931,0.654980977,NOP2
0.07594781,-0.16247495,MTIF2
1.249673446,0.637574514,RPL27A
1.00685047,-0.290784836,RPL5
1.477168751,0.619138082,RPL21
0.456388918,0.143522898,RPL28
0.57819861,-0.13478597,RPS9
0.556306752,-0.394109726,RPS10
1.040850784,-0.385126114,MAP1B
0.413060919,-0.144637426,UTRN
2.159188737,-0.956312815,IQGAP1
0.816776178,-0.127447128,STT3A
0.571160902,-0.443117778,CAPZB
0.604771747,-0.751027425,EIF1AX
0.857218572,0.203144073,RPL29
1.085426191,0.404357274,UQCRFS1
1.484459843,-0.19735082,ATP5O
4.074461041,-1.109458923,ARCN1
0.81858911,-0.805606842,LSS
1.186452274,-0.480148951,CCT5
0.013633401,-0.008114497,PTDSS1
0.870152043,-0.328318914,IDH2
2.421491305,-0.862435023,MARCKSL1
0.967274127,-0.628358841,CAMLG
0.855744867,-0.680473328,ALDH9A1
0.023756694,-0.005041122,RPL34
0.898691117,0.532186508,RPIA
3.176997678,-0.775267919,LMAN1
0.409093248,-0.424046199,FASN
1.035133003,-0.259628932,CCT3
0.064644645,0.071228027,MRPL19
2.758091796,0.511863708,TUFM
1.006250141,-0.312338511,ALDH7A1
0.41302098,-0.211384455,SRP9
1.349300318,0.591580073,HARS2
0.05121096,0.029992421,ACADVL
3.481970935,-0.928145727,TMED10
0.347268165,0.236175537,NUMB
0.137346409,0.030967712,RANBP2
0.108025649,-0.105798086,GSK3B
3.033906777,6.636624654,LIG3
0.683169523,0.259700775,PPOX
3.536893563,2.071172714,EMD
1.833823641,0.240184148,SERPINH1
0.59626188,-0.454666138,ST13
1.274810956,-0.445297877,DNM2
0.574039621,-0.268559138,RPL14
0.961601399,-0.289668401,CCT8
0.945720208,-0.280852,CCT4
0.514363072,-0.242981593,FXR1
1.645096249,-0.474992752,FXR2
0.260383205,-0.047240575,RAB5C
1.659364359,-0.294617335,RAB7A
2.063364595,-0.487454732,RAB9A
0.088324737,-0.04466184,RAB13
0.563586653,0.474780401,DAP3
0.705806519,-0.198232651,SSR4
0.959240512,-0.16195933,BCAP31
1.947753608,-0.768937429,HSD17B4
3.233580023,-1.19664065,VAMP7
1.33305272,0.507385254,HNRNPA3
1.024021992,-0.43954277,HNRNPM
2.038090376,1.025444667,KPNA2
0.434271942,-0.178789775,SLC7A2
0.607595467,0.279813766,HNRNPF
0.336207508,0.091150284,KIF11
1.113994482,-0.262849172,CAPZA1
0.045790258,0.039581935,NUP98
2.711696118,-0.718215307,SLC25A1
0.239048328,-0.122397741,SUCLG1
3.1078071,-1.17920812,COPB1
3.026939669,-0.981127421,COPA
1.711607924,-0.5572656,SLC16A1
3.101412565,1.45935758,SUB1
4.274579163,8.117704391,POLG
1.061685515,0.218577067,RARS
0.16590011,0.107127508,YARS
0.208184365,-0.150042216,ATP1B3
0.692112254,-0.273351034,ALDH18A1
0.854451129,-0.596595764,NAPA
0.128261353,-0.03198115,SLC12A2
1.788411809,-0.582006454,VCP
0.484947674,-0.942500432,MFAP1
0.563580293,-0.175996145,HADHB
1.789763693,0.678290049,NHP2L1
0.262738124,-0.114021301,OXCT1
0.033917445,-0.024698257,EIF3B
0.621639029,-0.192969004,ATP5J2
1.075098819,-0.203482946,NDUFV3
1.148647949,0.409710566,RRP1
0.758550419,0.261890411,MARS
1.243511907,-1.308224996,MAZ
0.042046064,0.037476858,MP68
2.032488361,-0.784464518,ATP5E
1.128678755,-1.026538213,ATP5I
1.227787875,0.504226049,EIF6
1.386404691,-0.939390182,NDUFA6
0.264943896,0.073408127,STX17
1.068962055,0.149447123,NUP107
2.025075219,-1.150829951,YBEY
0.981620473,-0.655479431,TPI1
1.315788909,-0.747449875,EIF3E
0.599834726,0.326911926,SEC61B
0.161088666,0.149703979,ACTB
1.079806423,0.589857101,EIF4A1
0.471812864,-0.117282232,RPS20
0.743244699,-1.137040456,PRPS1
1.343229452,-0.833010356,S100A10
1.416780096,-0.337151845,CDC42
1.04653261,1.841464996,DSTN
1.268397469,-0.337937037,RAB8A
0.657855825,-0.231298447,SPCS3
0.619432247,-0.107228597,RAB2A
0.912640782,-0.350353241,RAB5B
0.329026444,-0.110982895,RAB10
2.401159326,-0.307962418,RAB14
0.964846589,-0.686317444,ACTR3
2.105245948,-0.969702403,ACTR1A
1.068643395,-0.498195012,ARF3
0.879634543,-0.333844503,ABCE1
0.21898091,-0.084039688,RAP1B
2.052153123,-1.122351329,RAP2B
0.063923144,-0.033757528,RPS3A
0.157980384,0.096525828,RPL26
0.359641041,-0.134494781,RPL15
0.002321309,-0.000825246,RPL27
0.126738282,-0.094079336,RPL37A
2.599859944,-0.479774475,RHOA
0.03242621,0.048452377,HSPE1
1.775381488,1.109176,RPL37
0.080144416,0.03222084,WDR5
0.525619327,-0.181604385,HNRNPK
2.965259317,-1.001448949,YWHAG
0.372920007,-0.11536471,TIMM10
0.150328267,-0.063399633,RPS7
0.268744173,-0.11058871,RPS8
0.338302038,-0.204524994,RPS16
1.738499434,-0.575308482,YWHAE
0.075350887,-0.079411825,RPS14
0.941657609,0.695020676,RPS23
0.203556005,-0.093531926,RPS18
1.297379869,-0.601219177,RPS29
1.679165778,-0.794161479,RPS13
0.455427946,-0.33294042,RPS11
0.555053765,-0.339825948,SNRPF
0.155468422,-0.131162643,SNRPD1
0.766464126,-0.661322276,ARF6
0.819444078,0.143754959,RPL7A
0.172223244,-0.028016408,RAB11A
0.533733892,0.296685537,ETF1
0.582052235,-0.281358083,RPS4X
0.474245875,-0.086488088,RHOB
0.809918488,-0.077348073,RPL23A
0.40463964,0.182652156,RPS6
3.065953957,3.135746638,HIST1H4A
0.614658282,-0.094333013,RAB1A
0.181462791,-0.078845342,RPL23
0.221718749,0.037249247,RAP1A
1.360470648,-0.32818222,RPS25
0.599829916,-0.313373566,RPS26
2.279391437,0.835959752,RPS28
3.116776834,-0.521225611,GNB1
2.514371958,-0.589420319,GNB2
0.238143028,0.143269857,RPL30
0.430442828,0.178173701,RPL31
1.063783021,-0.20941035,RPL10A
0.341410383,0.059415181,RPL11
0.848183897,0.238411585,RPL11
0.813644243,0.17715772,RPL8
0.133100175,-0.14614296,PPIA
0.120940548,0.090283076,RPS27A
0.342736115,0.361597061,TRA2B
1.230077137,-0.325112661,RAC1
1.560760069,-0.649783452,AP2B1
3.524247463,-0.755781174,GNAS
1.830535323,-1.00222524,GNAS
1.535286105,-0.446298599,YWHAZ
0.312659749,-0.274066289,PPP2R2A
0.409297621,-0.102878571,DYNLL1
0.526276125,-0.668800354,RPL38
1.844786886,-0.857526779,GNG5
0.224090633,-0.295050939,RPS21
0.109279444,-0.119497935,EIF5A
1.086964129,-0.575084686,GNB2L1
0.172330059,-0.067841848,ACTG1
0.555639357,0.162126541,YBX1
0.678934332,-0.307891846,ACTA1
0.198051352,0.066464742,EEF1A1
0.015737499,0.008467992,TUBA1B
0.138421825,-0.088499069,TUBB4B
0.690795652,-0.276618958,CCT2
0.743822241,0.188481649,RAE1
4.278298079,3.08033816,PRKDC
1.40985956,-1.571893692,NUCB2
1.76761259,-0.373065313,BASP1
0.4594197,0.954357147,DCD
1.439163595,-0.923748016,TMF1
1.965543793,0.644346873,MRPS25
0.224793451,0.129072189,MRPS35
1.742564239,0.419371923,MRPS5
0.324358109,-0.186950684,MRPS36
1.28120009,0.584633509,MRPS11
1.13161964,0.269479752,MRPS15
0.364123659,-0.112659454,MRPS21
2.420685183,0.381078084,MRPS6
2.81174548,0.480098724,MRPS9
0.234811545,0.158037821,RPL24
3.672909967,-0.792459488,ERH
0.5725983,0.517323812,RHOG
4.285845854,-1.74050204,EFNB1
1.26974925,0.326265335,TFAM
1.07150403,-0.189201991,SLC25A3
0.287332347,0.215459824,HDLBP
0.567425973,-0.290456136,CDC42EP1
1.111143481,-0.387760798,CLTC
0.917512909,-0.778481801,FKBP3
0.016183963,-0.014916102,REEP5
1.42634245,0.171128591,HNRNPU
1.071379757,0.311694463,U2AF1
0.005554831,-0.002009074,SPTBN1
1.28510407,-0.616572698,SET
0.613178236,-0.329594294,CAP1
1.253060308,0.289599737,SLC7A5
3.012616747,-1.069147746,PFKP
0.032665265,-0.03580157,FKBP4
2.450215804,-2.113324483,NUCB1
0.394416958,0.062505722,RPL6
0.468122479,-0.471227646,AKAP12
0.169142604,-0.055999756,SLC25A11
1.262549554,-1.078395844,CAV1
2.389375529,0.598076502,LMNB2
1.164268657,-0.315531413,TAP2
0.437881492,0.399341583,SSBP1
0.069033284,0.037059784,PRKCD
0.107919481,0.112126033,COL14A1
1.672071084,-0.575486501,FMR1
2.873267089,-0.287747701,PRDX1
1.550324766,-0.372940063,C1QBP
3.633810523,-0.571079254,CKAP4
0.725751205,0.412294388,KHDRBS1
0.040608815,-0.028121312,SRSF4
0.416501949,0.171656291,DHX9
0.043749661,0.06916364,CRYZ
1.464676455,-0.877745946,GOLGA3
2.138887526,-0.977980296,GOLGA2
2.072150913,2.068745931,NSUN2
1.593308491,0.529517492,RBBP4
1.669150038,-0.877195994,AHNAK
0.164803014,-0.245262782,MGAT2
3.540164712,-1.058538437,GALNT2
0.54920451,0.276159286,PMPCA
1.985807011,0.364045461,KIF1A
0.924327744,-0.440343857,ASPH
0.707690035,0.354867935,AIMP1
0.490805836,0.230536143,ILF3
1.419400477,-0.525796254,LMAN2
1.623084829,0.989056269,PTPN13
2.787821791,-1.361270269,DLG1
0.073910267,0.050142288,BNIP1
0.086999721,0.07303683,ECH1
1.994624359,0.458706538,MRPL28
1.817799177,-0.730186462,PRKAA1
0.351485225,-0.140700022,PPFIA1
0.733302229,-0.272993724,HNRNPA0
1.136260087,0.451955795,AIMP2
0.044892386,0.032217662,PRDX4
1.927750364,2.132708232,CBX3
2.064125262,-1.317462285,STX5
1.077797945,-0.617442449,DNAJC3
1.019329816,0.617954254,SRSF9
0.990260626,-0.31591479,SRSF6
0.325919893,0.315898259,TRIM28
0.224541364,-0.150362651,G3BP1
2.33774516,-0.808858871,PTK7
0.508925375,0.096836726,PABPC4
2.771578641,-0.358366648,EIF3I
0.987097954,0.324172338,MRPL49
1.44003442,-0.309518178,NNT
1.966024048,-0.401959737,SNTB2
0.821638885,-0.362939199,SF3B2
2.504472237,-0.771176656,PICALM
0.944865662,0.425326665,IQGAP2
1.072479304,-0.411691666,STIM1
0.943241396,0.45582517,TRA2A
1.705729097,-0.334164937,PEX6
0.376039243,0.14196523,FHL1
0.536355558,-0.179501216,MOGS
2.084225141,-1.571369807,PMAIP1
0.57466502,-0.327987671,ARFRP1
0.821851116,-0.107209524,SPTAN1
0.371115482,-0.208580017,SNTB1
0.485389336,-0.2727712,CUX1
0.072915672,0.088342667,CKAP5
0.552660973,0.16157341,HNRNPD
2.991234405,-1.0762736,SCARB2
2.294823942,-0.958158493,DSG2
2.138306055,-0.443981171,SCRIB
0.197852957,0.106592178,MLEC
0.836512187,-0.304109573,DYNC1H1
0.56197052,-0.313108444,MAP7
1.429536195,-0.980435689,CTTN
3.748473986,-0.92507871,FLOT2
0.783218264,-0.251699448,CAPRIN1
0.449609448,-0.118680954,PDIA5
2.33125337,-0.735776901,ITPR2
1.896388229,-0.460502625,ITPR3
1.706190647,-0.701987584,CLINT1
2.073359027,-0.667966207,SMC1A
1.119330256,-0.994972229,RRP1B
0.375458588,-0.330186844,MESDC2
1.01483302,-0.372473399,GANAB
1.078014767,-0.168230693,LBR
1.599414103,-0.496931712,GOLGB1
1.833368237,-0.585103353,RAB39A
0.888161452,0.782786051,KPNB1
1.631346978,-0.297662099,NOLC1
0.412626733,-0.28491656,NUMA1
1.832635677,-1.126962662,SLMAP
0.007987097,0.001727422,EMC2
0.612922739,-0.127274195,LARS2
2.204930257,0.985392253,SLC39A14
0.041488716,-0.014219284,KARS
2.149098328,-0.84821256,EEA1
0.15681165,0.078882853,PDK1
1.845103519,0.652570089,PDK3
1.099262982,-0.433359782,NOMO1
0.070664531,-0.10084343,PPA1
0.010896756,-0.00811259,NONO
0.691826032,-0.15715154,RAB35
2.602916174,-0.323989868,RCN1
1.358995607,-0.604073842,LLGL1
1.381455616,0.311505,PCBP1
3.33976503,-1.185754776,RHEB
0.172110609,0.251601537,TOMM20
0.076394128,-0.066985448,SF3B3
1.147106946,1.703257879,SAFB
1.235951757,-0.477839152,SEC23B
2.528031068,-1.020938238,SLC9A3R2
1.457301869,-0.682963689,SF1
0.472103907,-0.63536644,TRIP13
0.58188728,-0.879269918,MAPRE1
0.441043812,0.149110158,ELAVL1
1.651470629,-1.052326838,NSDHL
1.66008443,-0.370205561,SLC1A5
0.520304601,-0.151403427,VAMP3
1.456233524,-0.604890188,07-Sep
2.103779628,-1.266033808,PKN2
1.674311657,-0.657018661,DPYSL2
0.09815303,-0.09208107,OCLN
1.005180503,-0.916502635,DBN1
0.100593878,0.066752752,NDUFA5
0.821842411,-0.153327306,CLPP
0.025049132,0.009174983,TST
3.183568309,3.424547195,HIST2H2AA3
1.271652757,-0.745260239,NDUFA9
0.132131971,-0.150969823,PCK2
2.462888066,0.445611318,IMMT
1.006801756,-0.609311422,LEPRE1
0.062321994,-0.093013128,HSDL1
0.181321262,0.162403107,ARL13B
3.340779091,0.774028778,TIMM50
1.183722501,0.314272563,NADK2
0.545338283,-0.401632309,GXYLT1
0.550010096,0.306056976,ACSF3
0.329698382,0.177282969,ANO6
1.830402859,-0.745832443,TMEM259
0.977969561,-0.975541433,AGPAT9
0.612732475,-0.162478765,HSD17B12
0.551809816,-0.216890971,RABL3
0.281446863,0.352208455,COQ5
0.769969297,-0.344402949,MOV10
2.224788768,-0.843166987,MIA3
0.503146514,0.459826152,PHF6
1.672638959,-0.456102371,PITRM1
0.595547281,-0.296758016,COA6
1.943806499,0.721292496,TOR1AIP1
1.333167222,0.538178762,AARS2
0.614234464,-0.244819005,DLG3
0.013810998,-0.004747391,TMEM230
0.020198137,0.042215983,UBE2NL
0.691651464,-0.306341807,SLC27A3
1.18080408,-0.705925624,SPECC1
0.566516464,-0.341096242,MRPS18A
0.00956819,0.007688522,RALY
1.169375686,-0.546941121,VARS2
0.500220361,-0.17459933,RARS2
1.554249806,-1.202927272,FKBP15
0.967494522,-0.519716263,C9orf114
3.781248858,1.022050222,IBA57
1.079787279,0.319071452,MRPL2
1.795999184,-0.300216675,ADCK3
1.897451869,1.182824453,ATAD3B
0.257813264,-0.186294556,MNF1
0.92035818,0.276767731,MINOS1
1.349540778,-1.458576838,CROCC
1.864156609,0.78338623,LYRM7
1.17327024,-1.025704066,GHITM
0.045664692,0.042339325,PRPF38B
0.128756533,0.173899333,CDKAL1
0.488567686,0.072493235,ARHGEF2
0.014122793,0.014044444,LRRC16A
0.33015729,-0.209471385,QIL1
0.137396973,-0.044891993,STEAP3
0.76619272,-0.30095164,GLT8D1
2.491384942,-0.981019338,LAMTOR1
0.380523639,0.127258301,DHRS7B
3.453252737,-1.792882284,RAB12
0.614006875,-0.276764552,SLC25A24
0.765068764,-0.314626694,TMEM214
2.155622414,-0.39608256,PTRF
0.363135917,0.349654516,RPUSD3
0.152227713,0.231733322,LPCAT3
0.171527475,0.151770274,MRPL14
0.394747585,-0.989269892,SLC27A4
0.120191523,-0.050181071,EDC4
0.183068275,-0.233803431,PRPF8
0.730209711,0.334295909,SFXN4
0.4830288,-0.708588282,CASC4
1.012295145,0.442047119,DARS2
0.913114837,-0.972312291,RHBDF2
0.213751535,-0.174583435,CCDC137
0.192651573,0.077822367,LARP1
0.27864896,-0.061185837,SLC30A9
0.409393114,0.101964315,SARM1
1.889488891,0.478151957,MTHFD1L
1.985684434,-0.25815773,LCLAT1
0.179681185,-0.174107234,DHRS13
3.717586236,1.409901301,APOOL
1.607714896,-0.530604045,PTPLB
1.189863845,-0.240150452,HSDL2
1.121851804,0.265552521,NFXL1
0.216886119,0.376986186,QSOX2
0.283408214,-0.130315781,ACSS1
1.844526745,-1.031180064,TMTC3
0.138955089,-0.145455043,ACAD11
2.494935139,1.710464478,USP30
1.894866668,-0.829151789,IKBIP
3.200357529,3.513911565,HIST2H3A
0.430140527,0.267357508,LARP4
0.111977917,-0.065290451,SND1
0.861949188,0.297849019,COX15
0.475111268,-0.291699727,DDX46
1.460418134,0.309014002,TRMT10C
1.878902227,0.591130575,DHX30
0.203383518,-0.193049113,CYFIP1
1.562035066,-0.731554667,LPCAT2
2.653516179,1.397340139,TAOK1
0.692006131,0.458807627,FASTKD5
0.307619993,-0.058736165,ZC3HAV1
0.635905132,0.308754603,MRPL21
0.683840372,0.128647486,MAVS
0.979105765,-0.791409175,GOLGA7
0.053596461,-0.009216309,MRPL55
0.233896808,-0.131192525,TMED4
1.622512611,0.473918279,MRPL10
0.175527166,0.103628794,GLRX5
0.863056933,0.421005249,ACOT1
2.241438543,0.4244531,MTDH
0.286757492,0.281407038,AGPAT6
1.380263664,0.243605296,KTN1
1.101680994,0.423446019,NLRX1
1.577646665,-0.472937266,TXNDC5
0.056557302,-0.051762263,ALYREF
0.591046131,-0.320259094,CAND1
0.57409524,-0.396670659,RPS19BP1
0.679634227,-0.677642186,TMED7
0.791313335,-0.348718007,STX12
1.343816421,1.139273961,RAB43
1.508614096,-0.988599141,PLD3
0.535914084,-0.159854253,MCAT
0.392723118,1.1693573,ZBTB8OS
0.828612367,0.258763631,DNAJC10
2.917319236,0.596849442,RHOT2
1.939365123,0.313758214,RHOT1
1.513105909,0.473725001,MRPL41
0.408660463,-0.318744659,PNPLA6
0.512755665,-0.318196615,PPAPDC2
0.873203731,0.276831309,FTSJ3
3.362629199,0.684890747,SUPV3L1
0.336554168,-0.219758987,EXOC8
0.020186323,0.021778742,THNSL1
0.479385065,-0.209184011,KIAA2013
0.896949925,-0.976707458,KATNAL2
1.152840346,-0.518762589,CMTM4
0.779659242,0.670525869,RBFA
0.978414421,0.234963735,NDUFAF2
0.01870889,-0.007300695,NUP93
0.004352083,-0.002181371,LRRC47
0.994747532,-0.567814509,ANKRD35
0.61133146,0.807107925,GUF1
0.644158658,0.227844238,
1.245927344,0.871686935,ZADH2
0.086400728,0.063347499,SMIM20
0.692763663,0.515313466,TMEM57
1.097329452,-0.395729701,CISD2
0.671205584,-0.163487116,JAGN1
1.4346691,0.243506749,MRPL50
0.892976713,-0.238791148,EMC1
1.797358108,-0.366753896,ENAH
0.76238926,0.157732646,MRPL43
1.064204972,-0.281272888,GOLM1
1.330418988,-0.446289063,COLGALT1
2.159383658,-0.890350978,UBAC2
0.936748123,0.182864507,RDH13
0.360734714,0.34496816,TTC13
0.211024551,-0.071186701,ATAD1
2.060527655,0.354921977,SERBP1
0.508259566,-0.2407945,KCT2
2.710848598,1.528428396,LEMD2
0.624876121,0.405416489,NOA1
1.371291634,-0.441083908,CNNM3
0.044085914,0.05329895,ABCF1
1.38570107,0.506377538,MCU
0.518545359,-0.333396912,LPCAT1
0.049271944,0.042785009,TOR1AIP2
0.611810711,0.546646754,MOSPD2
0.472353747,0.169675191,GRPEL2
0.124586173,0.080584844,GADD45GIP1
2.480519672,1.268884023,NUBPL
0.611175819,-0.320119858,GOLGA5
1.337878387,-0.644618352,FAM57A
1.602015079,-0.288592656,RDH11
0.474821915,0.171175003,MRPL30
0.135865036,0.049740473,STT3B
0.635425015,0.502820333,PNPT1
0.397767404,0.256725311,HM13
2.244918805,1.704516729,GPT2
0.56402565,-0.513300578,NUP210
1.114203849,0.504520416,CHPT1
0.451107153,0.268047969,PTPMT1
0.775609792,-0.640814463,PDCD6IP
2.82086863,-1.247189204,NAT14
1.893252407,0.769484838,TFB1M
0.290545497,-0.151463191,SCFD1
3.156496095,-0.789629618,FAR1
0.159288474,0.038755417,C2orf47
1.252059786,-1.202811559,CKAP2
0.452514857,-0.132947286,BRI3BP
0.043218528,-0.017726898,DDX1
0.06058337,0.07821401,SLC39A7
2.868930953,-0.790918986,H1FX
2.292691632,-1.905381521,GBF1
0.681578237,-0.357364019,TM9SF4
0.690482732,0.372392019,WASF1
0.512947705,-0.25424703,AP3S1
1.123745936,-0.241881688,UBXN4
2.547583264,-0.386571884,LPGAT1
1.394439971,-0.677676519,GCN1L1
0.695160995,-0.163187663,NUP205
0.825379405,0.339329402,MRPS31
1.054939332,0.224074046,AKAP1
0.516641404,-0.148122787,ARPC1A
0.152956415,-0.156915029,TAF15
1.229548358,-0.396052678,RAD50
0.04815149,0.02341334,GLG1
1.98379004,2.603447596,UPF1
0.639730176,-0.264781316,KHSRP
3.855933179,4.000497818,HIST1H2AC
1.861205626,-0.717749278,YIPF5
0.170027464,0.152671814,RPL36AL
0.527990863,0.592468898,GFM2
1.570529856,-0.410572688,NCLN
1.048303583,-0.690184911,ERGIC1
2.122916587,0.586091359,TBRG4
2.036101858,-0.37293752,CCDC47
1.572564373,0.658190409,MRPL24
0.150640533,-0.11650149,EXOC4
1.709597563,0.238526662,LRRC59
1.625112042,-0.801209132,ARL8A
0.406264839,0.226158142,SELRC1
2.141808799,0.682565053,PYCR2
1.541107935,-0.361366272,GRAMD1A
1.142983923,0.237288157,FAF2
0.160500321,0.144562403,CCDC124
1.733342452,-0.698570251,AP2M1
0.98727606,-0.327070872,ADCK4
0.26823109,0.275183996,RAB39B
0.463338426,-0.200979233,DNAJC19
1.217898407,0.389401118,MRPL38
0.037201076,-0.020929972,MRPS24
1.262519118,0.340081533,MRPL53
1.048922151,0.477916082,CCDC51
0.727564252,-0.234497706,SMIM12
0.831427696,0.301544189,DNAJA3
1.946874489,0.473366419,PTCD3
0.436026663,0.090541204,MMAB
0.00255742,0.00118192,EDC3
0.722291218,-0.653313955,ZC2HC1A
0.627416486,-0.382766088,MYO19
0.639635727,0.50996081,ERO1L
0.348979219,0.32825915,PRR11
2.008064811,0.250029246,PGAM5
2.541877743,-0.508763631,DDRGK1
0.526116623,-0.768800735,DHTKD1
0.420246947,-0.338381449,FUBP3
1.955674428,0.649937948,NARS2
0.550823837,0.455851237,SUCLG2
1.029533831,-0.16330719,USMG5
1.959240639,-0.918919245,CDK5RAP3
2.338964679,-0.846256256,TMX3
0.227615751,0.256375631,CLPTM1L
1.300072218,-1.219610214,DNAJC1
1.667303848,-0.696467717,SNX27
1.140143619,-0.494946162,MBOAT7
0.486145454,0.142201106,SFXN2
0.130361441,-0.129919688,RBM14
1.337846555,-1.333124161,VPS35
0.993510902,-0.922027588,GFM1
2.064828387,0.166611354,ERGIC2
2.515936038,-0.843694051,MCCC1
1.970629502,2.600090663,TWINKLE
2.492852804,-0.797778447,ERBB2IP
1.915740363,-0.538131714,PIGS
1.204046855,-0.467241287,CLCC1
0.735676127,0.701079686,CDK5RAP1
0.512026052,0.131599426,YME1L1
0.058723878,0.059256872,RMDN3
0.30826093,-0.319456736,SEC62
0.895241509,-0.206759771,SDF2
1.571977816,-0.51770401,PARK7
0.35789941,-0.099351883,VAT1
1.916990449,-0.42020607,PKP4
0.55101571,0.120871226,PHB2
0.664966506,0.206019719,CHP1
0.677561992,0.292901357,HSD17B10
0.179935448,0.048463821,HNRNPAB
1.607484697,-1.028167725,NAPG
0.872097253,0.346001943,MIPEP
1.08196779,-0.531121572,TM9SF2
1.357884633,-0.420252482,SLC29A1
0.350488302,-0.211900711,CCT7
0.252945336,0.14088122,AGPAT1
0.10070429,0.069441477,PKP2
4.82346215,1.948652903,VRK1
0.412784411,0.610301971,AKAP9
1.149188481,0.80366834,DDX50
0.511912775,0.523402532,ELAC2
0.320675959,-0.415561676,GRWD1
4.466636916,5.956737518,MACROD1
0.497295785,0.186969121,ECSIT
0.995879767,-0.741975784,C17orf62
2.944297524,-0.449567159,VKORC1
0.289715409,0.150165558,MRP63
3.158253224,1.123675028,MGME1
0.033629826,-0.028802872,MRPL45
2.272252316,-0.583966573,SDF4
0.26758966,-0.124267578,ADPGK
0.869054976,0.362559001,PELO
0.45624919,-0.266513824,ERP44
0.046179819,0.048817952,NTPCR
0.44377163,0.218520482,C19orf52
0.435472024,0.107662837,TACO1
1.658886076,-0.379508972,ESYT1
0.016610035,-0.008087158,ALG1
1.089702502,0.581663767,LRRC1
1.049760325,1.057847341,PI4K2A
0.134506584,0.053846995,TMEM43
0.163312932,-0.26904424,DHRS4
1.575556495,-0.593432109,LMF2
1.785203139,0.785017014,NDUFAF3
0.513108098,0.162302017,MMTAG2
3.799655514,-0.558666865,TMEM70
1.009365394,-0.850978216,TUBB6
0.361181363,-0.147994359,VAMP8
0.710266435,-0.340897878,TMEM109
0.067369731,-0.093594869,PTDSS2
2.76507534,-1.067860921,TMED9
0.327311744,-0.102930069,TIMM21
0.287647636,0.149487813,ELOVL1
0.89407662,0.149021784,TARS2
0.527022051,-0.224351247,SFXN3
1.162232384,-1.089341482,HINT2
0.827161797,-0.540380478,NUSAP1
0.955235585,-0.25429217,CECR5
2.964868384,-0.877429962,CADM1
1.166793179,-0.975203196,POLDIP3
0.144499785,-0.127161026,MRPL32
0.558733171,0.498821894,MRPL20
0.640860086,-0.143393199,MRPL9
0.599300113,0.267611821,MRPL1
0.046478655,0.019058228,MRPS26
0.501251485,0.239519119,MRPL37
0.713109153,-0.288993835,GTPBP4
1.350221304,-0.393446604,OSBPL8
0.096333549,0.115102132,LRRCC1
0.729900073,-0.788082759,ELOVL4
0.79418921,-0.254365921,SLIRP
2.080858548,0.419816971,MFF
3.430760864,1.817269007,CLPB
0.442721235,0.102188746,RAB33B
1.906906968,-1.136674881,LSG1
0.01193333,-0.052017212,KLC2
0.781966584,0.511234919,QRSL1
0.328039219,-0.070953369,RAB1B
0.109141137,-0.06995519,MRPL18
0.405993002,0.44927152,CCDC8
1.773357627,-0.342425028,ISCU
1.94502852,0.326895396,EHD4
3.064948062,-0.877195358,VPS16
0.147566764,-0.055627823,SLK
0.267965183,0.216597875,TSPYL2
0.850191917,0.202631632,MRPL46
0.006426564,-0.007797877,PNN
0.121836871,0.207939148,TMEM245
2.934053795,-0.85557429,CPVL
0.663396395,1.591281255,DPAGT1
0.851504379,-0.211223602,TMX1
2.87546889,1.416866938,CHMP4B
0.330566721,-0.37071228,PIGU
1.483368384,-0.424120585,GOLPH3
0.560152245,0.161026637,OSBPL3
0.619744246,-0.558996201,EHD1
1.462602975,0.371706009,TFB2M
3.082660983,1.106864293,CCDC86
0.500170557,0.259269714,REEP4
0.092969229,-0.067951202,C8orf33
1.228092795,0.280341466,METTL17
0.135000029,0.075770696,ACAD9
0.358113367,0.288363775,SLC25A22
1.122092801,0.201769511,SFXN1
0.266286434,0.149359385,MRPL44
0.491520054,-0.263436635,CARS2
0.611526694,-0.607471466,GNB4
0.212544153,0.067175547,GRPEL1
1.40488029,-0.271392186,RDH14
0.93262595,-0.485592524,PLGRKT
0.248456792,0.10796992,SLC38A10
0.617039169,-0.160163879,TMEM165
0.40867904,0.312535604,SLC25A19
0.514329437,0.138849894,RNMTL1
1.987269386,0.326916377,MCCC2
0.254585068,0.332972844,SDF2L1
0.00384988,-0.002960205,PREB
1.937111214,-0.642396291,ATP13A1
0.267669434,0.101414363,MRPL47
2.56214776,2.000549316,CHMP1A
0.109294978,-0.193886439,TM9SF3
1.427589273,0.385676066,JPH1
2.347486942,-0.70965449,APMAP
2.645376861,-0.716130575,RAB18
1.179604152,0.152165731,MRPS30
0.544761921,0.812005361,ACOT13
2.15671325,0.522468567,TIMMDC1
1.868354234,-0.489989599,RTN4
0.382256557,-0.080348969,DIABLO
3.129887247,0.960015615,DDX21
0.450315848,-0.162505468,AAAS
1.084155158,0.167765299,ABCB10
0.036214335,0.008225759,CMC2
0.158178778,-0.143964132,RAB6B
0.407338417,0.145624797,MRPL17
2.312252458,-0.764582316,SERINC1
1.849599695,-0.374540329,AGPAT3
2.669622116,1.500307719,TOMM22
2.90046507,-0.468450546,SACM1L
0.327087242,0.619307836,ABHD10
0.104729157,0.076560974,DDX28
1.378474963,-0.375862122,LIN7C
1.477326963,0.369777679,AGPAT5
0.139718464,-0.172356288,EXOC1
0.070416706,0.036311467,UQCC
0.138236606,0.058448792,EXD2
4.446994238,0.403773626,DNAJC11
1.564424687,0.680647532,ATAD3A
1.652904484,-0.698282242,ARL8B
0.20269769,-0.07342275,MTPAP
2.93534126,-0.825702031,ARGLU1
0.538766798,0.454304377,SLTM
0.156482917,0.072746913,CCDC109B
1.794110372,1.89610672,AURKAIP1
0.644931987,-0.426540375,NDUFB11
0.275715204,0.151683172,MRPL16
0.459751709,-0.228012721,OCIAD1
2.040535114,0.796475728,05-Mar
0.29968261,0.164101919,IMPAD1
0.788403946,0.370815277,DNAJB12
0.218557687,0.098765055,MRPL39
0.184260081,0.088551203,UGGT1
1.669167649,0.65311559,FASTKD2
1.033779836,-0.251927058,TECR
1.204668183,-0.510293325,USE1
2.510352668,-0.60600853,CISD1
1.259792548,0.277808507,FAM120A
1.882980378,0.260318756,MRPL35
1.707988668,0.300539017,IGF2BP1
0.12456266,-0.121789932,MTCH1
0.443016494,0.747728348,GLTSCR2
0.719090901,-0.711432775,MPP6
0.001264112,-0.000603358,MRPL15
0.369147358,-0.330017726,CCDC59
0.227100544,0.08568128,NDUFAF4
0.260455014,-0.108172099,PTPLAD1
0.337088614,-0.28735733,EMC3
0.520399584,0.412167231,MRPL36
3.492944425,-0.866528193,VAPA
2.651052202,0.535460154,RCC2
1.969792343,-1.212245305,PTGFRN
1.032264167,0.173574448,RRBP1
2.451733102,-0.490690231,DPM3
3.238599075,-1.206337611,COPG2
0.082733346,0.029754003,GNG12
1.241291277,-0.339480082,DHCR7
1.099184585,-0.267365138,DNAJB11
0.1196444,0.095551173,NXF1
1.564294743,-0.620169957,SEL1L
0.493185231,-0.198829651,AASS
2.750001513,1.709679286,UQCR10
2.408996282,0.483148575,MTFP1
1.833674465,-0.416208903,VTI1B
1.039606052,0.716119766,WARS2
0.095846341,0.051212311,SEC63
1.860640762,2.537835439,SUN2
0.544524868,-0.092990875,LIMA1
1.572846948,-0.291820526,SRP68
1.229776322,-0.313306808,09-Sep
0.017828385,0.016695023,PCYOX1
0.555904415,-0.118848801,CYB5R1
0.341513209,0.074375788,BAIAP2L1
2.022944152,0.55232811,PUF60
1.305536526,-0.364171346,NDUFA12
1.893818005,-1.006153742,ATP6V1H
0.14361688,0.187720617,FTSJ2
0.108799717,-0.056564967,ATPIF1
0.277443833,-0.351073583,AK3
1.33708053,-0.354785919,SLC25A13
1.071877082,0.256907145,STOML2
0.535637835,-0.45834287,MRTO4
1.312772047,-0.698900859,TNIK
0.282054214,0.178857803,PACSIN3
1.467731176,0.288291295,RAB21
0.190920523,-0.090943019,RAB23
2.292677116,-0.840661367,KIDINS220
0.216683224,0.084002177,CORO1C
0.243134593,-0.106399536,PRPF19
0.94671506,-0.758558273,NENF
1.342311184,0.715312322,NOL7
0.234203239,-0.757867813,ORF1
3.802760387,-0.733070374,STUB1
0.554761078,-0.501128515,PACSIN2
0.740983255,0.923849106,MAGED2
0.132653391,0.132095337,RPL26L1
0.45857437,0.604710897,C19orf53
2.12897994,-0.305574417,SRRM2
0.606621766,-0.231184006,PA2G4
1.16652206,-0.277446747,SMC3
0.240788201,0.057781219,RUVBL2
0.961928982,0.648609797,HIGD1A
0.298116301,-0.049870173,RUVBL1
0.267473378,-0.221265157,NUDC
2.598131215,1.129657745,VDAC3
0.875181578,0.594154994,CFL2
0.845378866,0.271319707,MRPS33
0.404553119,-0.280596415,NCKAP1
0.221640466,-0.190205892,CNPY2
3.119714511,0.447710037,DNAJC16
3.688073753,-1.186506271,EPB41L3
0.463896711,-0.115901311,GSTK1
1.673271102,0.278658549,MRPS28
0.454863086,0.206890742,COA3
1.62044932,0.409952799,POLDIP2
0.720785147,-0.663983027,THRAP3
3.48987162,1.042957306,NOP58
1.742299118,1.316762288,MTO1
0.530115697,0.27835083,YARS2
0.253211914,-1.22736613,COQ6
2.046286569,0.424220403,ACOT9
0.127760049,0.046578725,TMX2
1.560787173,-0.27281189,LUC7L2
0.799416167,0.143456141,MRPS2
0.987877875,-0.753708522,UTP11L
0.491041063,0.281487147,SBDS
0.75061293,0.145622253,MRPL11
0.793463048,0.608535767,NOP16
0.848345455,-0.999334335,UFC1
0.560720553,-0.25077184,MSRB2
1.923205286,0.386652629,MRPS16
0.677656252,-0.201300303,C22orf28
0.326697353,0.095257441,RAP2C
3.209733164,-1.092421214,RHBDD3
0.203513111,-0.116067251,RPL36
0.139438016,-0.112681707,CHTOP
1.105181215,-0.679568609,TLN1
0.728857939,-0.686928431,DAAM1
0.02386364,0.206443151,TLN2
2.637576925,-0.434710821,AFG3L2
1.571446209,0.524358114,SAMM50
2.783466239,5.605446498,TARG1
0.924946343,0.907152176,YTHDF2
4.57315839,5.561756134,SUPT16H
0.669095165,0.157604218,TIMM9
0.39077377,-0.159982045,TIMM8B
0.241063116,0.09179306,TIMM13
0.89209006,0.255481084,SRPRB
1.250366101,-0.55928421,FLVCR1
0.272388513,-0.26686732,UBIAD1
2.517097524,0.411353429,MRPS18B
1.969204557,-1.200675329,COPG1
0.83947355,0.159572601,AUP1
0.290213388,0.361289342,CLIC4
0.239341722,-0.086032867,NFS1
2.510566415,0.542634328,MTCH2
0.344420124,-0.232872645,TEX264
0.826752009,-0.424122492,CEPT1
0.739866954,-0.418339411,CSNK1G3
1.121633974,0.539147059,COX11
