minusLOG10p-valueSignificant(WT vs G270E),DifferenceSignificant(WT vs G270E),Gene names

4.241852492,-0.734710058,ESYT2
1.521347272,-0.322351456,ILVBL
0.201497611,0.060944239,ACO2
0.391824947,-0.241917928,ADD1
1.359809216,0.48761495,HLA-C
0.341126062,-0.26050504,NBAS
1.816088207,-0.46236674,VWA8
0.526656594,0.167346319,GTPBP10
1.702554936,2.086196264,SUN1
0.02639819,0.021497726,MRPL42
0.012645844,0.002680461,RPSA
2.148588152,-0.769826253,PIGK
0.20408132,-0.209789276,ABI1
0.403764128,0.128622055,ATP1B1
0.725068798,-0.197993596,HN1L
3.093741012,-0.671872457,YIF1A
0.118312232,0.089590708,PTGES2
0.418200985,0.193159103,FBLL1
0.314077462,0.159801483,METTL15
0.808218876,0.586619695,MRPL23
0.195209118,0.189685822,NOC3L
0.171462518,-0.094401677,CNIH4
0.2373352,0.310906092,CD81
0.229864398,-0.091426214,PIP5K1A
0.229779538,-0.05065155,SELK
2.703477935,-0.943436941,MLLT4
1.622570281,0.753288905,CDH2
2.080404699,0.558268865,MATR3
0.350985017,0.488505681,NUDT19
0.418429078,0.22592481,BCKDK
1.254121425,0.256609599,RAB34
0.692984023,0.157587051,SRRM1
0.307894859,0.242898305,EIF3L
0.056062289,-0.040833155,EWSR1
1.515834059,0.473147074,APOC3
1.361596454,0.45929273,HMGCL
0.302067204,0.274213155,OSBPL9
1.638164913,0.803499222,TMEM9
0.421508209,-0.289864858,LPHN2
0.430956852,-0.315130234,SOAT1
1.531033949,-0.220255534,EIF3H
0.8780598,0.225998561,SNRPB
1.136699206,-0.338951111,PES1
0.39526104,0.290281932,AP1G1
2.13615918,-0.436852773,CLN6
1.85712471,-0.424695969,LARS
0.672077769,-0.258862178,PUM1
0.952577032,-0.155696869,CANX
0.461453033,-0.416368484,CTNNB1
0.139900675,-0.083010356,TAMM41
1.173576932,-0.619647344,EXOC7
0.783596593,-0.321371078,RAB5A
0.605238603,-0.145946503,FDFT1
1.37076414,0.480440776,ISCA1
0.135742173,-0.151025772,SNRPD3
0.04606845,0.025107702,CS
0.474225801,-0.140228907,GCDH
0.844457474,0.152405421,LSR
1.342111337,-0.392290115,SLC25A10
0.631120211,-0.517340342,PGS1
1.005748428,-0.208323797,DDX5
0.345142691,-0.826190948,KDSR
3.310784182,0.460660299,MRPL48
0.102018183,0.034214656,STRAP
0.7157353,0.235877355,CNBP
2.831653446,-0.763753891,BCKDHA
1.196285216,-0.256867727,SEC61A1
1.836958964,-0.410418193,ALG5
1.419890643,0.227689107,PLOD1
1.506232196,0.522538503,MRPS27
0.376999116,-0.111824671,EIF4B
0.729670059,-0.270135244,SRPK1
0.362662176,-0.273814519,MPDU1
1.898855535,0.273405711,LSM14A
1.064953247,-0.763371785,HACL1
0.023422379,0.019923528,QARS
3.315404094,-0.856342316,ARL1
1.171599822,-0.222284953,SEC13
1.753065795,0.286261876,FOXRED1
0.190455284,0.088666916,PCBP2
1.714564366,0.471297582,HNRNPC
1.067195889,-0.460716883,NUP35
0.45258866,0.083751043,COPB2
0.072493774,-0.028339386,STAM
0.164574327,0.17930158,RALB
0.730980047,-0.431213379,TRAM1
0.732399493,-0.424238205,RAF1
3.213537636,-0.59044838,MST4
0.014480066,0.003985723,SRSF3
1.929720765,-0.854727427,SSR3
2.680084045,1.289876938,STOM
0.657368414,0.197528839,PDIA6
0.544775388,-0.218550364,02-Sep
0.652413913,-0.284779231,RFT1
3.363026936,-0.712907155,RAN
1.386200958,-0.536364873,EIF3C
1.651818059,0.351000468,ATP6AP2
3.367155731,1.309893926,ATP6V1A
0.031328078,0.055910746,WRB
0.046503394,-0.030544281,MFSD8
0.465350017,0.232278824,HNRNPUL1
1.549277893,0.716384888,INPP5K
2.090346005,-0.355932872,RRAS2
1.03320701,0.223566691,ATL2
3.107818014,1.282908122,DHCR24
0.328244148,-0.370166779,DYNC1I2
0.159336605,-0.170219421,SEC24B
0.687776917,0.425891876,SUMO1
0.162014483,0.058293025,PTMA
0.188851428,0.112206141,AGFG1
0.656196524,-0.321374257,ORMDL1
0.753699925,0.260864258,DIAPH1
0.414719932,0.694102605,SSR1
2.158548439,-0.630852381,EEF1E1
1.966894336,-0.484054565,ARF5
0.66044125,0.416343053,APOO
1.619367907,-0.220159531,ALDH5A1
1.018112926,-0.318814596,COX17
1.18388119,0.873255412,SRSF7
2.029788805,-0.687051137,TMUB1
0.032807604,-0.019302368,ACAA1
0.55391196,0.365769704,CYCS
0.264805197,0.090340296,MRPS34
0.882535965,-0.199232737,FARP1
0.380226098,0.312619527,CRTAP
0.038737247,0.013584773,STK11IP
1.532859426,-0.334527334,CHCHD3
1.987540085,-0.7936999,L2HGDH
1.262731831,0.622253418,TMEM106B
0.637961397,0.124029795,CTNND1
0.63706969,-0.305304209,TXNRD2
1.844067874,0.671285629,COX7C
2.391940228,-0.810143153,TMEM33
0.521464169,-0.319993337,MRPL27
0.021139705,0.01750946,11-Sep
0.721942764,-0.509252548,STX18
0.249113559,-0.179957072,COX7A2
1.507687631,-1.184590658,ELOVL5
0.402498911,-0.187047323,PPA2
0.22490029,0.481080373,TACC1
1.317147574,0.664286931,TCEB1
0.586118756,0.37430191,AP3B1
1.87088946,-1.660628001,ARMC1
1.650671712,0.395592372,MRPL13
0.087610252,-0.158650716,SKP1
3.037215961,-0.614823023,RNF5
0.03214306,-0.034905752,SQSTM1
1.820439066,1.188032786,AP3D1
1.556756526,0.686074575,RAI14
1.178465368,-0.528062185,KIAA0319L
2.59706731,0.738836924,HK1
0.575652111,-0.250468572,SEC24C
0.619765358,0.392873128,CD44
0.529756957,-0.293457031,PRRC2C
0.115007614,0.078753789,NDUFV2
2.138512706,-1.014543533,IDH3G
1.924864896,-0.623030345,FAM136A
0.549426824,-0.139769236,ATP2C1
0.535706015,-0.185593287,PSEN1
0.91328738,0.234729767,MRPL22
3.530623903,-0.607155482,NDUFA10
1.006542235,0.377712886,RPS24
0.853531923,-0.486508052,PCCB
1.057966763,0.295387904,MRPL3
0.089681473,-0.0521698,MARK2
2.341636907,0.79649353,GPX8
1.575730148,-0.377339681,ABCD3
0.047807209,0.032786051,EIF4G1
0.358813568,0.185780207,MPP2
0.086195423,0.08961614,MAP4
0.151310305,0.04436175,PSMD2
0.113465998,0.087849935,EXOC6
0.551976388,0.383371353,CALD1
1.761623371,-0.460777283,DCTN1
2.181230733,-0.525551478,NT5DC2
1.682203939,-1.011571884,RAVER1
0.130479374,0.292039871,NACA
1.299935308,-0.381783168,PDHX
0.514772785,-0.099157333,SDHA
0.816434614,-0.557380676,PAICS
0.007903859,-0.007368724,GALNT7
1.137880174,0.265348434,AGK
0.506503749,0.651543299,CCNB1
0.803497523,0.168015162,OGDH
0.372965281,-0.303007762,SMC4
0.330119108,-0.320735296,CCDC18
0.16816446,0.076565425,MYO1B
0.929937703,-0.438749949,DMD
0.732421756,0.411596934,WDR6
1.145578039,-0.543445587,NUP155
0.889779565,0.861929576,HADH
0.498386062,0.189289729,TBL2
1.519167133,-0.817826589,ERGIC3
2.111158792,-0.976373672,PRDX3
0.449147031,-0.075187047,TCOF1
0.481610867,-0.144596736,LANCL1
2.579746723,-0.420018514,EPB41L2
0.819067901,-0.387002309,MTG1
0.206945859,-0.138114293,SPCS2
0.016359365,-0.007261912,TMEM126B
0.194988132,-0.051527659,EEF1D
0.123802097,-0.095189412,BCLAF1
0.945901664,0.223753611,HYOU1
0.672923482,-0.340062459,MTFR1L
0.660792913,0.363904317,C11orf48
0.174661517,-0.328887304,NPEPPS
0.90761973,0.559437434,LAMTOR5
0.288105585,-0.12280337,CD151
0.573247017,0.141178131,RHOC
1.499953579,-0.47322909,NDUFS8
0.057788894,-0.018334707,FAU
0.073217357,-0.025271098,NME4
1.507343875,-0.318047206,TMEM258
0.689869444,-0.32878685,RHBDF1
1.452118191,0.246732712,JUP
1.131887172,0.898963928,CHD4
2.230054098,-0.522627513,PODXL
0.394598353,0.136221568,TMED2
1.288516396,0.266219457,SUCLA2
0.470612184,0.142351786,DAD1
1.268225329,0.895196915,ATP6V0D1
0.16871828,0.013843536,LONP1
1.710502556,0.651013056,NPTN
0.124831474,-0.074774424,PARD3
0.054802276,-0.040521622,DHX36
1.560344933,0.217081706,SLC3A2
0.136169196,-0.069733938,PUS1
0.963429724,0.424520493,GBA
0.052227218,-0.046349208,ANKLE2
0.108609914,0.045917511,VMP1
1.874563662,-0.719198863,DCTN2
0.252672839,0.386557261,EIF3A
0.129319016,-0.156609853,SEC23A
0.639584033,-0.414299647,TSG101
2.153709311,1.04189237,ATP6V0A1
0.466356385,0.277795156,NUP133
2.212733972,0.452964783,GRSF1
0.855340931,-0.404644648,TAP1
0.004281281,-0.004280726,MYO1C
0.451460731,0.388532003,MAGOH
0.762904342,-0.459815343,CDK17
1.119265277,-0.230928421,RPTOR
0.036398128,-0.009723663,TRAP1
0.824264609,0.274124146,IARS2
1.772814075,-0.340767543,PDE12
0.025626067,-0.016506831,CAD
0.323490066,-0.148038228,DDX39B
3.170447626,-1.704797745,RITA
0.15286027,0.079065959,PLXNA1
0.436223466,0.164206823,DENR
1.568854049,-0.484501521,CSRP2
0.017588044,0.01010704,SLC38A1
0.659835327,1.667632421,SMARCC2
1.550955857,0.354028066,PPP1CC
1.988012237,-1.130771001,PRKAG1
0.42157526,-0.24314181,AK2
0.722524689,0.180076599,MYL6
1.923656662,0.42163976,HNRNPA1
1.26143162,-0.386707942,UBAP2L
0.989611273,0.314125061,RPL32
0.486774386,-0.436654409,FAM162A
0.240101161,0.206677755,YTHDF1
0.044658905,0.021238963,MACF1
1.626951698,-0.802160899,TOMM5
0.897751494,-0.486691793,IGF2BP2
1.749213077,1.44878451,STX3
1.739299444,0.688319524,RCN2
0.982121903,-0.428241094,DTNA
0.642903442,-0.973813375,ALG3
0.000684089,0.000166575,NDUFV1
1.722462107,-0.498491923,PON2
0.780839844,-0.069810867,RPL18
0.708127957,0.630533854,ATP5J2-PTCD1
0.563665045,-0.28245608,CTAGE5
2.336999874,-0.580392838,NDC1
0.655480058,-0.282073339,MAP4K4
0.067480341,-0.112705866,RBM39
0.744771849,0.603350321,LAMB1
1.152883069,0.449384054,RFTN1
0.418843622,0.363146464,GPR107
0.388778917,0.536828359,ITPR1
0.075180913,0.027350744,MRPS22
0.867858926,0.319980621,PDIA3
0.692026466,0.296320597,HNRNPH1
0.038838717,-0.038351059,SMPD4
0.081947517,0.067663829,MTHFD1L
0.619706839,-0.327505112,SLC30A7
0.1122403,0.054618835,ABCA3
0.09860197,0.044577916,MTX1
1.635933079,-0.271722794,CALM1
1.077261736,0.420473099,PISD
0.086355862,-0.223777771,EMC4
0.856387182,-0.344954809,CERS2
1.9815162,-0.35379982,IDH3A
0.031758675,0.013225555,SRP14
0.043221716,0.025166829,ALDH1A2
1.495145166,-0.540874481,RPS27L
2.254447824,0.279726664,DDX17
0.190552539,0.50393041,SPNS1
2.152068139,0.73526001,RNPS1
2.357019645,0.505887349,RSL24D1
1.646833112,0.683217367,IST1
2.349045944,0.818777084,FUS
1.74989043,0.471199671,NDUFB10
0.018926622,0.005149841,HAGH
0.083525546,0.096893311,APRT
1.748117768,0.156738281,EARS2
0.131458308,0.108844121,C16orf58
1.220940106,-0.15049998,LRRC57
2.242084025,-0.834390004,
1.085901397,-0.535086314,ATXN2L
0.896136894,-0.658383687,NOB1
1.847933908,-0.534247716,TMEM209
1.34863661,-1.013087591,PCMT1
0.412523525,-0.453072866,NUPL1
0.578851276,0.199143728,PDIA3
0.079845473,0.045593898,SUMO2
1.370860331,-0.38120842,YIPF4
2.899090918,-0.443886439,SLC35E1
0.15010402,-0.090878169,BET1
0.180700967,0.099180857,ART4
0.025071365,-0.025428772,NIPSNAP1
0.136655876,-0.036011378,DDX19A
1.248015631,-0.125820796,NSF
1.094562552,0.410871506,PAM16
0.027196197,0.012212118,NEURL4
1.379568993,0.432400386,MYBBP1A
1.318954388,-0.664726257,RPS15A
0.136089178,-0.170781453,ATPAF1
1.219166061,-0.244582494,NUP88
1.527562827,-0.276734034,NDUFA13
0.777649059,0.470131556,PI4KA
0.451598752,-0.173220952,OXA1L
1.29268227,-0.440481822,CYB5B
0.671766246,-0.77562205,CHID1
0.123349306,-0.045708338,ALDH6A1
0.921445552,-0.542198181,TRABD
0.049752505,0.03188324,PTRH2
1.700088585,-0.308498383,FKBP8
1.754532062,-0.582651138,C6orf120
0.788375,0.573768616,APOL2
1.487307837,0.469998042,RPL36A
2.960836219,-0.504901886,IARS
0.739475771,-0.160228093,IVD
0.865509109,-0.327978134,SLC39A11
0.034566103,0.021622976,RPL17
0.637194013,-0.200487137,ICT1
0.217652416,0.318784078,DCXR
0.046114128,0.019273122,FBXL20
0.201998931,0.099217733,RPL19
1.447488877,0.456865311,SRSF1
0.16774508,0.072114944,SCO1
0.270960055,-0.076440811,MRPS23
1.171482461,-0.338664373,MRPS7
1.753651363,1.069320043,LIMD2
1.078400053,0.358897527,FDXR
0.082287514,-0.038305918,ALDH3A2
0.750018256,0.445454915,MYL12B
0.043796473,0.053237279,YES1
2.220690403,-0.562826157,CHCHD6
1.752820912,-0.439868291,TMCO1
0.593393311,-0.275442759,RPS15
0.746101821,0.297141393,EFTUD2
0.228279782,-0.572519302,H3F3A
0.440649485,0.1882267,PRKCSH
0.715904813,-0.20003891,TMEM205
0.574332691,0.268041611,PIN1
1.594024069,0.428371429,SNRPD2
0.101417085,0.015834808,MRPL4
0.301375572,0.18674914,DCAKD
0.232751143,0.054197947,SARS2
0.013601578,-0.015293757,C19orf10
2.099457457,0.335953395,FBL
0.07600574,-0.037140528,NUP62
0.565256218,1.065179825,AP2S1
0.375076769,-0.506444931,HNRNPM
1.603472067,-0.182591756,RPS5
0.220075902,0.051097234,RPL18A
2.303887211,0.222454707,EMC10
0.733839093,-0.211667379,AGPS
0.86116927,-0.6477108,KIF2A
1.600612939,-0.776495616,PDLIM1
0.123291779,0.077284495,SNAP23
1.147432967,-0.488030116,HAX1
1.685386754,-0.644191106,STXBP3
3.131038178,-0.57555898,PGRMC1
0.052632133,0.030359268,WWP2
1.419967322,0.325727463,IPO5
0.979119502,-0.333901087,POLRMT
1.22035634,0.186594009,SAP18
0.055918166,0.025016149,IGF2BP3
0.954334409,-0.794201533,PIK3R2
0.296483772,-0.08477656,GOLIM4
2.390115133,1.02788353,AGRN
0.274145409,-0.061784108,NDUFA4
4.148146916,1.657953898,SDCBP
1.097058969,0.977916718,NOP56
0.740601037,-0.269684474,DDX3X
1.232397665,0.508000056,SCD
0.714984848,-0.302272161,COX7A2L
2.322205198,-0.711449941,IRS4
3.877822173,-0.843001684,ACOT8
0.085758555,-0.056468964,CDIPT
0.181444768,-0.100409826,PDCD5
0.617980605,-0.780842463,SLC9A3R1
0.6585948,-0.176686605,PSMA7
0.923585083,-0.359069824,SCAMP3
1.76549886,0.840486526,MGST3
0.99426568,0.41505305,TIMM23
0.680127165,-0.305027644,CASK
1.232971985,0.305835724,UQCRQ
0.650970212,-0.650142034,RAB7L1
0.490518814,-0.150759379,CLGN
1.142802488,0.395376841,PPP1R12A
2.995452086,-0.419722239,SLC27A2
0.743841357,0.215767543,HNRPDL
0.271728439,-0.127784729,XPO1
0.057440174,0.256937027,BTAF1
0.837836585,-0.334832509,PLXNB2
0.243054897,-0.140509923,U2SURP
0.22884081,-0.60066541,KIAA0391
0.196905528,-0.036949158,SCAMP1
0.74397295,-0.104866664,SCAMP2
1.909335917,-0.181465149,PGRMC2
0.856910368,-0.614281972,GNPAT
0.268951717,0.124494553,MRPS12
1.858703688,-0.646888097,RER1
1.725235617,-0.373943329,SURF4
0.272189741,0.064102809,SPTLC1
0.158981729,-0.086774826,SPTLC2
1.47332574,-0.469132741,STX7
0.222832298,0.288827896,ABCC4
0.589253879,0.229588826,YKT6
1.309747015,-0.163616816,PHGDH
2.02088141,-0.643289566,NDUFS4
1.202635884,-0.285689036,ZW10
1.237722514,-0.201764425,EMC8
0.431983228,-0.215641658,MBTPS2
1.000433467,-0.183401108,EPB41L2
0.81046291,0.106180827,TIMM44
2.815182359,-0.33065478,NDUFA2
0.000873333,0.000586192,ACTN4
0.928497383,-0.986399968,SLC25A20
0.405360341,0.110827764,SCO2
0.821168468,-0.754938126,SLC37A4
2.750389777,-0.38313357,IDH3B
0.491089019,0.15500768,CALU
0.134369826,-0.095909754,AHCYL1
1.637119821,-0.65192159,NDUFS5
1.770447191,-0.653735479,PEX1
0.754126686,-0.184597015,TIMM8A
2.272555565,0.306645711,OPA1
0.059216293,0.05581665,ACSL4
0.951327098,0.346328735,SNX3
0.382020689,-0.393360774,STX10
0.178506297,0.065637589,SYNCRIP
0.356828117,0.141318003,PLOD3
2.268333409,-1.00606664,ICMT
0.90529677,-0.32048289,DPM1
1.135077162,-0.549129486,USO1
1.20567291,0.187898636,MRPS14
4.153127134,3.609083811,HIST1H2BK
0.505092519,-0.158237457,CCDC22
2.058586198,-0.41885821,PRAF2
2.497492822,-1.904139837,EIF5B
0.092885811,-0.060388565,EDF1
1.815828128,-0.333902995,DNAJA2
1.614586222,-0.178378423,ABCB7
0.233012819,-0.230916977,ROCK2
0.796442249,0.198818207,HIP1R
1.891729503,2.122360865,DNAJC13
0.005725226,-0.014474869,DNAJB6
2.607703122,-0.454114278,NDUFS7
0.922875022,-0.27954038,NDUFS2
0.414429903,-0.083562851,GBAS
2.496886862,1.113036474,ATP6V1G1
1.20863521,-0.420240402,FLNB
2.311945331,-0.38687706,NDUFS6
0.091274056,-0.042382558,PEX14
0.775084923,0.162031174,MRPL33
1.210274369,-0.295179367,SEC22B
0.992678972,0.451885859,PRPF40A
0.422135953,-0.132000605,PMPCB
1.587602114,-0.178051631,ERLIN1
1.938219135,-0.447987874,NDUFS3
2.445231628,-1.113613129,ECI2
2.210087181,3.639041265,BANF1
2.538111524,-0.647169749,ERAL1
0.074027599,-0.049967448,SNRNP200
0.201534849,-0.123987198,TRMU
0.034834757,-0.014962514,SLC25A12
0.203937639,-0.0942173,ZMPSTE24
0.170640727,0.18935585,STAM2
0.831634708,-0.165704727,ATP5H
0.768946264,-0.152992249,FLOT1
2.898768188,0.637130737,ATP5L
0.255198812,-0.081627528,CPD
0.566314983,0.376187007,RSL1D1
1.360267682,0.555282593,WFS1
1.650096333,-0.336449941,CLPX
0.778317529,-0.201341629,SRP72
0.109913638,-0.06617864,B3GAT3
1.400118131,-0.387399038,TOMM70A
1.930308155,-0.363737742,UFL1
0.551375692,-0.099481583,ERLIN2
2.024924991,0.437079112,GLS
0.010196737,0.017124812,AP2A2
1.23781324,-0.31052653,MFN2
2.493822767,-0.428166707,NDUFB4
1.139473909,-1.284457525,NDUFB8
1.620346762,-0.523193995,NDUFA7
0.377390104,-0.135892868,VAMP5
0.663335027,-0.291097641,RTN3
0.038309778,-0.010302862,LETM1
3.19859414,-0.430643717,VAPB
1.911777259,-0.768504461,MPZL1
0.837529076,-0.663154602,SMC2
0.145448822,0.049000422,UTS2
0.827746318,-0.179238637,SGPL1
1.758930552,1.728094101,NSA2
1.102381574,-0.433432261,MPC2
0.737965785,-0.157922109,ACSL3
0.630135823,-1.085580826,CDS2
0.597517431,0.724529266,HERC2
0.358532965,0.24835968,RAB3D
0.401132541,0.246905009,AP2A1
0.81484799,0.394379934,STAU1
0.171546286,-0.08302625,BAG2
2.551351999,-0.596204758,AIFM1
1.062224309,0.602806091,TXNDC12
1.024485835,0.380061467,CLPTM1
1.272962352,-0.414568583,TOMM40
0.237928064,-0.121344248,PEX11B
1.698074472,-0.457070033,PAK4
1.126797582,-0.463247299,CYB5A
0.075049974,-0.036994298,LDHA
2.51779843,0.515249888,GLUD1
3.239097234,0.367947261,CYB5R3
0.169208733,-0.088501612,GSR
0.19272657,-0.107042948,MT-CO2
0.374625255,0.188156764,GOT2
0.159215787,-0.168450673,PGK1
1.521000451,-0.839856466,NRAS
0.761211848,-0.331370036,KRAS
1.651676511,0.676277161,HLA-B
4.320005841,1.906072617,LMNA
0.106055959,-0.012894948,TFRC
1.585757757,-0.391820272,MT-ATP8
0.083804989,-0.050264359,ALDOA
1.138499576,0.522115072,APOB
0.146390589,0.041091919,OAT
2.467896987,-0.51657486,GAPDH
0.22060186,-0.058396657,HLA-A
0.985284994,0.157791773,TP53
1.507992075,-0.147726059,RPN1
0.038084224,0.016246796,RPN2
1.634396428,0.225083033,GNAI2
0.670818121,-0.104951859,ATP1A1
0.268639479,0.63716952,ARG1
0.794308737,0.154460271,ALDH2
1.399600982,-0.24273173,SLC25A5
1.765547383,-0.584002813,EIF2S1
2.019716794,0.925425847,HMGN2
0.557195743,0.858061473,RPLP1
1.428028491,0.691179911,RPLP2
0.716922869,0.188272476,RPLP0
0.198348986,0.060602188,ITGB1
0.922893638,-0.313168844,KRT18
0.308897472,-0.093378067,MYL3
0.704058126,0.346833547,GLA
0.261710851,0.050689697,CDK1
0.329958368,-0.055877686,ATP5B
1.197811808,-0.128554026,ENO1
1.614678053,-0.365056992,NPM1
2.165246036,-0.597629547,TPM3
3.971391592,3.841768265,HIST1H2BJ
1.100199726,0.714770635,EPHX1
0.234081867,-0.139772415,LDHB
0.74558312,0.241040548,P4HB
1.499295585,1.666589101,CTSD
1.386796451,0.397984187,ANXA2
2.895675719,-0.887828191,TUBB
0.478287958,0.361136754,PFN1
1.942398493,-0.3955911,EPRS
0.796965267,-0.224413554,HSP90AA1
1.188704292,-0.23379453,UQCRH
0.075519206,-0.043638865,LYN
0.222897056,-0.08676211,FH
0.894381974,-0.159890493,HSPA1A
0.24416234,0.144887924,PFKM
1.305462886,-0.409715017,HSP90AB1
3.447077363,-0.828339259,SRPR
0.121954013,0.074524562,ASNS
2.822297074,-0.414363861,PDHA1
0.744297014,0.594583511,CYC1
0.013562244,0.003665288,SNRNP70
1.964291736,-0.328771591,VIM
0.474958879,-0.414823532,RPS17
0.321788266,-0.096177419,GNAI3
0.76406474,0.440670649,HMGB1
0.287836982,-0.132295609,CLTA
0.420881801,-0.092137019,CLTB
2.59102674,-0.442856471,CNP
0.268192197,-0.041639328,DLD
0.406211532,-0.180269241,COX6C
4.305984036,3.431146622,PARP1
0.852883479,0.308167775,UCHL1
2.658010205,2.246847788,H2AFZ
1.197129111,-0.552151362,CISD3
0.043480094,0.025223414,FDX1
0.056136559,-0.018087387,HIST1H1E
2.221675996,-0.516677856,DLAT
0.57973549,-0.187983195,PTPRF
1.863659199,-1.401992798,TXN
2.667340772,-0.571021398,COX5B
4.242093873,-0.510518392,HSPD1
1.538828849,0.274799347,HSPA5
1.326514263,0.142823537,HSPA8
0.09458345,-0.117104212,SLC2A1
0.401395227,0.114370346,EPB41
2.668131563,-0.481063207,PDHB
0.444577071,-0.118778865,DBT
0.237401686,-0.080397288,RALA
2.672546509,0.748398463,LAMP1
0.082364853,-0.033192317,ACADM
3.33397773,1.706963857,TOP1
3.34584652,2.151689529,TOP2A
1.144110506,-0.181099574,PC
1.253492511,-0.10529836,MTHFD1
2.059564981,-0.405164719,IGF2R
0.931346914,-0.08392334,PABPC1
0.637320953,0.534489314,PCNA
1.8020496,0.41325442,SLC25A4
0.47404386,-0.122133255,SLC25A6
1.321994019,-0.683984756,CKB
0.923402006,0.394086202,CKMT1A
0.301133352,-0.110569636,SRC
4.225829741,2.818227768,XRCC6
3.071377173,4.058322906,XRCC5
0.087941613,0.083768209,COX4I1
0.419086011,-0.157259623,NCAM1
1.490466179,0.320127487,EEF2
0.618141917,0.317430496,PDIA4
0.129869359,-0.067276001,P4HA1
2.551763916,-0.678778966,PLS3
0.920268646,0.336273829,ETFA
1.34973155,-0.90833346,PRKAR2A
0.503611216,0.323913574,MTHFD2
0.127511004,-0.04067866,PKM
0.991977159,0.33028539,HSP90B1
1.635598675,-0.802676519,COX6B1
1.259846254,0.371344248,HNRNPL
0.440773388,-0.240407308,DARS
0.458080758,0.206092199,JUP
1.032715124,0.516844432,UQCRB
2.191439012,-0.748971303,PVR
1.178348787,-2.584964752,MYOD1
1.239697427,-0.414415359,EZR
0.736797883,-0.198130925,RPS2
1.18155582,-1.713705063,DSP
1.529412441,0.707507451,CBR1
0.319421288,-0.143810272,HIST1H1C
0.274336703,-0.147334417,POR
2.550860027,-0.426152547,ATP2A2
1.83335364,-1.057776769,STMN1
0.561612905,-0.222608566,YBX3
0.813753722,0.207253138,HSPA6
0.11376993,-0.07188797,HMGA1
0.01923507,-0.024009705,NDUFB7
1.494655512,0.976670583,PRKACA
0.332187387,-0.284243902,CTPS1
0.235307817,0.134835561,PFKL
0.003326281,0.00757726,LGALS3
1.316309689,-0.299431483,TCP1
2.263340543,-0.290241877,PTPN1
1.142060022,0.31628863,RPL35A
1.947936266,-0.394879659,ARF4
0.674886866,0.13437589,RPL7
0.258492018,0.092252731,PGAM1
0.488630219,-0.235176086,ATP5J
4.21324744,4.732232412,XRCC1
0.193368041,0.032915751,NCL
0.029186472,0.013646444,EIF2AK2
0.325721439,-0.077835719,ATP2B1
2.72770783,-0.623792648,EIF2S2
2.049861083,-0.521519979,RAB4A
0.050695997,-0.023724238,RAB6A
0.042721919,-0.018339793,M6PR
2.296980168,0.616636276,COX5A
0.4933521,0.095404943,LMNB1
2.643716623,1.018529892,ATP6V1B2
0.730954796,-0.08373642,FLNA
0.836298994,-0.111632665,VDAC1
0.042680399,0.011014303,SDHB
0.821512279,-0.312196096,BCKDHB
0.337071061,0.126962026,COMT
0.967184427,-0.428084691,MUT
1.134296139,-0.7399381,OSBP
2.65350184,-0.685763677,GART
0.057959761,0.069529851,SCP2
0.872702411,0.435422262,NME2
3.757988999,0.744860967,HNRNPA2B1
0.961946837,0.403876623,UQCRC2
2.467789795,-0.533838272,FECH
1.152758971,0.65835317,SFPQ
1.514992043,-0.561892827,TUBG1
1.661604975,0.567820231,PPIB
1.335821779,0.509056091,ME2
0.054487205,0.028582891,GLDC
3.250582404,-0.334384282,RPS3
0.335655793,-0.854464849,AHCY
2.816294141,-0.911101659,CFL1
0.054515112,-0.04010582,ATP2B4
0.034951153,0.024704615,CPT2
0.383555004,-0.521361669,COX7B
1.13534038,0.17137146,ATP5F1
1.09784364,0.995305379,PRKCH
0.944299317,0.371685664,ACAT1
0.778578486,-0.369972229,RPS12
0.17400301,-0.117930094,FAS
0.399520747,-0.055583954,ATP5A1
0.888912411,0.486777623,MSN
0.544735638,0.266301473,U2AF2
0.362743534,0.150491079,RPL13
0.716934576,0.323116302,HMGB2
2.244900579,0.360282262,PTBP1
1.173301846,0.69104449,TARS
0.101759124,-0.081504186,EEF1G
0.138347989,-0.037630081,AK4
1.925440161,-0.656437556,YWHAQ
0.134435296,0.044392268,MARK3
0.648756733,-0.223697027,RPL10
4.738367185,3.620382309,RPA1
1.668873715,0.539712906,CALR
3.012505593,-0.331684113,NDUFS1
0.048677482,0.022466024,MAPK1
0.535222009,-0.213195801,LAP3
0.882909144,0.388377508,EPHA2
2.502018489,-0.669387182,MARCKS
0.520315644,-0.132127126,GNA11
0.454493909,-0.310359319,ALDH4A1
1.028301638,0.538522085,ERP29
0.150329776,-0.420012156,PRDX6
0.068078896,-0.062220891,C21orf33
0.544417494,-0.116304398,PRDX5
0.131561266,-0.069162369,ATP5D
0.021681026,-0.006933848,RPL12
0.303324114,0.14342308,ECHS1
1.190141243,0.590329488,PEBP1
0.169293367,0.125911077,PPP2R1A
2.214509739,0.375651042,PPIF
0.182904692,-0.076624552,HMOX2
0.92650209,0.605190913,LRPAP1
1.827018465,-1.3110466,SLC7A1
0.053115067,-0.023706436,ALDH1B1
0.505189395,0.412661235,DNAJA1
0.616187634,0.128562291,UQCRC1
1.994549108,0.925029119,HNRNPH3
0.800411815,-0.282929738,YWHAB
1.325779342,-0.38706398,STIP1
0.03111331,-0.024573008,PRDX2
0.280894023,0.058532715,GK
0.126294229,-0.077442805,PYCR1
0.016614636,0.007727941,RPL9
0.123168652,0.057719549,KIF5B
0.165918243,-0.314126968,ABCC1
0.184992029,-0.170548121,MCM5
1.594873153,0.318834305,SHMT2
1.235160872,-0.594017029,HSPA4
1.942672742,0.329478582,CTNNA1
0.13973829,-0.019776662,PHB
0.05966113,0.045033137,RDX
0.410680285,0.461572011,RFC1
0.094917446,-0.060516357,RPL22
0.657622407,0.17193985,MYH9
0.325607823,0.0745519,MYH10
1.228494187,-0.129854202,BSG
2.001541667,-0.672351201,NUP214
1.083885499,0.566765467,DEK
0.326097207,-0.267662684,ARL2
1.343442729,-1.030652364,TRIM23
0.490980466,-0.065606435,ATP5C1
1.278374318,2.389471054,ATP6V1E1
0.768805961,0.217051824,RPL4
1.127698394,0.236670176,DLST
0.688599056,-0.463072459,TAGLN2
0.549896548,0.153827031,ETFB
2.413144991,0.587316513,RBMX
0.165975419,0.124642054,GGCX
1.601027661,-0.249955495,HSPA9
1.607173639,0.750542959,EIF4A3
2.78367186,-0.304893494,RPS19
0.161924005,-0.049207052,RPL3
0.459571693,0.150671005,DDOST
0.035033954,0.017288844,FEN1
1.171732119,-0.322916667,CCT6A
0.328732238,-0.078436534,RPL13A
0.962814207,0.531624476,MDH2
0.104011357,0.025986354,HADHA
2.596504213,-0.544938405,EIF2S3
0.520249936,0.116324107,BUD31
1.005632291,-1.384621938,GARS
0.592482872,0.252047857,SLC19A1
0.113337756,-0.152321498,PRKCI
0.002355478,0.001375198,ECI1
1.959115389,0.276017507,TMPO
1.777289041,0.160858154,TMPO
1.644963691,-0.54456075,MTOR
1.637509017,-0.28154246,RPS27
0.018228676,0.004995982,LRPPRC
0.879765017,0.360400518,ACAA2
2.027406902,0.803855896,RPL35
1.109370165,0.946622849,PRCP
0.699572862,-1.217646917,MSH2
0.076539838,0.023515066,GPD2
1.837808319,-0.85360527,RANBP1
1.015805708,-0.30212148,NAMPT
0.001688781,0.000606537,TSFM
2.80952591,0.237977982,VDAC2
0.220753208,0.067864736,ACADSB
0.030021511,0.015084585,MKI67
0.057794197,0.037383397,RANGAP1
1.128273016,0.379508972,NOP2
0.472641712,-0.652039846,MTIF2
1.997475688,0.522457123,RPL27A
0.028148513,0.009841919,RPL5
2.806016393,-0.506214142,RPL21
0.250110627,-0.073154449,RPL28
1.410478891,-0.166666031,RPS9
1.932826977,-0.601935069,RPS10
0.668367227,-0.213058472,MAP1B
1.014031927,-0.226126989,UTRN
1.776039191,-0.710048676,IQGAP1
0.774330794,-0.182320277,STT3A
1.156576668,0.881057739,CAPZB
2.348395393,-1.328857422,EIF1AX
0.94886485,0.247706731,RPL29
0.716229447,0.196323395,UQCRFS1
1.504835593,0.138474782,ATP5O
0.507556144,-0.165693283,ARCN1
0.154481649,0.329950968,LSS
1.930816645,-0.31649971,CCT5
0.007655575,0.00614357,PTDSS1
0.037534049,0.030071259,IDH2
1.169937443,-0.290220261,MARCKSL1
1.095717424,-0.373263677,CAMLG
0.112241588,0.090370178,ALDH9A1
0.308930861,0.063441594,RPL34
0.539260351,0.772099177,RPIA
1.748467254,-0.492234548,LMAN1
1.461455218,-0.732601166,FASN
2.012588204,-0.493132273,CCT3
2.33474123,0.640995026,MRPL19
2.007979914,-0.537554423,TUFM
0.374657627,-0.194781621,ALDH7A1
2.237907667,0.522834778,SRP9
1.363493824,0.545937856,HARS2
0.305495453,-0.104363759,ACADVL
1.484894076,-0.277531942,TMED10
2.004381393,-0.393238703,NUMB
3.260966013,-0.577579498,RANBP2
0.158243111,0.083438238,GSK3B
5.877461475,4.385520935,LIG3
0.898648916,-0.310474396,PPOX
1.933754344,0.672126134,EMD
1.891845603,0.455798467,SERPINH1
0.524220916,0.172176997,ST13
1.224858913,-0.297051112,DNM2
0.430252236,0.099732081,RPL14
0.332145004,-0.126693726,CCT8
1.123115544,-0.236879349,CCT4
0.742086416,0.347397486,FXR1
0.455653756,-0.09359169,FXR2
0.189115985,-0.031533559,RAB5C
0.613383796,0.135222753,RAB7A
0.970167624,-0.126902262,RAB9A
0.457934821,0.142731349,RAB13
1.791709083,0.498311361,DAP3
0.910921918,-0.167161942,SSR4
1.977817703,-0.492747625,BCAP31
0.03176006,0.018941879,HSD17B4
0.475092107,-0.188212077,VAMP7
2.437235652,0.683080037,HNRNPA3
0.503919274,0.155992508,HNRNPM
0.021241106,-0.011130015,KPNA2
0.349554513,-0.151151021,SLC7A2
0.66378285,0.376677195,HNRNPF
0.88620361,0.431707382,KIF11
0.710122282,-0.134033839,CAPZA1
1.09078815,-0.708255132,NUP98
3.104117009,-0.908906301,SLC25A1
0.541868331,0.24185435,SUCLG1
0.354542481,0.188297908,COPB1
1.97996007,-0.108194351,COPA
1.001696638,-0.223831813,SLC16A1
0.870222294,0.341631571,SUB1
2.738351757,3.040697734,POLG
0.98044452,-0.215604782,RARS
0.929897791,-0.403328578,YARS
2.655423231,0.825785319,ATP1B3
0.648371741,0.10145696,ALDH18A1
0.605144689,0.387244542,NAPA
0.334995848,-0.078421911,SLC12A2
1.837964305,0.218551,VCP
0.387567734,-0.562291463,MFAP1
0.799253154,0.306919734,HADHB
0.067240431,0.04419899,NHP2L1
0.380912759,0.116569519,OXCT1
0.463458076,-0.181109111,EIF3B
0.285705666,0.102695465,ATP5J2
1.96243949,-0.433604558,NDUFV3
1.120468907,0.44029363,RRP1
1.142440062,-0.517174403,MARS
2.750240693,-1.894985835,MAZ
0.002207719,0.001464208,MP68
0.257232618,-0.029067357,ATP5E
1.350361102,0.63267072,ATP5I
0.672663551,-0.108966827,EIF6
0.068502801,-0.086133957,NDUFA6
1.948728448,-1.219510396,STX17
2.455736774,-0.404537201,NUP107
1.167858134,0.344050725,YBEY
0.625659882,0.307242076,TPI1
1.371324967,-0.340771993,EIF3E
0.634759117,-0.752156576,SEC61B
0.872282013,-0.489340464,ACTB
1.279338595,0.528112411,EIF4A1
1.419746121,-0.409848531,RPS20
0.189162312,-0.252547582,PRPS1
1.438357956,0.821215312,S100A10
0.256544594,0.096536636,CDC42
1.696039894,-2.195912679,DSTN
0.812021388,-0.089924494,RAB8A
0.618721424,-1.082300822,SPCS3
1.096453867,-0.403142293,RAB2A
0.273101954,0.151221593,RAB5B
0.710865821,-0.268934886,RAB10
0.257238456,-0.078845978,RAB14
1.046650439,0.606970469,ACTR3
0.392973107,-0.113361994,ACTR1A
1.126291231,-0.575470606,ARF3
0.249588825,0.116261164,ABCE1
0.495035914,-0.174623489,RAP1B
0.228441201,0.162849426,RAP2B
1.883813888,-0.331627528,RPS3A
0.295264666,0.083471298,RPL26
0.649426831,0.159597397,RPL15
1.549453659,0.405496597,RPL27
0.390678248,0.127717972,RPL37A
0.529878317,-0.119294484,RHOA
0.495974762,0.300132751,HSPE1
0.086425438,0.13325882,RPL37
1.340527491,0.360553106,WDR5
1.184663908,0.318738937,HNRNPK
0.825549046,-0.531663895,YWHAG
0.101138317,-0.051576614,TIMM10
2.217791041,-0.418554942,RPS7
0.03580238,0.003837585,RPS8
0.407390611,-0.068155289,RPS16
2.020570385,-0.366634369,YWHAE
1.68387325,-0.588164012,RPS14
0.835665365,0.276496887,RPS23
0.285694409,0.091625214,RPS18
0.168236088,-0.24277242,RPS29
0.081391044,-0.046299616,RPS13
1.800297179,-0.642573675,RPS11
2.038622014,0.548243205,SNRPF
0.216788086,-0.557787577,SNRPD1
1.33547286,-0.655366262,ARF6
0.524221959,0.076732635,RPL7A
1.020385045,-0.110733668,RAB11A
0.260074982,-0.170855204,ETF1
1.316840367,-0.23535792,RPS4X
2.631685622,-1.038868586,RHOB
1.794238396,0.306486766,RPL23A
0.605007465,-0.186992645,RPS6
2.653397712,2.908697128,HIST1H4A
1.630706962,-0.162103017,RAB1A
0.77542422,-0.45778656,RPL23
1.718219998,-0.681655884,RAP1A
1.372911219,-0.184452693,RPS25
2.864552653,1.228934606,RPS26
0.395648538,0.347728729,RPS28
0.763515871,0.218204498,GNB1
0.252129075,0.105295181,GNB2
0.578088229,0.183678309,RPL30
0.415136482,0.205131531,RPL31
0.494500692,0.143380483,RPL10A
1.742254173,-0.140524546,RPL11
0.654380953,-0.191027323,RPL11
0.236542707,0.062013626,RPL8
0.19598505,0.077161153,PPIA
0.342485049,-0.211261749,RPS27A
1.320490124,1.173207601,TRA2B
0.017605567,0.005853653,RAC1
0.258409843,0.111328125,AP2B1
1.706874007,-0.493021647,GNAS
0.005067702,-0.007813772,GNAS
0.122479797,-0.068328857,YWHAZ
0.668082124,-0.770895004,PPP2R2A
0.145482325,0.082179387,DYNLL1
0.467005123,-0.317136129,RPL38
0.263261418,0.159947713,GNG5
0.322126738,-0.219980876,RPS21
1.227351053,0.334688822,EIF5A
0.132837071,-0.13879331,GNB2L1
0.042507039,-0.010920207,ACTG1
0.987590691,0.074108124,YBX1
0.33639349,0.174456914,ACTA1
2.300838958,-0.388712565,EEF1A1
4.049957067,-1.015642166,TUBA1B
2.558213021,-1.001121521,TUBB4B
0.596942089,-0.209845861,CCT2
0.85768268,-0.278149923,RAE1
2.156628887,0.501902898,PRKDC
0.841925093,-0.690289815,NUCB2
0.887820929,0.210044225,BASP1
0.357509772,0.453577677,DCD
0.079017633,-0.090364456,TMF1
0.799137379,0.851475398,MRPS25
0.235237823,0.047210693,MRPS35
0.167664048,-0.083013535,MRPS5
0.188519603,0.062840144,MRPS36
0.420646753,0.16919899,MRPS11
2.110208613,0.449903488,MRPS15
2.474087895,0.692468007,MRPS21
0.469350445,-0.110973994,MRPS6
0.323487078,-0.052377701,MRPS9
1.043896998,0.380807241,RPL24
0.111388837,0.045447667,ERH
0.145936556,0.131621679,RHOG
0.626918089,-0.2695961,EFNB1
0.432566984,-0.10850207,TFAM
1.531700872,-0.340556463,SLC25A3
0.775956476,0.446503957,HDLBP
1.864247101,-0.43862915,CDC42EP1
0.782972401,0.399362564,CLTC
0.615203845,0.277612686,FKBP3
1.590764251,-1.300647736,REEP5
2.667981568,0.353638967,HNRNPU
1.220072917,0.719989141,U2AF1
1.078011873,0.509858449,SPTBN1
1.068266466,0.448534648,SET
1.754510372,-0.934684118,CAP1
0.836928447,-0.216745377,SLC7A5
0.828425961,-0.992255529,PFKP
0.90582034,-0.326430003,FKBP4
0.5177241,0.227735519,NUCB1
0.983700852,0.262240092,RPL6
1.10235326,-0.717775981,AKAP12
0.739243642,-0.106078466,SLC25A11
0.720934503,0.408557256,CAV1
1.089655422,0.280142466,LMNB2
1.496288831,-0.642779032,TAP2
1.16059725,-0.529242833,SSBP1
0.370221716,-0.349074046,PRKCD
2.06912546,1.113236745,COL14A1
0.051546248,0.023760478,FMR1
0.178204794,0.037706375,PRDX1
0.268269631,0.118879318,C1QBP
2.024245914,-0.186225891,CKAP4
0.662079483,0.31244723,KHDRBS1
1.076091187,0.642088572,SRSF4
2.497278621,0.628700256,DHX9
1.052695138,0.658973058,CRYZ
0.773399569,0.493522008,GOLGA3
1.725715255,-0.287902832,GOLGA2
0.175679456,0.062596639,NSUN2
2.048115384,0.993009567,RBBP4
2.268393423,0.848706563,AHNAK
1.588218425,-1.156600316,MGAT2
0.107831766,-0.111008962,GALNT2
0.91503279,-0.258801778,PMPCA
0.116419396,0.053977966,KIF1A
0.222397853,-0.235580444,ASPH
0.005855637,0.002794266,AIMP1
0.615809897,0.382856369,ILF3
0.307873078,-0.158290863,LMAN2
2.961670462,1.137974421,PTPN13
1.480697125,-0.642459869,DLG1
0.158005241,0.207253774,BNIP1
0.278303028,0.083401362,ECH1
0.697503533,0.247039795,MRPL28
2.403780172,-0.548695882,PRKAA1
0.944623563,-0.660663605,PPFIA1
0.115767219,0.085731506,HNRNPA0
0.221229966,0.088324229,AIMP2
0.294689961,-0.144194285,PRDX4
1.09798202,0.82252566,CBX3
1.505279558,-1.037303289,STX5
0.288867962,0.137930552,DNAJC3
1.585320721,0.625024796,SRSF9
1.683151383,0.307569504,SRSF6
3.580848897,0.746459961,TRIM28
0.016968121,-0.011536916,G3BP1
1.930721171,-0.668373108,PTK7
1.511445342,-0.300406774,PABPC4
0.201987668,-0.113555272,EIF3I
1.018391651,0.1452624,MRPL49
0.111613861,-0.023008982,NNT
0.262868252,-0.077530543,SNTB2
0.066095051,0.029922485,SF3B2
0.778467606,-0.362253825,PICALM
2.702680066,-1.217463811,IQGAP2
1.290807557,-0.846779505,STIM1
1.50494052,0.886023839,TRA2A
1.355617672,-1.466106415,PEX6
0.419218936,-0.226395289,FHL1
0.21410142,-0.100785573,MOGS
0.462081202,0.246866862,PMAIP1
2.526979941,-0.798503876,ARFRP1
1.856822955,0.289418538,SPTAN1
1.8542752,-0.498325348,SNTB1
1.970926984,-0.495101293,CUX1
0.303894693,0.278633118,CKAP5
0.983530735,0.316603978,HNRNPD
0.672080482,0.359745661,SCARB2
0.029392504,-0.00920105,DSG2
2.674587151,-0.462924957,SCRIB
0.378424048,-0.106306712,MLEC
0.111690312,-0.048079173,DYNC1H1
2.174679438,-1.317683538,MAP7
1.196679747,-1.222813288,CTTN
1.471668185,-0.229576747,FLOT2
1.338553036,0.479593913,CAPRIN1
0.993351485,0.704386393,PDIA5
1.744257482,0.494704564,ITPR2
2.835483149,-0.418700536,ITPR3
2.691886228,-0.439018885,CLINT1
0.749637471,-0.270828247,SMC1A
0.207457025,0.217967987,RRP1B
0.283506119,0.295906703,MESDC2
1.530624208,0.337133408,GANAB
2.375864399,0.517506282,LBR
1.595754516,-0.214392344,GOLGB1
0.911711282,-0.403851191,RAB39A
0.000294204,0.000245412,KPNB1
0.45963738,-0.139970144,NOLC1
0.171107551,0.087503433,NUMA1
1.320845543,-0.403762817,SLMAP
2.102633652,-0.454129537,EMC2
0.257515777,-0.060021718,LARS2
1.859473859,0.574714661,SLC39A14
2.106438847,-0.348325094,KARS
0.165510476,-0.053105672,EEA1
0.039642406,0.011051814,PDK1
0.565291802,0.245674769,PDK3
0.472952644,0.104994456,NOMO1
0.089568809,0.17944781,PPA1
1.187520897,0.358903885,NONO
0.205510518,0.073134104,RAB35
0.627788329,0.136112849,RCN1
1.998736989,-1.375782013,LLGL1
0.113007587,0.05320104,PCBP1
1.804039623,-0.812213262,RHEB
0.73763084,-0.362190882,TOMM20
1.249409536,0.917664846,SF3B3
1.878311116,2.003050486,SAFB
0.00141079,-0.000427882,SEC23B
0.194178383,-0.069588343,SLC9A3R2
0.784988498,0.200301488,SF1
0.496227759,0.484996796,TRIP13
1.642800785,0.707203547,MAPRE1
1.538214992,0.347374598,ELAVL1
0.283481781,-0.188216527,NSDHL
1.574829492,-0.248001734,SLC1A5
2.677552088,-0.531691233,VAMP3
0.70257076,-0.220151265,07-Sep
0.493029841,-0.460948944,PKN2
1.898855223,-0.719177882,DPYSL2
0.536663667,-0.288824717,OCLN
0.702984394,-0.62779808,DBN1
0.123054212,0.048774719,NDUFA5
1.323764087,-0.328846614,CLPP
0.363850193,0.122490565,TST
3.528649584,3.397827784,HIST2H2AA3
0.108216189,-0.057313283,NDUFA9
1.279087477,0.812762578,PCK2
1.311989499,-0.227999369,IMMT
1.52765982,0.345407486,LEPRE1
0.001827414,0.002995809,HSDL1
0.925940646,-0.760808309,ARL13B
0.710033711,-0.142114639,TIMM50
1.173717314,-0.589633942,NADK2
0.230386191,-0.158583959,GXYLT1
0.098551665,0.093184789,ACSF3
0.468109802,0.873654683,ANO6
0.908999667,-0.391478856,TMEM259
0.157946507,0.283705393,AGPAT9
0.747136642,0.191122055,HSD17B12
1.762024133,-0.299724579,RABL3
0.866454309,-0.435997009,COQ5
0.265459574,-0.165790558,MOV10
0.147653081,-0.024858475,MIA3
0.053656452,-0.066226959,PHF6
0.156580668,0.042350133,PITRM1
1.092587592,-0.179704666,COA6
1.006060658,0.469153086,TOR1AIP1
2.048314532,-0.520291011,AARS2
1.35037077,-1.064501444,DLG3
0.388312401,-0.163984934,TMEM230
0.88905272,1.831862132,UBE2NL
0.025059429,0.016050339,SLC27A3
0.153878195,0.111949285,SPECC1
3.19350068,-1.094409307,MRPS18A
1.549927758,0.735499064,RALY
2.004259399,-0.8331604,VARS2
2.819765652,-0.578500112,RARS2
1.955774297,-0.219456991,FKBP15
0.562953638,-0.455245972,C9orf114
0.325687015,-0.070465088,IBA57
1.228674889,-0.413424174,MRPL2
0.120292997,-0.041414261,ADCK3
2.261975333,1.245674133,ATAD3B
0.423203822,-0.212273916,MNF1
0.079031895,-0.047073364,MINOS1
1.980645334,-0.626374563,CROCC
0.693349616,-0.274698257,LYRM7
0.487632057,-0.566781998,GHITM
0.061313792,0.047306061,PRPF38B
1.087048409,-0.957094193,CDKAL1
1.532930493,-0.419795354,ARHGEF2
0.941578025,-0.469328562,LRRC16A
0.044524372,-0.040121078,QIL1
0.571210003,-0.222565969,STEAP3
1.296135558,-0.394563675,GLT8D1
1.524469937,0.327846527,LAMTOR1
0.475879836,-0.112065633,DHRS7B
0.143813929,0.073894501,RAB12
1.562269634,0.610553741,SLC25A24
0.125097676,0.096100489,TMEM214
1.595451374,1.540707906,PTRF
0.919160173,0.401002884,RPUSD3
0.278849751,0.776379903,LPCAT3
0.243989972,0.11239179,MRPL14
0.374130985,0.584300359,SLC27A4
0.280441563,0.226355871,EDC4
0.027328607,0.008615494,PRPF8
0.490186707,-0.124895732,SFXN4
0.432964439,-0.452824275,CASC4
0.274353252,0.09064738,DARS2
0.955425706,-0.767240524,RHBDF2
0.447802162,-0.206777573,CCDC137
0.420447487,-0.133612315,LARP1
0.025454625,0.012654622,SLC30A9
0.34003205,-0.048336665,SARM1
2.516982443,-0.36365509,MTHFD1L
0.041586974,0.027425766,LCLAT1
0.076453893,-0.037886302,DHRS13
1.065080111,0.508786519,APOOL
0.35610099,-0.168482463,PTPLB
0.093758412,0.042886734,HSDL2
0.859083832,0.10580953,NFXL1
0.687603175,-1.04477183,QSOX2
1.228815095,-0.87745285,ACSS1
0.414525936,0.128403982,TMTC3
0.643987815,-0.425285339,ACAD11
0.275961366,-0.241726557,USP30
1.324016282,0.321364085,IKBIP
2.99903581,2.520642598,HIST2H3A
0.776036578,-0.370404561,LARP4
2.578304194,0.778582255,SND1
0.936568585,0.160579046,COX15
0.996698036,0.492136002,DDX46
0.878743053,-0.218272527,TRMT10C
3.569164074,0.503607432,DHX30
0.556728448,-0.473661423,CYFIP1
0.046853842,0.018807729,LPCAT2
1.747245847,0.778783798,TAOK1
1.319578759,-0.302068075,FASTKD5
0.89449088,-0.110309601,ZC3HAV1
0.110892172,0.066374461,MRPL21
0.752570132,-0.233743668,MAVS
0.09735697,0.208047231,GOLGA7
0.513330733,-0.138149261,MRPL55
0.1254405,-0.062309265,TMED4
0.219538378,0.063816071,MRPL10
0.040171544,-0.019646327,GLRX5
0.240169346,0.158835093,ACOT1
3.184722121,0.906450907,MTDH
0.940491366,-0.578562419,AGPAT6
0.388741151,0.059216817,KTN1
1.444417755,0.441005071,NLRX1
0.833864235,-0.328410467,TXNDC5
1.119013795,1.334349314,ALYREF
0.695641976,-0.235440572,CAND1
0.530959892,-0.340098063,RPS19BP1
1.591275822,-0.458683014,TMED7
0.278394688,-0.171883265,STX12
4.323085656,-0.55459404,RAB43
2.325736354,1.573119481,PLD3
2.067080398,0.46322759,MCAT
0.286843242,-0.795078913,ZBTB8OS
0.319503068,0.086048126,DNAJC10
2.381369116,-0.528077443,RHOT2
2.094983457,-0.315877914,RHOT1
0.461924719,0.263316472,MRPL41
0.520781113,-0.142011007,PNPLA6
0.631860424,0.515257517,PPAPDC2
0.581714149,0.335002899,FTSJ3
0.170167308,-0.037562052,SUPV3L1
0.855912257,-0.724441528,EXOC8
0.002440972,0.001051585,THNSL1
2.117327264,-0.570824305,KIAA2013
1.356978884,-0.723019918,KATNAL2
0.881181567,-0.467389425,CMTM4
1.165705194,0.878016154,RBFA
0.706850973,-0.112969081,NDUFAF2
1.333502411,-0.246915817,NUP93
0.331948657,0.187124252,LRRC47
0.532854223,1.543315252,ANKRD35
1.292114255,0.508276622,GUF1
2.908901675,0.65282313,
0.104831005,-0.143978119,ZADH2
0.238207186,-0.072515488,SMIM20
0.833791336,0.329343796,TMEM57
0.402809413,0.472949346,CISD2
0.339305585,-0.14826711,JAGN1
0.191679127,0.103199641,MRPL50
0.720510865,0.329480489,EMC1
1.266322802,-0.683303197,ENAH
0.667374253,-0.096916199,MRPL43
0.917776244,0.270545959,GOLM1
0.28675642,0.094760259,COLGALT1
0.786957361,-0.564795812,UBAC2
0.439972838,-0.303197861,RDH13
0.288408713,-0.269482295,TTC13
1.310961705,-0.248428981,ATAD1
1.678892121,-0.444186529,SERBP1
0.223247689,-0.164619446,KCT2
0.272337455,-0.116566976,LEMD2
0.176557438,-0.071069082,NOA1
0.048323039,-0.044143677,CNNM3
2.180008397,-1.471199671,ABCF1
0.231365106,-0.099566778,MCU
0.720782765,0.359865824,LPCAT1
0.866093988,-0.228849411,TOR1AIP2
0.943043524,-0.631012599,MOSPD2
2.466564093,-0.741389592,GRPEL2
0.017286464,0.004008611,GADD45GIP1
0.433788876,-0.302818298,NUBPL
1.603669209,-0.652434031,GOLGA5
0.842301848,-0.446772257,FAM57A
3.098845509,-0.469011307,RDH11
0.402529494,-0.068178177,MRPL30
0.402985736,-0.093869527,STT3B
0.587434827,0.177292506,PNPT1
1.036142578,-0.472334544,HM13
0.964993191,1.469796499,GPT2
0.103157463,-0.071702957,NUP210
0.78439988,-1.285482407,CHPT1
1.314759723,-0.887666066,PTPMT1
0.94617998,0.630758286,PDCD6IP
0.363586883,-0.475920359,NAT14
1.331968838,-0.879660288,TFB1M
0.192024316,-0.176234563,SCFD1
0.414040383,-0.22314326,FAR1
0.614740158,-0.179032008,C2orf47
0.106924091,0.051043193,CKAP2
0.438928058,-0.142648697,BRI3BP
0.154892869,0.010877609,DDX1
1.057990244,0.508772532,SLC39A7
0.662473403,-0.289661407,H1FX
2.600877719,-0.875679016,GBF1
0.025403654,0.013044357,TM9SF4
0.210897578,-0.237212499,WASF1
0.683871064,0.768674215,AP3S1
0.606561887,-0.185627619,UBXN4
0.556773408,-0.291212718,LPGAT1
1.6470182,-0.763455073,GCN1L1
1.733948533,-0.441675186,NUP205
1.310229728,-0.207350413,MRPS31
2.648681667,-0.609405518,AKAP1
0.123295097,0.026222865,ARPC1A
0.884786747,0.860532761,TAF15
0.295081555,-0.147900263,RAD50
1.987531437,-0.712461472,GLG1
0.28589904,-0.441649119,UPF1
0.223874457,-0.066322962,KHSRP
2.298372373,3.454357147,HIST1H2AC
0.20074958,-0.076232274,YIPF5
1.389909243,0.730698903,RPL36AL
1.170934264,0.780724843,GFM2
2.467696215,-0.237682978,NCLN
0.616721081,0.53829066,ERGIC1
1.851750157,-0.60662969,TBRG4
0.117668103,-0.046244939,CCDC47
0.062646703,0.052680969,MRPL24
0.598565942,0.341403961,EXOC4
2.460639987,0.535532633,LRRC59
0.310208325,0.154823939,ARL8A
0.308501917,0.225229899,SELRC1
1.920900766,0.501565933,PYCR2
1.027308965,0.424493154,GRAMD1A
0.92783845,-0.331780752,FAF2
2.361370377,-1.609153748,CCDC124
0.563596951,0.411130905,AP2M1
2.745410834,0.970099767,ADCK4
0.210535415,0.085371017,RAB39B
0.697039688,0.48412323,DNAJC19
1.740440146,0.280790329,MRPL38
0.46016667,0.168404261,MRPS24
0.52748647,0.080998739,MRPL53
3.522790794,0.89198939,CCDC51
0.322339059,0.21014595,SMIM12
0.214340808,0.086685181,DNAJA3
0.752012392,0.137484868,PTCD3
2.364380093,-0.587928136,MMAB
0.27218778,-0.198577245,EDC3
1.695197595,-1.181793213,ZC2HC1A
1.290731633,-0.258782705,MYO19
0.204589451,-0.173198064,ERO1L
2.267114615,1.413564046,PRR11
0.572781817,0.079494476,PGAM5
2.095357024,-0.294236501,DDRGK1
0.140350834,-0.090403239,DHTKD1
0.520429513,0.370065689,FUBP3
0.67134997,0.094179153,NARS2
0.001443055,-0.001204173,SUCLG2
0.337322966,-0.207641602,USMG5
1.122645544,-0.597850164,CDK5RAP3
0.172372006,0.154408773,TMX3
0.250314766,0.165826162,CLPTM1L
0.607404859,-0.620358149,DNAJC1
0.65243985,-0.702398936,SNX27
0.643200731,0.103130976,MBOAT7
0.383390528,-0.106639862,SFXN2
0.92978058,-0.462865194,RBM14
0.058308257,-0.058790843,VPS35
0.569596665,0.386524836,GFM1
0.007691791,-0.032496134,ERGIC2
0.023663947,0.007905324,MCCC1
1.610010511,1.098227183,TWINKLE
0.591705409,-0.151608149,ERBB2IP
0.879561889,0.425451279,PIGS
0.373822239,0.149516424,CLCC1
2.355556766,-0.449193319,CDK5RAP1
0.15309667,0.017222087,YME1L1
0.60226732,0.198583603,RMDN3
0.24256176,-0.82404391,SEC62
2.914350559,0.484945297,SDF2
0.52919225,0.185422897,PARK7
3.202906523,-0.997679392,VAT1
2.264372156,-0.437472661,PKP4
0.832296495,0.141646067,PHB2
0.658213347,0.642808914,CHP1
0.393347353,0.194136302,HSD17B10
0.977557524,0.439066569,HNRNPAB
0.419549805,-0.936100642,NAPG
0.217752608,0.338733673,MIPEP
2.209536635,0.406464895,TM9SF2
1.423876124,-0.659711838,SLC29A1
1.073229165,-0.232606888,CCT7
0.817087654,-1.237204234,AGPAT1
3.245356525,-0.827118556,PKP2
0.533856047,0.738728205,VRK1
0.902089519,-0.289144516,AKAP9
1.29130195,0.63764445,DDX50
1.306163865,0.738200506,ELAC2
0.21548203,0.179808935,GRWD1
0.248831717,0.294699351,MACROD1
0.274070361,-0.200257619,ECSIT
0.813964302,0.545852025,C17orf62
4.650306648,-0.62451299,VKORC1
0.001270656,-0.001031876,MRP63
1.454615671,-0.364589055,MGME1
0.548125368,0.283153534,MRPL45
0.115554772,-0.044329961,SDF4
0.58291516,-0.111435572,ADPGK
0.084969276,0.062413534,PELO
0.126304533,0.082553864,ERP44
0.483449295,-0.145024618,NTPCR
0.855488059,0.112421036,C19orf52
0.100147839,-0.04140981,TACO1
0.021439232,0.006535212,ESYT1
0.496691117,-0.208651225,ALG1
2.562397953,-1.091335297,LRRC1
0.047933405,0.102148056,PI4K2A
0.347029621,0.42545255,TMEM43
3.024845737,1.271922429,DHRS4
0.324146414,-0.160089493,LMF2
1.166494291,-0.641129812,NDUFAF3
3.66453655,1.462546666,MMTAG2
7.67E-05,4.07e-05,TMEM70
0.227878041,0.17429479,TUBB6
1.797695584,-0.366705577,VAMP8
2.16266587,-0.686155319,TMEM109
1.431391217,0.580831528,PTDSS2
1.417891105,-0.356620153,TMED9
0.048689839,-0.015134811,TIMM21
0.303177486,0.139719645,ELOVL1
2.384238942,-0.586168925,TARS2
1.11806986,0.588241577,SFXN3
0.564477149,0.915995916,HINT2
1.699102455,0.397799174,NUSAP1
2.064201419,-0.396512985,CECR5
0.649067256,0.136673609,CADM1
3.319080375,-0.976091385,POLDIP3
0.640619804,-0.390649796,MRPL32
2.009100588,0.628196716,MRPL20
1.991791933,0.25361379,MRPL9
0.244594182,0.061644872,MRPL1
2.417057075,-0.370218277,MRPS26
1.453243677,0.326106389,MRPL37
1.951966337,-0.590322495,GTPBP4
0.83484899,-0.22092247,OSBPL8
0.356454652,-2.259087245,LRRCC1
0.407937481,-1.014258703,ELOVL4
0.594673496,0.173007965,SLIRP
0.548953007,-0.118531545,MFF
0.772871632,-0.096220016,CLPB
2.460646575,-0.749976476,RAB33B
1.344509692,0.735356013,LSG1
1.062408564,-0.96500206,KLC2
2.23663717,-0.456261317,QRSL1
0.909026516,-0.564784368,RAB1B
0.092313397,-0.0656751,MRPL18
1.280927567,1.821795146,CCDC8
1.926999746,-0.14587148,ISCU
2.268317548,-0.370678584,EHD4
0.489197031,0.253056208,VPS16
1.871824809,-1.075416565,SLK
0.085009511,-0.070721308,TSPYL2
1.475893933,0.145154317,MRPL46
0.661263185,0.263338725,PNN
0.400153556,-0.356147766,TMEM245
1.720532278,-1.094504674,CPVL
1.041081988,-0.917766571,DPAGT1
0.528532667,-0.129879634,TMX1
0.503754574,1.048709234,CHMP4B
0.717539594,0.601510366,PIGU
0.102327099,-0.110336304,GOLPH3
0.150085606,0.092278163,OSBPL3
1.322356156,-0.55247879,EHD1
0.153891378,-0.112450918,TFB2M
0.000682068,0.0006663,CCDC86
0.03430964,0.014830271,REEP4
0.402937475,-0.174444199,C8orf33
0.308552383,-0.197172165,METTL17
0.219366072,-0.118604024,ACAD9
1.029224022,-0.150283813,SLC25A22
0.753439882,-0.106231054,SFXN1
1.295102971,0.258860906,MRPL44
0.221678598,0.03309377,CARS2
1.342596395,0.490793864,GNB4
0.198634089,0.07875061,GRPEL1
0.433920951,-0.259255091,RDH14
0.861692325,-1.042054494,PLGRKT
0.330694877,-0.204524358,SLC38A10
0.439791343,-0.175408681,TMEM165
0.282134543,-0.549756368,SLC25A19
0.909525563,-0.287371318,RNMTL1
3.347257154,-0.291280746,MCCC2
0.253897854,-0.165498734,SDF2L1
0.077234291,0.041148504,PREB
0.20110289,0.244070053,ATP13A1
0.04475348,0.014458974,MRPL47
0.149068904,0.111611684,CHMP1A
0.129308025,0.217979431,TM9SF3
1.238166866,-0.224923452,JPH1
0.158900692,0.039141337,APMAP
0.552969973,-0.116399765,RAB18
1.407418252,0.195314407,MRPS30
0.788264451,0.874831518,ACOT13
0.282026209,0.088631948,TIMMDC1
1.068695155,-0.178190231,RTN4
0.091780549,0.036570231,DIABLO
4.612799174,0.783517202,DDX21
1.578235005,-0.402387619,AAAS
0.137879732,-0.043904622,ABCB10
0.720237176,-0.086486816,CMC2
0.277536298,-0.254200617,RAB6B
0.17275071,0.046619415,MRPL17
0.043182203,-0.030207316,SERINC1
2.423696636,-0.408242544,AGPAT3
1.232114095,-0.473442078,TOMM22
1.009575749,-0.240164439,SACM1L
1.909789072,0.875424703,ABHD10
1.379659803,-0.306847254,DDX28
1.941020481,-0.348672231,LIN7C
0.461000761,-0.325066249,AGPAT5
0.267180013,-0.16918691,EXOC1
0.56432928,0.119663239,UQCC
1.854722747,-0.305807749,EXD2
3.37422358,-0.547281265,DNAJC11
0.629188286,-0.160110474,ATAD3A
0.994359163,0.389561971,ARL8B
0.803193255,-0.173521042,MTPAP
1.833680171,-0.491519928,ARGLU1
1.404732946,1.128115972,SLTM
0.066091692,0.105518977,CCDC109B
3.982378391,3.140069326,AURKAIP1
0.692700715,-0.315393448,NDUFB11
0.793392343,-0.231786092,MRPL16
4.65E-05,-1.84e-05,OCIAD1
0.581170093,0.151553472,05-Mar
2.105955005,-1.351959229,IMPAD1
1.503753584,0.262585958,DNAJB12
1.446021658,0.16264534,MRPL39
0.25141296,0.129393895,UGGT1
0.062246407,0.055192312,FASTKD2
1.207417425,-0.297450384,TECR
0.201563654,-0.110403697,USE1
0.81139958,-0.265558243,CISD1
0.092358498,0.051411311,FAM120A
0.017741054,0.012484868,MRPL35
0.213655476,-0.087404887,IGF2BP1
0.290402756,-0.206558228,MTCH1
0.17749127,-0.12874794,GLTSCR2
0.507120941,-0.2743028,MPP6
1.033751503,-0.257413864,MRPL15
2.396505438,-1.003688812,CCDC59
3.05982855,-0.925121943,NDUFAF4
2.293191367,-0.476124446,PTPLAD1
0.906691259,-0.663030624,EMC3
0.433465125,0.291588465,MRPL36
0.674182171,-0.176707586,VAPA
0.625231958,-0.063311895,RCC2
0.917958768,-0.264872233,PTGFRN
0.467519985,-0.084952672,RRBP1
1.014186263,-0.232063929,DPM3
1.967342429,-0.577964147,COPG2
1.364255733,0.398091634,GNG12
3.320213362,-0.936630885,DHCR7
2.880727855,0.530204137,DNAJB11
0.53334584,-0.3341465,NXF1
0.723219391,0.252144496,SEL1L
0.493343919,-0.162344615,AASS
0.384517185,0.453068415,UQCR10
0.607603961,0.322515488,MTFP1
0.249377413,-0.178908666,VTI1B
0.633309663,-0.432147344,WARS2
0.840618574,-0.309590022,SEC63
2.764251504,0.812862396,SUN2
1.205250055,0.261343002,LIMA1
1.878336903,-0.477444967,SRP68
1.312719048,-0.142582575,09-Sep
1.080612727,0.399030685,PCYOX1
0.782709039,0.37230746,CYB5R1
0.276864351,-0.121908824,BAIAP2L1
0.795157486,0.297904332,PUF60
1.033718188,-0.281721115,NDUFA12
1.071664245,0.619781494,ATP6V1H
0.542834936,0.284228007,FTSJ2
0.462774401,-0.30005455,ATPIF1
0.330939588,0.447839737,AK3
0.317902838,-0.08457311,SLC25A13
2.095119396,-0.398841222,STOML2
0.011733271,0.015808105,MRTO4
0.173958001,0.121072769,TNIK
1.21170168,-0.663731893,PACSIN3
2.064102706,-0.198347727,RAB21
1.574689216,-0.624798457,RAB23
1.17440845,0.495302836,KIDINS220
1.820236661,0.372371674,CORO1C
0.74242291,0.38971583,PRPF19
0.031396037,-0.026753743,NENF
3.097077454,-1.319119771,NOL7
0.596328896,-1.695164363,ORF1
0.951685176,-0.605065028,STUB1
0.561811837,0.221997579,PACSIN2
0.34928416,0.518403371,MAGED2
1.746717193,0.344029109,RPL26L1
0.416375393,0.489856084,C19orf53
0.627652342,0.131372452,SRRM2
1.823639983,-0.605267207,PA2G4
1.009093433,-0.183072408,SMC3
0.849917542,-0.202914556,RUVBL2
0.960925276,2.961024602,HIGD1A
1.030641003,-0.517459234,RUVBL1
1.553951705,-0.684261322,NUDC
1.533267797,0.224185308,VDAC3
0.212150318,-0.249889374,CFL2
2.24603298,0.462604523,MRPS33
0.007518875,0.006076813,NCKAP1
1.117899223,0.531557083,CNPY2
1.066090835,0.303548813,DNAJC16
0.259102672,-0.046117783,EPB41L3
0.022858091,0.010475159,GSTK1
0.574266652,0.097813288,MRPS28
0.630441299,-0.221263885,COA3
0.329699496,-0.081136703,POLDIP2
0.400951096,0.450778961,THRAP3
0.242476645,-0.103114446,NOP58
1.546301192,-0.243689855,MTO1
1.670306631,0.4131972,YARS2
1.363237152,2.007675171,COQ6
0.546621139,-0.174752553,ACOT9
1.802009303,0.360056559,TMX2
0.889685958,0.220042547,LUC7L2
0.294845401,0.088174184,MRPS2
2.259954218,-1.673407237,UTP11L
0.928014357,-0.345790227,SBDS
0.492775538,0.089713415,MRPL11
0.799936794,-0.400237401,NOP16
0.524379487,-0.114030202,UFC1
1.188819446,-0.55451711,MSRB2
0.646169307,0.083543142,MRPS16
0.402494678,-0.163984934,C22orf28
0.530058,-1.338703791,RAP2C
0.050920921,-0.050762177,RHBDD3
0.097647551,0.076284409,RPL36
0.609000762,0.479213079,CHTOP
1.279143633,-0.564137777,TLN1
0.043109887,-0.0669988,DAAM1
0.427155034,0.181112289,TLN2
2.014508791,-0.163523992,AFG3L2
0.427605108,-0.160640717,SAMM50
0.064123733,-0.533334732,TARG1
3.244131612,-0.512713114,YTHDF2
2.945944079,3.76174736,SUPT16H
0.095387778,-0.020897547,TIMM9
0.699835057,0.228986104,TIMM8B
0.216564019,0.0905056,TIMM13
0.980398989,-0.170120875,SRPRB
0.565025235,-0.235570908,FLVCR1
1.67291194,-0.666471481,UBIAD1
0.106425441,-0.0233078,MRPS18B
0.142867007,0.138139725,COPG1
0.054501733,0.013880412,AUP1
0.188749312,-0.411330541,CLIC4
1.127626213,-0.455070496,NFS1
0.74559594,-0.25700442,MTCH2
0.203767317,-0.14891243,TEX264
0.223887633,-0.123628616,CEPT1
0.434251183,0.34867541,CSNK1G3
1.996423887,0.512944539,COX11
