minusLOG10p-value(K84-G123 vs D125A),Difference(K84-G123 vs D125A),Gene names
0.189131672,-0.790854136,ARL1
0.134348484,-0.24161911,PES1
0.228217493,0.423188527,PGK1
3.953149913,5.001444499,TOP1
1.3422911,-1.288614909,ARL2
0.163440578,0.170619965,SEP-2
0.43951285,-0.948320389,MARCH5
0.889465569,0.531066259,SEP-7
0.681485718,0.717674255,SEP-9
0.46864302,0.564311981,SEP-11
0.457525452,-0.355972926,AAAS
0.079508094,0.015153885,AARS2
3.025292947,-0.890473048,AASS
0.410540369,-0.197933197,ABCA3
0.404856252,0.185987473,ABCB10
3.559498727,2.240386327,ABCB7
0.814798762,-0.569006602,ABCC1
0.583236553,0.402031581,ABCC4
2.124541728,-0.210730871,ABCD3
1.492214787,-0.498837153,ABCE1
0.112822319,-0.108980179,ABCF1
0.140155871,0.204470317,ABHD10
0.971036555,-0.732563655,ABI1
0.086734712,0.06025823,ACAA1
0.02738436,0.03920873,ACAA2
0.008732285,-0.038267771,ACAD11
0.556045651,-0.813000361,ACAD9
0.600159392,-0.107385635,ACADM
0.044549432,0.041601181,ACADSB
2.635493138,-0.694021225,ACADVL
0.367354527,-0.222708384,ACAT1
0.122389014,-0.077988942,ACO2
0.008971198,0.008446376,ACOT1
0.072515654,0.083906809,ACOT13
0.674903743,-0.366490046,ACOT8
0.174998201,-0.063773473,ACOT9
0.250425475,0.085533142,ACSF3
0.435301245,-0.174543381,ACSL3
0.491621378,0.687079112,ACSL4
0.695271916,0.225393295,ACSS1
0.065059626,0.034762065,ACTA1
0.545293969,-2.448990504,ACTB
0.231127597,0.074801127,ACTG1
0.197515699,0.2603302,ACTN4
0.5404004,0.192660014,ACTR1A
0.208276149,-0.531078339,ACTR3
1.151826056,-0.351491292,ADCK3
0.665446611,-0.218240738,ADCK4
0.366770845,-0.366600037,ADD1
1.847866239,-0.752543132,ADPGK
0.10174689,-0.02310435,AFG3L2
0.349707384,-0.655834834,AGFG1
1.59469869,-0.628224055,AGK
0.009456346,0.007489522,AGPAT1
0.45284369,1.168001811,AGPAT3
0.056943833,-0.108200709,AGPAT5
0.932273204,-0.727511724,AGPAT6
0.545692925,0.607486089,AGPAT9
0.084998367,-0.060923258,AGPS
3.739768525,4.394908269,AGRN
0.001474758,-0.002003352,AHCY
0.394086916,0.880864461,AHCYL1
0.013867923,-0.013055166,AHNAK
1.544104522,0.412867228,AIFM1
1.137002183,-0.709295909,AIMP1
0.356013691,0.613036474,AIMP2
0.33534972,0.645853678,AK2
0.510852735,1.231117884,AK3
0.170190359,-0.095632553,AK4
0.450352094,-0.549799601,AKAP1
0.051714513,0.15171051,AKAP12
0.038823668,-0.028036118,AKAP9
2.008422963,-0.470293045,ALDH18A1
1.150299171,0.754400889,ALDH1A2
2.462286368,0.638615926,ALDH1B1
2.64269907,0.768748601,ALDH2
0.413248105,0.186397552,ALDH3A2
0.032791952,-0.183848699,ALDH4A1
0.333648601,0.086322784,ALDH5A1
0.550917989,-0.546227137,ALDH6A1
0.4091378,0.307310104,ALDH7A1
0.31739743,0.371431351,ALDH9A1
0.05819058,0.078276952,ALDOA
1.351087584,-0.409638723,ALG1
0.083118376,-0.0351518,ALG3
0.135651103,-0.06939888,ALG5
1.279849865,0.481997808,ALYREF
2.26806481,1.883877436,ANKLE2
0.10939555,0.559030533,ANKRD35
0.040549928,0.154684067,ANO6
2.240753999,-0.827234904,ANXA2
0.067484404,-0.090489705,AP1G1
0.248195061,0.289686839,AP2A1
0.734133602,0.382552465,AP2A2
0.372344704,0.131902059,AP2B1
0.306211964,0.190640767,AP2M1
0.482775633,-0.54431661,AP2S1
0.297676648,0.246519089,AP3B1
0.921491996,0.468264262,AP3D1
0.247891846,0.480559667,AP3S1
0.031660423,-0.034198761,APMAP
0.35302635,-0.486243566,APOB
1.514735122,-0.656062444,APOC3
1.501163934,-0.67249616,APOL2
0.25487455,0.822470983,APOO
0.018118647,-0.019788106,APOOL
0.009878434,-0.012938817,APRT
0.142800847,-0.046156565,ARCN1
1.312835734,-0.55292511,ARF3
2.28115281,-0.326584498,ARF4
2.437551325,-0.762717565,ARF5
1.18047391,-0.646322886,ARF6
0.580916051,-0.277796427,ARFRP1
1.217477098,1.816502253,ARG1
0.144204342,-0.062500636,ARGLU1
0.973868896,-0.265850067,ARHGEF2
0.378095737,0.078044891,ARL13B
0.412912826,-0.343941371,ARL8A
1.376610696,-0.401724497,ARL8B
0.211387378,0.445735931,ARMC1
0.033469458,-0.015930812,ARPC1A
0.953365832,-1.141423543,ART4
0.372679766,0.392618179,ASNS
0.924262804,1.207452774,ASPH
0.337539952,-0.117476781,ATAD1
1.954356728,-0.621306101,ATAD3A
0.430678516,-0.192005793,ATAD3B
0.118113745,0.154230754,ATL2
0.208507847,0.176674525,ATP13A1
0.199494588,0.054250081,ATP1A1
0.186206059,-0.086251577,ATP1B1
0.409589144,-0.306915919,ATP1B3
0.377958571,-0.067035675,ATP2A2
2.519152803,-0.809729258,ATP2B1
0.838863258,-1.729230245,ATP2B4
0.020239703,0.015708288,ATP2C1
2.079916524,-0.228157043,ATP5A1
0.488452336,-0.110169729,ATP5B
2.113307416,-0.367020289,ATP5C1
0.396237983,-0.268093109,ATP5D
0.760034355,-0.240577062,ATP5E
0.469416939,-0.423135122,ATP5F1
0.058454324,0.075931549,ATP5H
0.217123418,-0.273810705,ATP5I
0.577223032,0.638140361,ATP5J
2.565737332,-0.628608068,ATP5J2
0.017259714,0.012613297,ATP5J2-PTCD1
0.042679385,0.049703598,ATP5L
0.185533137,-0.089081446,ATP5O
1.425626773,0.722236633,ATP6AP2
0.576187104,1.014273961,ATP6V0A1
0.060426894,-0.071718216,ATP6V0D1
0.766147178,0.425068537,ATP6V1A
0.119500161,-0.102836609,ATP6V1B2
0.424971097,0.512313843,ATP6V1E1
0.050244183,0.043073018,ATP6V1G1
0.567748184,0.367545446,ATP6V1H
0.018845561,-0.032164892,ATPAF1
0.367788696,0.562557856,ATPIF1
0.356749573,0.30552419,ATXN2L
1.575624489,-0.347872416,AUP1
0.418995255,-0.237798055,AURKAIP1
0.564807448,0.360966365,B3GAT3
2.51147894,0.740671794,BAG2
0.004516593,0.00706927,BAIAP2L1
2.550841949,4.371599197,BANF1
0.418318856,-0.454687119,BASP1
0.074346695,-0.081103643,BCAP31
0.185952956,0.063604355,BCKDHA
0.72179503,0.307760239,BCKDHB
0.654361128,-0.364760717,BCKDK
1.097904994,1.749369303,BCLAF1
0.306350496,-0.495599111,BET1
0.375109547,0.307271322,BNIP1
1.629993269,1.204456965,BRI3BP
0.076710188,-0.110020955,BSG
2.399876323,5.879092534,BTAF1
1.717709764,-0.484249115,BUD31
2.795776237,-1.13368543,C11orf48
0.044822592,0.049976349,C16orf58
0.525791552,0.764053345,C17orf62
0.11810841,-0.192280451,C19orf10
1.464539694,-0.340192795,C19orf52
1.166778999,-0.908886592,C19orf53
2.235062261,2.620543162,C1QBP
0.105679475,0.132111867,C21orf33
0.316055526,-0.130431493,C22orf28
0.33290168,-0.182949702,C2orf47
0.98280582,-0.578726451,C6orf120
0.262154949,0.517535528,C8orf33
0.224342762,-0.104403178,C9orf114
1.18152894,-0.441758474,CAD
0.132893381,0.173290888,CADM1
0.008061191,0.01596578,CALD1
0.64723482,-0.453585307,CALM1
0.341903716,0.447053909,CALR
0.128725105,0.148375193,CALU
0.278725951,0.195037842,CAMLG
0.05292983,0.315603892,CAND1
0.177945537,0.136209488,CANX
0.351836886,-0.309328079,CAP1
0.222979789,-0.41558965,CAPRIN1
0.438510268,-0.205392838,CAPZA1
0.114079528,0.183355331,CAPZB
0.013393041,-0.004669825,CARS2
0.492722527,1.169429143,CASC4
0.185419047,-0.451779683,CASK
0.963366663,-0.237680435,CAV1
1.008533059,0.355947495,CBR1
3.260087226,5.082632701,CBX3
0.096602908,-0.036197662,CCDC109B
0.199497254,0.479279836,CCDC124
2.373554337,-1.118728638,CCDC137
1.294159713,-1.013174693,CCDC18
0.701327236,-1.339944839,CCDC22
0.359169231,-0.216814041,CCDC47
0.210087698,-0.249010086,CCDC51
2.018172763,-0.862780253,CCDC59
0.381365838,-1.286952337,CCDC8
0.906911649,-0.367468516,CCDC86
2.047461043,0.248429616,CCNB1
0.399334809,-0.286192576,CCT2
0.506909861,-0.171490351,CCT3
1.315245373,-0.344523112,CCT4
0.701188226,-0.270896912,CCT5
1.862956454,-0.4717261,CCT6A
0.053937814,-0.063156764,CCT7
0.07962383,0.077585856,CCT8
0.065735834,-0.126517614,CD151
1.501256722,-0.816230774,CD44
0.292978867,0.449299494,CD81
0.856333026,-0.260967255,CDC42
0.314928185,-0.104436874,CDC42EP1
0.270031798,0.603609721,CDH2
2.709413772,-0.418071111,CDIPT
1.134291979,-0.267983119,CDK1
0.060294915,-0.166751226,CDK17
0.245134916,0.194669724,CDK5RAP1
0.09579327,0.280534108,CDK5RAP3
2.358957377,1.587968826,CDKAL1
0.604111691,0.143234253,CDS2
0.035035136,-0.019031525,CECR5
0.06630506,-0.056257884,CEPT1
0.328239869,0.306453705,CERS2
3.447331999,-0.639216741,CFL1
0.15191574,0.163456599,CFL2
0.930117951,-0.234800975,CHCHD3
0.69300859,-0.527644475,CHCHD6
1.635991347,1.41608874,CHD4
0.233688598,0.44636027,CHID1
4.41771385,4.443004608,CHMP1A
1.919505771,2.77972285,CHMP4B
0.72083576,1.066582362,CHP1
0.210903803,0.100443522,CHPT1
1.112846378,-0.919311523,CHTOP
0.434470153,-1.011578242,CISD1
1.001684376,1.954920451,CISD2
1.316195685,-1.303830465,CISD3
1.555642607,1.611265182,CKAP2
0.056600078,-0.03524526,CKAP4
0.223150153,-0.38615799,CKAP5
0.674723372,1.206606547,CKB
0.559235868,0.516933441,CKMT1A
0.952560382,0.754413605,CLCC1
0.037472138,0.064553579,CLGN
0.431934978,0.883417765,CLIC4
0.599018694,0.252178828,CLINT1
0.429546175,0.094448725,CLN6
2.446703518,1.269662857,CLPB
0.413348033,0.087673823,CLPP
0.304408691,-0.317825317,CLPTM1
0.123761219,-0.131593068,CLPTM1L
0.160883538,-0.058669408,CLPX
0.13144563,-0.082362493,CLTA
0.471394308,0.250628153,CLTB
0.072272651,0.060376485,CLTC
0.452456606,-0.366532644,CMC2
0.155958112,0.1955115,CMTM4
0.644043506,0.248943965,CNBP
0.293309077,-0.865950902,CNIH4
0.089681111,0.128781637,CNNM3
0.688280238,-0.255566279,CNP
0.070574762,-0.150741577,CNPY2
0.125868969,-0.164377213,COA3
0.174086193,0.684445699,COA6
0.878591751,-0.351658503,COL14A1
0.357185728,0.389327367,COLGALT1
0.458796922,0.202929815,COMT
0.233991995,0.081541697,COPA
0.495339499,0.171616236,COPB1
0.908901383,1.561868668,COPB2
0.629175118,-0.342354457,COPG1
0.073272705,0.031333923,COPG2
0.02101099,-0.02161026,COQ5
0.163751153,-0.524106344,COQ6
0.047454477,-0.11656634,CORO1C
0.75452566,0.307202657,COX11
0.339943756,-0.375099182,COX15
0.027542328,-0.093744914,COX17
0.196102543,-0.09193484,COX4I1
0.45907807,-0.260942459,COX5A
3.006765321,0.81371371,COX5B
0.831013461,1.071443558,COX6B1
0.36806133,0.282832464,COX6C
1.307476673,0.450069427,COX7A2
0.444954909,-0.667668025,COX7A2L
0.069230429,0.042175929,COX7B
0.378470613,0.474388758,COX7C
0.25655946,-0.17804273,CPD
0.114608832,-0.100154877,CPT2
0.670227705,1.340317408,CPVL
0.506827357,1.271282196,CROCC
0.558139636,0.522823334,CRTAP
0.197707911,0.262116114,CRYZ
0.329853083,0.413113912,CS
0.369807313,-0.595071157,CSNK1G3
1.388254585,-0.197253545,CSRP2
0.025779379,0.037855148,CTAGE5
0.023454722,-0.037889481,CTNNA1
0.082427973,0.171602885,CTNNB1
0.836632747,-0.296400706,CTNND1
0.526910898,0.224435806,CTPS1
0.290198266,0.666211446,CTSD
0.066252003,0.073258082,CTTN
0.180305947,0.40774854,CUX1
0.01391622,-0.063549678,CYB5A
0.015269726,-0.037631353,CYB5B
0.254813124,0.757031123,CYB5R1
0.040932779,-0.057900111,CYB5R3
0.019748448,-0.033155441,CYC1
0.366796356,1.128412247,CYCS
0.315404751,0.300526937,CYFIP1
0.458953986,-0.521750768,DAAM1
0.318889213,1.250148137,DAD1
1.389742873,0.417762121,DAP3
0.116224993,0.044098536,DARS
2.015554613,-0.429336548,DARS2
0.074503512,0.053126653,DBN1
2.838951483,1.681704203,DBT
0.81154338,-0.88879776,DCAKD
1.964826002,-1.019556681,DCD
0.121888789,0.082015991,DCTN1
0.111522759,-0.13377889,DCTN2
0.075109639,0.118252436,DCXR
0.950945573,-0.369967779,DDOST
0.422210196,0.524954478,DDRGK1
0.03618572,0.028582891,DDX1
0.620128103,0.116718292,DDX17
0.020734702,-0.024511973,DDX19A
2.875615637,1.386317571,DDX21
2.257610831,-0.453574498,DDX28
0.256440436,0.042215983,DDX39B
1.25839919,-0.475317001,DDX3X
0.940748886,0.361314774,DDX46
1.990039404,-0.489303589,DDX5
3.69156118,1.806741714,DDX50
0.433620864,0.622086207,DEK
0.04816761,0.112922668,DENR
2.039149714,-0.622742335,DHCR24
0.06627757,0.025553385,DHCR7
0.375603794,-0.343133291,DHRS13
0.869843189,1.923353195,DHRS4
1.144343827,-0.348513285,DHRS7B
0.68278337,0.715679169,DHTKD1
1.303418086,-0.436018626,DHX30
1.970330497,-0.863910039,DHX36
1.599779734,0.463438034,DHX9
0.079658789,-0.127731959,DIABLO
0.221921602,-0.445220311,DIAPH1
1.856604814,0.69793129,DLAT
0.291496942,0.091296514,DLD
0.027789269,-0.025117238,DLG1
0.559815221,-0.458995183,DLG3
2.225235907,0.602219264,DLST
1.079406662,-0.285579681,DMD
0.619569412,0.302907944,DNAJA1
0.155847542,0.071699778,DNAJA2
0.414349468,0.195220947,DNAJA3
1.867750282,-0.481162389,DNAJB11
1.813559551,1.305576324,DNAJB12
1.087652323,1.174463272,DNAJB6
0.819497073,-0.417140961,DNAJC1
1.480263845,0.257145564,DNAJC10
0.476601137,-0.142243703,DNAJC11
0.03051066,-0.050551097,DNAJC13
0.082535588,0.147953669,DNAJC16
0.161059926,0.532599767,DNAJC19
0.579570142,0.599321365,DNAJC3
0.837965141,-0.269495646,DNM2
0.184752793,0.420527776,DPAGT1
2.562628172,-0.294880549,DPM1
0.428232371,-0.305035909,DPM3
0.346246999,0.490530014,DPYSL2
0.177409619,-0.064400991,DSG2
0.403287087,-0.293368022,DSP
0.405116622,0.551726023,DSTN
0.568032244,-0.569896698,DTNA
0.826919483,-0.305238724,DYNC1H1
0.051676541,-0.175305684,DYNC1I2
0.702547874,0.360975266,DYNLL1
0.564270594,-0.294210434,EARS2
0.248260826,0.157512029,ECH1
0.082573976,0.080108643,ECHS1
0.022178011,-0.027543386,ECI1
0.888120126,0.434261322,ECI2
0.049675887,-0.281342189,ECSIT
2.391690974,0.254177729,EDC3
0.125758649,0.069098155,EDC4
0.161539316,-0.143671672,EDF1
0.353848714,-0.185141881,EEA1
0.454127526,0.121814728,EEF1A1
0.387186188,-0.288064957,EEF1D
0.001411305,-0.008914948,EEF1E1
0.526210847,0.547687531,EEF1G
0.467595841,-0.136722565,EEF2
0.034250871,0.042884827,EFNB1
1.902999084,1.045726776,EFTUD2
0.50518627,-0.345389048,EHD1
0.889797178,-0.20712471,EHD4
0.072975499,-0.087527593,EIF1AX
0.482337671,-0.152598063,EIF2AK2
0.004580933,-0.008347193,EIF2S1
0.340412054,-0.304162979,EIF2S2
0.224790922,-0.142379761,EIF2S3
0.465508316,0.831040064,EIF3A
0.007407186,-0.016673406,EIF3B
1.505039023,0.9337883,EIF3C
0.074604303,0.091026942,EIF3E
0.39632625,-0.337657293,EIF3H
0.271656216,-0.160479228,EIF3I
0.520890446,0.737621943,EIF3L
1.979675623,-0.606096903,EIF4A1
0.544975413,0.34966596,EIF4A3
0.210587232,-0.145394007,EIF4B
0.10240454,-0.101954142,EIF4G1
0.178956635,-0.505620321,EIF5A
0.516331436,1.402879715,EIF5B
0.152681314,0.370985031,EIF6
1.089358447,-0.453895569,ELAC2
0.57446185,-0.170033137,ELAVL1
0.649111317,-1.678514481,ELOVL1
1.649891527,-0.604608536,ELOVL4
0.556605504,-1.805191676,ELOVL5
0.904566499,0.558736801,EMC1
0.461272871,0.864540736,EMC10
0.52905865,0.304100037,EMC2
0.342334872,-0.246704102,EMC3
0.302475355,0.659174601,EMC4
0.567419158,0.328488032,EMC8
3.983737241,4.744672139,EMD
0.073041575,0.116409938,ENAH
0.380046725,0.1882267,ENO1
0.257958203,0.220347722,EPB41
0.298427679,-0.248232524,EPB41L2
0.145403218,-0.166435877,EPB41L2
0.184099697,-0.179590861,EPB41L3
0.022193062,0.018231074,EPHA2
0.193076813,-0.503433863,EPHX1
0.29151855,0.044521332,EPRS
1.226034707,-0.447811762,ERAL1
0.92560431,-0.666983922,ERBB2IP
0.346066131,0.153476715,ERGIC1
0.261481742,-0.040505091,ERGIC2
0.033287624,0.046897888,ERGIC3
0.002055362,-0.001145045,ERH
1.642965131,-0.42616717,ERLIN1
1.227220838,-0.373266856,ERLIN2
0.075240801,0.163241069,ERO1L
0.005833164,-0.010818481,ERP29
0.144886985,-0.174065908,ERP44
0.333744232,-0.151688258,ESYT1
0.135713337,-0.060969035,ESYT2
0.417941159,-0.373838425,ETF1
0.422943621,-0.162195206,ETFA
0.394400703,-0.28088061,ETFB
1.629460881,-0.799797058,EWSR1
1.352252478,-0.955070496,EXD2
0.9603317,-0.472974777,EXOC1
0.00169901,0.00221316,EXOC4
1.176302901,-0.595490138,EXOC6
0.304374415,-0.375418981,EXOC7
0.436025255,-0.618120829,EXOC8
0.150416134,0.194799423,EZR
0.12020728,-0.113506953,FAF2
1.098310982,-0.413248062,FAM120A
1.853415138,0.539366404,FAM136A
0.742246839,-1.373200734,FAM162A
0.264169999,-0.138127645,FAM57A
1.882711312,-0.414029439,FAR1
0.00165885,0.00103569,FARP1
0.140714836,0.165734609,FAS
0.103969663,-0.16940244,FASN
1.614707969,-0.231667837,FASTKD2
1.522715617,0.973011017,FASTKD5
0.445993175,-0.457560221,FAU
2.94648802,1.389158885,FBL
4.799421654,2.433653514,FBLL1
0.605683036,0.915683746,FBXL20
0.169311973,0.458990733,FDFT1
2.291441833,1.931097031,FDX1
0.387266082,-0.295752843,FDXR
0.92962418,-0.162759145,FECH
0.380629006,0.797147751,FEN1
0.597213331,0.476430257,FH
0.661095319,0.144694646,FHL1
0.238750504,0.155473073,FKBP15
0.245996131,0.589213053,FKBP3
0.113606027,0.159503937,FKBP4
0.451426421,-0.291898092,FKBP8
0.077145058,0.054396947,FLNA
0.145405561,-0.370510101,FLNB
1.139332523,-0.135050456,FLOT1
3.650335129,-0.278714498,FLOT2
0.182192598,0.203701655,FLVCR1
2.397491244,1.188021342,FMR1
0.352783673,-0.271748225,FOXRED1
0.004995652,-0.006063461,FTSJ2
0.885369438,-1.168022792,FTSJ3
0.55561461,-0.332208633,FUBP3
1.50645193,0.352961222,FUS
5.337195696,3.602687836,FXR1
5.827040133,1.228450139,FXR2
0.294374925,-0.799001694,G3BP1
1.053083514,-0.580842336,GADD45GIP1
0.450490914,0.614872615,GALNT2
0.612267841,-1.213396708,GALNT7
0.024073881,0.024133046,GANAB
0.45204445,0.41497167,GAPDH
0.091043414,-0.049394608,GARS
0.197511688,0.190018972,GART
0.257115687,0.418544769,GBA
0.669533308,0.317955653,GBAS
0.725466264,-1.210170746,GBF1
1.309645824,-0.550835292,GCDH
0.207633662,0.228569031,GCN1L1
3.523120952,2.172592163,GFM1
0.14157443,0.113244375,GFM2
1.127165197,-0.450785319,GGCX
1.37634328,-0.785113017,GHITM
0.233664354,0.071985881,GK
0.408003259,1.473339717,GLA
0.427770646,0.396339417,GLDC
2.34581134,0.702452977,GLG1
1.166696053,0.606243134,GLRX5
0.769758717,-0.149218241,GLS
0.058782828,-0.051556905,GLT8D1
2.305213182,-1.405007044,GLTSCR2
3.758280695,2.700669607,GLUD1
0.349617013,0.572563171,GNA11
0.329772712,0.23776118,GNAI2
0.082103302,-0.096672058,GNAI3
0.541243159,-0.261076609,GNAS
0.131499356,0.059504191,GNAS
0.093698698,-0.067825953,GNB1
0.424061729,-0.158037186,GNB2
0.468842829,-0.118693034,GNB2L1
0.854861258,-0.278142293,GNB4
0.445081032,-0.428011576,GNG12
0.138559817,0.206334432,GNG5
0.734029654,0.632986705,GNPAT
0.221597616,0.218458176,GOLGA2
0.222124682,-0.350797017,GOLGA3
0.231778605,0.550811768,GOLGA5
0.501976738,-0.820459366,GOLGA7
0.402201286,-0.179920832,GOLGB1
0.151030975,0.231748581,GOLIM4
0.062472886,0.095020294,GOLM1
0.213004948,0.330411911,GOLPH3
0.609350234,-0.374015172,GOT2
0.379968584,-1.166922251,GPD2
0.120368726,0.146407445,GPR107
1.879758178,-0.71435674,GPT2
1.932362272,-0.40379715,GPX8
2.918046166,0.609509786,GRAMD1A
0.032027702,0.010145823,GRPEL1
0.130062508,-0.049453735,GRPEL2
1.304629601,-0.269744237,GRSF1
0.924985944,0.326144536,GRWD1
0.806809112,-0.392206192,GSK3B
1.46236105,-0.668069839,GSR
1.578098756,-0.460729599,GSTK1
0.018448845,0.004625956,GTPBP10
0.122916346,-0.038914363,GTPBP4
0.068725431,0.036390305,GUF1
0.880937144,-0.467737834,GXYLT1
0.40552188,0.293455124,H1FX
1.807805901,1.588368734,H2AFZ
1.131733218,1.94592603,H3F3A
0.260251224,0.604063034,HACL1
0.412817025,0.732748032,HADH
3.330195501,-0.530042648,HADHA
0.225372548,-0.129329681,HADHB
0.387410082,0.056170781,HAGH
0.329177584,-0.23710378,HARS2
2.132093053,0.760948817,HAX1
0.913240839,0.6729997,HDLBP
0.008235977,0.049806595,HERC2
0.348768756,1.404617945,HIGD1A
0.032253726,0.22837321,HINT2
2.055581866,-0.520657221,HIP1R
0.19564459,0.128928502,HIST1H1C
0.258166825,0.124847412,HIST1H1E
4.369233208,6.211366653,HIST1H2AC
3.963594817,6.515761693,HIST1H2BJ
4.295322686,5.614793777,HIST1H2BK
3.989809424,4.660737991,HIST1H4A
3.150123165,5.061727524,HIST2H2AA3
3.878528257,4.24926885,HIST2H3A
0.026877668,0.035854975,HK1
0.555521779,-0.28673172,HLA-A
0.039581776,-0.033257167,HLA-B
0.310257876,-0.093138377,HLA-C
0.470813203,0.385599136,HM13
1.545492942,3.690369288,HMGA1
1.327267494,1.064894994,HMGB1
0.488456607,1.096707662,HMGB2
0.519272099,0.13447698,HMGCL
1.126591764,0.939204534,HMGN2
0.062764105,-0.103683472,HMOX2
0.186909793,0.214998245,HN1L
0.071751705,0.115891139,HNRNPA0
1.928753005,0.518660863,HNRNPA1
0.546962501,0.13615799,HNRNPA2B1
0.458694491,0.878165563,HNRNPA3
2.645788255,1.226678848,HNRNPAB
3.273418685,1.76091067,HNRNPC
0.046186754,0.043912252,HNRNPD
0.428974398,0.47685051,HNRNPF
1.210225889,0.323542277,HNRNPH1
0.81318003,0.196885427,HNRNPH3
0.042689156,-0.022263845,HNRNPK
1.558570467,0.576038996,HNRNPL
0.144959568,-0.131432851,HNRNPM
0.492159025,-0.07395045,HNRNPM
0.639536261,-0.052960714,HNRNPU
1.059941177,1.208559672,HNRNPUL1
1.168969787,-1.159397761,HNRPDL
3.68378164,-2.150791804,HSD17B10
0.679830854,-0.242985408,HSD17B12
0.277831221,-0.256096522,HSD17B4
1.436740405,-1.289474487,HSDL1
1.161722006,-0.651006699,HSDL2
0.209097132,-0.242328644,HSP90AA1
0.395680765,-0.172446569,HSP90AB1
0.115360867,-0.129620234,HSP90B1
2.074224995,-0.397040049,HSPA1A
0.407332719,-0.833993912,HSPA4
0.243901046,-0.106572469,HSPA5
0.068329638,-0.073423386,HSPA6
0.393051623,0.040770849,HSPA8
2.026083466,-0.518650055,HSPA9
1.086578191,-0.186106364,HSPD1
0.444710924,-0.469365438,HSPE1
0.278922171,-0.168718974,HYOU1
2.427137582,-0.679073334,IARS
1.7973874,-0.602383296,IARS2
0.294336135,0.067130407,IBA57
0.368425569,-0.626267751,ICMT
0.374195062,-0.238765717,ICT1
1.098804495,0.544010162,IDH2
0.206008065,-0.085982005,IDH3A
0.498813241,-0.142424901,IDH3B
0.683687899,-1.074469248,IDH3G
2.817794159,0.643594742,IGF2BP1
0.918759125,0.675369898,IGF2BP2
0.589239684,0.351046244,IGF2BP3
0.357253912,-0.206846873,IGF2R
0.019922217,0.022719065,IKBIP
2.280440945,0.780740738,ILF3
0.053394,-0.018567403,ILVBL
0.653208099,-0.184581121,IMMT
0.359153893,-0.354370753,IMPAD1
0.60345019,-1.211942037,INPP5K
1.114913376,1.252238592,IPO5
0.823492196,-0.291835785,IQGAP1
0.958585214,-0.881248474,IQGAP2
2.279066638,-0.543952306,IRS4
3.384121552,2.080325445,ISCA1
2.012244482,-0.503775915,ISCU
0.008019091,0.010410945,IST1
0.149142369,-0.128264109,ITGB1
0.314964455,-0.149665833,ITPR1
0.297670587,-0.312064489,ITPR2
1.079968509,0.408805211,ITPR3
0.020092491,-0.011826833,IVD
0.30373777,0.220785777,JAGN1
0.17695432,-0.082343419,JPH1
1.545024054,-0.782165527,JUP
0.225959363,-0.208623886,JUP
0.097151141,0.054308573,KARS
1.047343636,0.772545497,KATNAL2
0.566848852,0.339806875,KCT2
0.465982838,-1.104852041,KDSR
0.975204313,1.165487925,KHDRBS1
0.3503901,-0.265562057,KHSRP
0.04895421,0.081283569,KIAA0319L
2.862181687,4.077121735,KIAA0391
0.133422405,0.137383779,KIAA2013
0.067590497,0.132482529,KIDINS220
0.738677873,-0.718156815,KIF11
0.860041668,-0.214456558,KIF1A
0.132174192,-0.102345149,KIF2A
0.093862305,-0.091040929,KIF5B
1.188248549,-3.956653595,KLC2
1.015628393,-0.719779332,KPNA2
0.194385045,0.197177251,KPNB1
1.61678347,-0.368542989,KRAS
0.010971231,0.0179437,KRT18
0.270498236,-0.10037295,KTN1
1.46424232,-0.508664449,L2HGDH
0.507352537,1.203291575,LAMB1
0.378263244,1.255187988,LAMP1
1.159699694,-0.805125554,LAMTOR1
0.507179506,-0.306848526,LAMTOR5
0.931970659,-0.314350128,LANCL1
1.331690269,1.37603569,LAP3
0.231433227,0.069565455,LARP1
0.689114532,-0.362923304,LARP4
0.398810072,-0.153487523,LARS
2.294943477,-0.682830175,LARS2
2.824842689,0.979429245,LBR
0.376169226,-0.310342789,LCLAT1
0.146135727,-0.149260203,LDHA
0.063681225,0.06810379,LDHB
2.404217889,5.022731145,LEMD2
0.078114411,0.093041738,LEPRE1
0.021967429,0.026283264,LETM1
0.160566872,-0.295900345,LGALS3
2.048964716,5.294294357,LIG3
2.041129429,-0.902849833,LIMA1
0.930774723,-0.951541265,LIMD2
0.10174184,-0.098536809,LIN7C
0.822722857,0.778645198,LLGL1
0.245862787,0.270902634,LMAN1
0.041589172,-0.063456853,LMAN2
0.093149669,0.032648087,LMF2
2.543356148,6.245625814,LMNA
2.644003163,1.142717361,LMNB1
1.584304783,2.627333959,LMNB2
0.280683543,0.038727442,LONP1
0.184470565,-0.130473455,LPCAT1
0.216978024,-0.161112467,LPCAT2
0.055913346,0.173646291,LPCAT3
0.321858924,-0.242097219,LPGAT1
0.204086891,-0.265743256,LPHN2
0.043806114,0.08029302,LRPAP1
1.051540275,-0.17106692,LRPPRC
0.041547032,-0.071692785,LRRC1
0.308760252,-0.261868795,LRRC16A
0.37628246,0.661169688,LRRC47
0.872787356,1.139748891,LRRC57
0.015310038,0.017426173,LRRC59
2.205267623,-0.990677516,LRRCC1
0.24558271,0.367167791,LSG1
0.299637469,0.170021057,LSM14A
0.718035204,0.431659063,LSR
0.920785966,1.621503194,LSS
1.85464079,0.462018331,LUC7L2
0.676165574,0.392808914,LYN
4.094360988,3.406457265,LYRM7
0.140211209,-0.287061056,M6PR
0.511304785,-0.478949229,MACF1
1.819911957,-1.288802465,MACROD1
1.490577832,-0.892738978,MAGED2
1.266832156,1.259315491,MAGOH
0.445812296,0.578791936,MAP1B
0.07043767,0.073572159,MAP4
0.277579574,0.116053263,MAP4K4
2.863550125,-0.851737976,MAP7
0.944256266,-0.501541773,MAPK1
0.122640021,0.213639577,MAPRE1
0.149634575,0.155625661,MARCKS
0.257399227,-0.239608765,MARCKSL1
1.077991184,0.523234685,MARK2
0.670458496,-0.507397334,MARK3
0.169642628,-0.046840668,MARS
1.967983288,0.803295771,MATR3
0.485767393,-0.57192866,MAVS
0.16310327,0.347754796,MAZ
0.113775007,-0.07429568,MBOAT7
0.50632226,-0.765318553,MBTPS2
0.087049656,-0.144379298,MCAT
1.468225331,-0.792982101,MCCC1
0.960916963,-0.430426915,MCCC2
0.149571459,0.134553274,MCM5
1.91610688,-0.591501236,MCU
0.021628522,0.036343257,MDH2
3.309506061,2.507679621,ME2
0.02010796,0.032681783,MESDC2
0.645604214,-0.320725759,METTL15
1.602072545,1.703988393,METTL17
0.319649363,0.23928833,MFAP1
0.242657013,-0.216510137,MFF
2.758280925,-0.486911774,MFN2
0.937575249,0.71156311,MFSD8
0.072649802,0.153462092,MGAT2
0.296874341,-0.29259936,MGME1
0.08024984,-0.291992188,MGST3
0.379914028,0.215715408,MIA3
0.420609158,0.563201269,MINOS1
0.021268932,0.02074496,MIPEP
1.75909056,-0.789585749,MKI67
0.885384363,-0.437560399,MLEC
0.478243732,-0.494756063,MLLT4
0.482043705,-0.393151601,MMAB
0.50918533,0.408351898,MMTAG2
0.287451881,-0.240109762,MNF1
0.091953721,0.209539413,MOGS
0.190949815,0.181453705,MOSPD2
0.819027683,1.062120438,MOV10
0.23613404,-0.127356211,MP68
0.449261631,-0.54802831,MPC2
0.24105713,0.230475744,MPDU1
0.534357553,-0.578986486,MPP2
0.220575838,0.323944728,MPP6
0.020517723,0.030369441,MPZL1
4.16637998,-0.84945933,MRP63
0.379726587,0.357919693,MRPL1
0.97638535,0.420731227,MRPL10
1.847310459,-0.54014651,MRPL11
0.688162195,-0.901572545,MRPL13
1.409570706,-0.450527827,MRPL14
0.333791251,0.174885432,MRPL15
1.253533164,-0.36786588,MRPL16
0.041620018,-0.036173503,MRPL17
0.270328098,-0.253075282,MRPL18
0.222039003,-0.250106176,MRPL19
0.187472087,0.086032232,MRPL2
0.741887891,-0.469981511,MRPL20
0.087346073,-0.036122004,MRPL21
1.961722862,-0.480197271,MRPL22
0.99611842,-0.165703456,MRPL23
0.559754851,-0.382158915,MRPL24
0.999971227,0.407096227,MRPL27
0.35588872,-0.146485011,MRPL28
0.476274114,0.879605611,MRPL3
1.581935069,-0.31783549,MRPL30
3.247859374,1.805833817,MRPL32
2.306063435,-0.999968211,MRPL33
1.205616171,-0.418977102,MRPL35
0.703187746,-0.772315979,MRPL36
1.721158258,-0.324235916,MRPL37
0.528824578,0.441359202,MRPL38
0.56323846,-0.223955154,MRPL39
0.473088763,-0.208645503,MRPL4
0.539168351,-0.270268122,MRPL41
0.005857235,-0.005708059,MRPL42
0.896980147,-0.223254522,MRPL43
0.064694946,-0.044741948,MRPL44
0.581992686,0.182779948,MRPL45
0.711760899,0.379364014,MRPL46
0.215097872,-0.107120514,MRPL47
0.026039183,-0.01277415,MRPL48
0.453743668,0.133707682,MRPL49
0.753412995,-0.423961639,MRPL50
0.285600706,0.042332331,MRPL53
0.588309324,-0.1603508,MRPL55
0.91057719,-0.223795573,MRPL9
0.70450395,-0.389023463,MRPS11
0.314454673,0.225229899,MRPS12
1.609760449,-0.623094559,MRPS14
0.608776433,-0.124945958,MRPS15
1.994526905,-0.599161784,MRPS16
2.51848171,0.569836299,MRPS18A
1.351629145,0.769788106,MRPS18B
0.519662496,-0.201195399,MRPS2
0.302808985,-0.218829473,MRPS21
2.24276884,0.46648407,MRPS22
0.112208888,0.070185343,MRPS23
1.266381018,-0.351699829,MRPS24
1.611120009,1.046129862,MRPS25
0.383635351,0.089058558,MRPS26
0.527625657,0.093592326,MRPS27
0.221926588,0.127962112,MRPS28
0.166003543,0.052207311,MRPS30
1.01695837,0.444670995,MRPS31
1.028948149,-1.262458165,MRPS33
1.54454763,0.513818105,MRPS34
1.832510928,-0.44441541,MRPS35
0.745406765,0.615107218,MRPS36
1.245295724,-0.376607895,MRPS5
0.090718825,-0.060651143,MRPS6
0.129732228,0.050470988,MRPS7
1.49326783,0.143890381,MRPS9
0.283583151,-0.109339396,MRTO4
0.078422078,0.431360245,MSH2
0.909029249,1.081585566,MSN
0.267278481,0.659988403,MSRB2
0.514950578,-0.335170746,MST4
0.444167143,-0.403015137,MT-ATP8
0.009204436,-0.045196533,MT-CO2
0.87630894,-0.656359355,MTCH1
1.396777994,-0.520686467,MTCH2
0.038898713,0.025255203,MTDH
0.30641668,0.537531535,MTFP1
1.886268891,-0.45885849,MTFR1L
0.655324198,-0.586118062,MTG1
1.644396332,-0.226782481,MTHFD1
2.982826951,-0.869231542,MTHFD1L
1.025535511,-0.450021108,MTHFD1L
1.358034462,-0.524530411,MTHFD2
2.558686038,-1.405838013,MTIF2
0.352677921,-0.311260223,MTO1
0.412009718,-0.768445969,MTOR
0.319367853,-0.098775864,MTPAP
0.358642832,1.39032046,MTX1
0.094865588,-0.04744784,MUT
1.467742074,-0.681856791,MYBBP1A
4.499537897,-0.337692261,MYH10
2.039927208,-0.397300084,MYH9
0.040474604,0.054924647,MYL12B
0.317668682,-0.118656794,MYL3
1.114262142,-0.354398727,MYL6
0.33560734,-0.197938919,MYO19
0.166946803,-0.18744723,MYO1B
0.718198032,-0.479112625,MYO1C
2.390483099,-1.343043645,MYOD1
0.231249541,-0.142860413,NACA
0.464227968,-0.34201177,NADK2
0.140983916,0.171700795,NAMPT
0.660537516,1.106653849,NAPA
0.00957501,0.020206451,NAPG
1.504955021,-0.78764534,NARS2
0.647605196,-0.506405512,NAT14
0.218378995,-0.432764053,NBAS
0.370578505,0.296939214,NCAM1
0.456121253,-0.803974152,NCKAP1
0.026316334,-0.011868159,NCL
1.857157831,-0.446038564,NCLN
0.221344615,0.06590716,NDC1
0.846535015,-0.35300827,NDUFA10
1.298360485,-0.657261531,NDUFA12
0.183095357,-0.283420563,NDUFA13
1.455778708,2.419687907,NDUFA2
0.989775493,-0.284742991,NDUFA4
0.784333102,0.262268066,NDUFA5
0.831036694,-0.485319773,NDUFA6
0.502431926,-0.405813853,NDUFA7
1.102631875,-0.785949707,NDUFA9
0.109296999,-0.127951304,NDUFAF2
0.198766988,-0.109923045,NDUFAF3
1.177409955,-0.659046173,NDUFAF4
1.49241105,-0.353900274,NDUFB10
0.233904851,-0.18064181,NDUFB11
0.532130041,-0.576335907,NDUFB4
0.073731598,0.052045186,NDUFB7
0.074156996,0.15603892,NDUFB8
3.802436979,1.21832784,NDUFS1
1.195166252,-0.329913457,NDUFS2
0.391129998,-0.121793747,NDUFS3
0.057109196,-0.070767721,NDUFS4
0.163329836,-0.110400518,NDUFS5
4.02020077,2.846180598,NDUFS6
0.26663994,0.091673533,NDUFS7
0.290094134,0.274968465,NDUFS8
0.095177231,0.039052327,NDUFV1
0.055583922,0.047281265,NDUFV2
0.898840417,0.42152977,NDUFV3
0.061350347,-0.295829137,NENF
2.101038947,0.650075912,NEURL4
0.279544099,-0.145821889,NFS1
1.599999445,0.347937902,NFXL1
2.729942934,0.96780777,NHP2L1
0.136752605,-0.102748871,NIPSNAP1
0.514444372,-0.716604233,NLRX1
0.057416899,0.083583832,NME2
0.016790643,-0.012525558,NME4
1.259554001,-0.39154307,NNT
0.981308187,0.597421646,NOA1
0.085102733,0.033974965,NOB1
2.082179763,-1.513302485,NOC3L
1.627967141,-0.408501943,NOL7
0.211875769,0.33006223,NOLC1
0.207913123,0.219151179,NOMO1
0.156949882,-0.089406967,NONO
0.365596445,-0.382652918,NOP16
1.755713196,1.166503906,NOP2
2.345193222,1.269522349,NOP56
0.862426813,1.491340001,NOP58
0.634713399,-0.54453214,NPEPPS
0.283602786,0.125853221,NPM1
0.728882891,-1.263032913,NPTN
0.781976287,-0.322076162,NRAS
2.655058361,-1.122598012,NSA2
0.025422631,-0.034223557,NSDHL
0.033966742,0.009928385,NSF
0.683162244,0.624488831,NSUN2
2.793926146,2.707885106,NT5DC2
0.768148879,-0.431581497,NTPCR
1.809992594,1.024062475,NUBPL
0.001300682,-0.00393041,NUCB1
0.173870027,0.330275218,NUCB2
0.396767366,-0.446308136,NUDC
0.762445949,-0.348417918,NUDT19
1.944083329,-0.749332428,NUMA1
1.585825005,-1.239045461,NUMB
1.183037518,1.349631627,NUP107
0.181424176,0.655536652,NUP133
0.583015943,0.681781769,NUP155
0.142055827,-0.124612172,NUP205
0.0440043,0.070243835,NUP210
0.634119684,0.846372604,NUP214
0.668295885,-0.593975703,NUP35
0.35673235,0.259335836,NUP62
0.812266549,0.554317474,NUP88
0.030998348,-0.008461634,NUP93
0.33881714,0.197053909,NUP98
0.76345795,-0.352972031,NUPL1
0.965742031,-1.268369675,NUSAP1
0.80154726,-0.542916616,NXF1
0.102967244,-0.054962158,OAT
0.622420365,-0.951616923,OCIAD1
0.067160849,-0.12834549,OCLN
1.067196766,0.640167236,OGDH
0.153425896,0.067907969,OPA1
2.204085978,-0.669867198,ORF1
0.16049382,0.404629389,ORMDL1
0.450672151,0.45244662,OSBP
0.433629778,-1.111261368,OSBPL3
0.966543755,-0.426421483,OSBPL8
0.134830988,0.167310715,OSBPL9
0.312876799,0.085391998,OXA1L
0.162916823,-0.087385178,OXCT1
0.201514848,0.351032893,P4HA1
0.020147393,0.02675883,P4HB
0.146808714,0.164791743,PA2G4
0.812922808,0.215513229,PABPC1
0.305834329,0.209851583,PABPC4
0.114683996,0.445480982,PACSIN2
0.154752315,-0.458108266,PACSIN3
0.908551239,0.942454656,PAICS
0.560671024,-0.123921712,PAK4
0.094834859,-0.124230067,PAM16
0.395520291,-0.304285685,PARD3
0.55573269,-0.316818873,PARK7
2.964539281,5.744553248,PARP1
2.146777041,-0.576775233,PC
2.107412593,-0.299658457,PCBP1
1.741910835,-0.445279439,PCBP2
0.031454383,-0.026549021,PCCB
0.641435833,0.442682902,PCK2
1.070356463,-0.861002604,PCMT1
2.82657264,2.418790181,PCNA
0.079410649,-0.100823085,PCYOX1
0.164023058,0.355156581,PDCD5
0.679910622,0.158495585,PDCD6IP
0.301573586,-0.08629926,PDE12
1.869884479,0.572359085,PDHA1
2.810553898,0.737835566,PDHB
0.866310176,0.253842036,PDHX
0.02525571,-0.037025452,PDIA3
0.107426525,0.158295949,PDIA3
0.014537924,0.023532867,PDIA4
0.317623541,0.277195613,PDIA5
0.526490425,-0.206294378,PDIA6
0.559556929,-0.342551549,PDK1
1.444624159,-0.568260193,PDK3
1.176365047,0.658913294,PDLIM1
0.137873481,0.336805979,PEBP1
0.909357609,-0.797955831,PELO
0.352790152,-0.234758377,PEX1
0.621628922,-0.56920433,PEX11B
0.485244852,0.753222148,PEX14
0.118543341,-0.103740692,PEX6
0.33868625,-0.416891734,PFKL
0.108932843,-0.193795522,PFKM
0.029109645,0.035248439,PFKP
0.463731716,1.572264989,PFN1
0.795834767,0.430236181,PGAM1
3.06787143,0.442949295,PGAM5
0.050265686,0.051318487,PGRMC1
0.015633093,-0.0227712,PGRMC2
3.863245962,2.502726237,PGS1
1.262485928,-0.271032969,PHB
2.09770462,-0.384774526,PHB2
0.420449898,0.699134827,PHF6
1.671717516,-0.359186172,PHGDH
1.188340229,1.478479385,PI4K2A
0.080644179,-0.128884633,PI4KA
0.027214597,0.045522054,PICALM
0.176586892,0.131064733,PIGK
0.103030467,-0.17926534,PIGS
0.065104465,-0.085205714,PIGU
0.568484154,0.92674764,PIK3R2
0.08780195,0.234793981,PIN1
0.417992664,-0.158140818,PIP5K1A
1.386248252,-0.618738174,PISD
0.015080396,0.009959539,PITRM1
0.76852671,-0.142380397,PKM
0.48469088,0.524930954,PKN2
0.91330575,-0.212312698,PKP2
0.19669134,-0.12158076,PKP4
0.119445616,0.319908778,PLD3
0.467593478,-0.816871007,PLGRKT
0.442466816,-0.190210978,PLOD1
0.837270297,0.678494136,PLOD3
0.045101152,0.097468058,PLS3
0.467739692,0.266232173,PLXNA1
0.13152767,-0.24366951,PLXNB2
0.09841903,0.148057938,PMAIP1
0.055009596,0.011692047,PMPCA
0.663081457,-0.193027496,PMPCB
0.399826581,-0.295128504,PNN
3.4737453,2.948335012,PNPLA6
2.142896947,-0.340317408,PNPT1
0.055187815,-0.090191523,PODXL
0.523041645,0.30782636,POLDIP2
0.345553569,-0.627224604,POLDIP3
3.127535961,4.383456548,POLG
1.297328865,-0.399229685,POLRMT
0.399037418,-0.135339737,PON2
0.028416867,0.074619293,POR
1.129283331,0.361672084,PPA1
0.827783255,-0.416346232,PPA2
0.2522576,-0.164616903,PPAPDC2
1.508586932,-0.387960434,PPFIA1
0.289575462,-0.241254807,PPIA
0.28635915,-0.340064367,PPIB
0.684832156,-0.612382889,PPIF
0.127744642,0.034851074,PPOX
0.04949585,-0.030932109,PPP1CC
0.607245117,-0.932388941,PPP1R12A
0.307545321,-0.210147222,PPP2R1A
0.149228488,0.121863047,PPP2R2A
0.602170791,-0.781143824,PRAF2
0.232444559,0.524052938,PRCP
0.224408796,0.181294759,PRDX1
0.295370641,-0.345111847,PRDX2
0.242569094,-0.126565933,PRDX3
0.03105368,0.032751719,PRDX4
2.441793367,-0.96397082,PRDX5
0.043981712,-0.091080983,PRDX6
0.609502696,0.577984492,PREB
0.779295985,-0.503519694,PRKAA1
0.141187474,-0.206602732,PRKACA
0.202423276,0.522647858,PRKAG1
0.031995265,-0.136658986,PRKAR2A
0.388132604,-0.644455592,PRKCD
0.590443732,-0.350699107,PRKCH
0.243138164,0.21145312,PRKCI
0.027637889,0.043100993,PRKCSH
3.56164477,1.194590251,PRKDC
0.015559878,0.01096344,PRPF19
0.068200023,-0.097346624,PRPF38B
0.088676852,-0.054328283,PRPF40A
1.379230901,1.626231511,PRPF8
3.3712614,5.390790939,PRPS1
1.454516553,-0.412452062,PRR11
1.314281528,1.02506574,PRRC2C
0.753218381,-0.355752945,PSEN1
0.619057352,0.178142548,PSMA7
0.219375837,0.247138341,PSMD2
0.429040605,0.260813395,PTBP1
0.028984482,0.012069702,PTCD3
0.158711957,-0.090865453,PTDSS1
0.106648676,-0.231136322,PTDSS2
0.236800848,-0.245031993,PTGES2
0.224131514,-0.314017614,PTGFRN
0.637536703,0.480068843,PTK7
0.280212879,0.324065526,PTMA
2.650317887,-0.594495138,PTPLAD1
1.037672781,-0.663235346,PTPLB
1.00144442,-0.543470383,PTPMT1
0.140235365,-0.084787369,PTPN1
0.507515774,-0.297152837,PTPN13
0.091233468,0.32857132,PTPRF
0.06040041,-0.267092387,PTRF
0.533315335,2.002888997,PTRH2
0.180024301,-0.230605443,PUF60
0.279706092,0.071857452,PUM1
0.201308647,-0.07116127,PUS1
0.08011617,0.065970103,PVR
2.12560189,-0.421775182,PYCR1
1.519471484,-0.351494471,PYCR2
0.277187338,0.425664266,QARS
1.056527099,-0.503564835,QIL1
0.178526485,0.506785075,QRSL1
0.018361851,0.046362559,QSOX2
0.72803102,-0.315214793,RAB10
1.214282171,-0.472695669,RAB11A
0.890776398,0.465003967,RAB12
1.177541433,-0.361495972,RAB13
1.790926131,-0.627296448,RAB14
1.745073807,-0.445061366,RAB18
4.387006748,-0.536778768,RAB1A
1.05183295,-0.4720637,RAB1B
0.281695284,-0.228516897,RAB21
0.013009376,0.069535573,RAB23
0.918720665,-0.339623133,RAB2A
1.957733518,-0.504877726,RAB33B
0.382835795,-0.110337575,RAB34
1.888737643,-0.738719304,RAB35
0.25436012,-0.112670263,RAB39A
0.627535676,0.372642517,RAB39B
0.447466637,-0.322138468,RAB3D
2.584124962,-1.428555171,RAB43
0.145870103,-0.423058192,RAB4A
0.380067757,-0.172024409,RAB5A
0.916575435,-0.616014481,RAB5B
1.544735546,-0.57451121,RAB5C
0.026112969,-0.016801198,RAB6A
0.079869313,-0.054647446,RAB6B
1.088194744,-0.522120794,RAB7A
0.244855659,0.166294098,RAB7L1
1.857732406,-0.492627462,RAB8A
2.049506489,-0.664011637,RAB9A
0.246499208,-0.156180064,RABL3
0.993998191,-0.464598338,RAC1
0.038206651,-0.038902283,RAD50
0.247421925,0.250974655,RAE1
0.57193106,-0.642281214,RAF1
1.407576922,-0.591202418,RAI14
1.224691866,-0.366367976,RALA
0.304261195,-0.434333165,RALB
5.32129558,2.696711222,RALY
0.494038633,-0.200481415,RAN
0.096056896,0.139241536,RANBP1
0.169303594,-0.080416361,RANBP2
0.360767028,-0.306180318,RANGAP1
0.37221865,0.1049366,RAP1A
0.17373442,-0.137403488,RAP1B
2.499519174,-0.570149104,RAP2B
0.828153028,-0.194885254,RAP2C
0.013608537,0.009224574,RARS
1.930382501,-0.579577764,RARS2
0.477558818,-0.834390004,RAVER1
2.918196968,1.242907206,RBBP4
0.108013404,-0.11145846,RBFA
0.551929144,0.901354472,RBM14
1.949658106,-0.730592092,RBM39
1.088334783,0.343504588,RBMX
1.957795171,1.020053228,RCC2
0.005262479,-0.007947922,RCN1
0.209385693,0.284346898,RCN2
0.02851425,-0.034678777,RDH11
0.386269987,0.437466304,RDH13
0.088059898,-0.156972885,RDH14
0.59173595,0.707835515,RDX
3.293107424,3.692089717,REEP4
0.055755217,0.136854808,REEP5
0.19129794,0.171648026,RER1
5.659716258,9.305147171,RFC1
0.530963903,0.161052704,RFT1
0.186034292,-0.26951917,RFTN1
1.145789513,0.651955287,RHBDD3
1.870461354,-0.470584234,RHBDF1
0.914266387,-0.56657664,RHBDF2
0.350974487,-0.09556071,RHEB
0.541366451,-0.219893138,RHOA
1.713400059,-0.561093012,RHOB
1.668469518,-0.326282501,RHOC
2.359734988,-0.499469121,RHOG
1.074346415,-0.424765269,RHOT1
2.379995834,-0.497552872,RHOT2
0.63189934,-0.51689593,RITA
0.408779286,1.082601547,RMDN3
0.323104754,0.282469432,RNF5
1.986390145,0.645195643,RNMTL1
0.979418351,-0.63862737,RNPS1
1.414033007,0.571947734,ROCK2
4.972309387,6.921415965,RPA1
1.002222525,-0.771775564,RPIA
1.403033951,-0.537062963,RPL10
0.23302221,0.060601552,RPL10A
1.02918762,-0.412437439,RPL11
0.613870041,-0.194623311,RPL11
0.358359426,-0.104381561,RPL12
1.371801262,-0.540087382,RPL13
0.291863129,-0.074227651,RPL13A
1.274406899,-0.527880351,RPL14
1.786072694,-0.385696411,RPL15
1.795966148,-1.025109609,RPL17
2.071944513,-0.679858526,RPL18
3.070937588,-0.590988159,RPL18A
1.205536107,-0.447995504,RPL19
1.708216217,-0.807833354,RPL21
0.6325221,-0.381218592,RPL22
0.713434261,-0.307220459,RPL23
2.83710439,-0.92375946,RPL23A
1.475483887,-0.734149933,RPL24
1.637598038,-0.797559102,RPL26
0.972177574,-0.679474513,RPL26L1
1.863547556,-0.784749349,RPL27
1.414675908,-0.626866659,RPL27A
1.832349407,-0.860440572,RPL28
1.876638602,-1.166659037,RPL29
1.954450435,-0.256635666,RPL3
0.449806389,0.27651914,RPL30
1.234049755,-0.811182658,RPL31
2.512976608,-0.880560557,RPL32
1.648311933,-0.714792252,RPL34
1.484965956,-0.539585114,RPL35
0.590396933,-0.429434458,RPL35A
1.42237776,-1.041074753,RPL36
1.323641484,-0.90698878,RPL36A
1.66957982,-1.1018308,RPL36AL
1.38567498,-0.829065323,RPL37
2.121611107,-0.770407359,RPL37A
1.222048734,-0.561887741,RPL38
0.103294919,0.04745992,RPL4
0.670963215,-0.255042394,RPL5
0.139957276,0.040131887,RPL6
0.364362663,-0.158201218,RPL7
1.610912109,-0.294249217,RPL7A
2.764407635,-1.157484055,RPL8
1.208863958,-0.72163264,RPL9
0.241579982,0.165854772,RPLP0
0.038520096,-0.046929677,RPLP1
0.415113971,-0.359341939,RPLP2
1.300438724,-0.524906794,RPN1
0.05811331,-0.061005274,RPN2
2.236799283,-0.592147827,RPS10
1.352504584,-0.71386528,RPS11
1.184363685,0.410925547,RPS12
1.51353438,-0.380918503,RPS13
0.257108502,-0.120768229,RPS14
0.308234561,-0.110691706,RPS15
1.682707793,-0.604204178,RPS15A
2.418146947,-0.647895813,RPS16
1.540478711,-0.744889577,RPS17
2.339706821,-0.502108892,RPS18
0.473998486,-0.252473831,RPS19
3.219881242,-1.151165644,RPS19BP1
0.559537915,-0.131984075,RPS2
0.182619398,-0.077303569,RPS20
0.123348973,-0.115228017,RPS21
0.859912924,-0.534884135,RPS23
0.659481895,-0.424629847,RPS24
0.557681936,-0.381940842,RPS25
0.838926804,-0.658117294,RPS26
1.057024209,-0.349217733,RPS27
0.322851143,0.349249522,RPS27A
0.770815727,-0.531049728,RPS27L
0.775802179,-0.361557643,RPS28
0.717666044,-0.329706828,RPS29
0.630332673,-0.137554804,RPS3
2.845439744,-0.58382225,RPS3A
2.316846535,-0.630186717,RPS4X
0.057265823,0.056269964,RPS5
1.327891557,-0.551011403,RPS6
0.262796072,-0.124030431,RPS7
2.698024212,-0.948569616,RPS8
2.020817057,-0.391524633,RPS9
0.091073238,0.225491842,RPSA
1.873057643,-0.887943904,RPTOR
0.803291998,-0.292533239,RPUSD3
1.985740459,-0.456752777,RRAS2
0.151030643,-0.073438644,RRBP1
1.738539496,1.178530375,RRP1
2.176170799,-0.860262553,RRP1B
1.280876839,1.155659993,RSL1D1
0.550184675,-0.27891922,RSL24D1
0.196920978,0.095387141,RTN3
0.126786012,-0.127126694,RTN4
2.343503409,1.464495341,RUVBL1
3.495834132,1.378701528,RUVBL2
0.102691428,-0.256526947,S100A10
0.252137222,0.166596731,SACM1L
6.236922055,4.074936549,SAFB
0.080515092,0.081425985,SAMM50
0.198270799,0.082901001,SAP18
0.687148227,-0.552634557,SARM1
2.851245358,1.802530289,SARS2
1.717465774,0.322428385,SBDS
0.066523402,0.258708318,SCAMP1
0.346983327,-0.358819326,SCAMP2
0.467746988,-0.427464803,SCAMP3
0.52051675,0.410954793,SCARB2
0.343042385,-0.45765686,SCD
0.560225511,0.429085414,SCFD1
0.057880834,-0.059260686,SCO1
0.209985417,0.109675725,SCO2
0.151301111,0.377281825,SCP2
0.918012171,-0.503202438,SCRIB
0.720729927,0.556415558,SDCBP
1.281144984,-0.586415609,SDF2
2.097011048,-0.57974116,SDF2L1
0.2522419,0.24759992,SDF4
2.620145765,0.633060455,SDHA
4.732366996,3.169207255,SDHB
0.083858801,0.056310654,SEC13
0.852462724,0.280406316,SEC22B
0.027842605,0.019392014,SEC23A
0.119817122,-0.121065776,SEC23B
0.042756614,0.082513173,SEC24B
0.023811678,0.009866714,SEC24C
0.163560154,0.022526423,SEC61A1
1.780285423,-0.335732778,SEC61B
0.676472337,0.447952271,SEC62
0.778554686,0.563616435,SEC63
0.079712242,-0.060896556,SEL1L
1.356814287,-0.554176966,SELK
0.329042257,0.34102122,SELRC1
1.455097273,0.387135824,SERBP1
0.050264661,-0.064359029,SERINC1
1.587621321,-0.304413478,SERPINH1
0.074027998,0.109442393,SET
0.556666146,-0.597290039,SF1
2.05018994,1.279468536,SF3B2
0.837323347,0.898293177,SF3B3
0.793442495,0.578430176,SFPQ
1.096407156,-0.317607244,SFXN1
0.412702104,0.315511068,SFXN2
1.568743427,-0.446519852,SFXN3
3.544904395,-0.462825775,SFXN4
0.183337365,-0.094976425,SGPL1
0.30041745,-0.133991877,SHMT2
0.530008397,0.316484451,SKP1
0.369964256,0.139091492,SLC12A2
1.176853482,-0.43603452,SLC16A1
0.112339966,0.07065328,SLC19A1
1.891980523,-0.163039525,SLC1A5
0.097491405,0.03864797,SLC25A1
1.895694036,-0.226498286,SLC25A10
0.054752203,0.042067846,SLC25A11
0.872378337,-0.544216792,SLC25A12
2.418152953,-0.347281138,SLC25A13
0.204004393,-0.089917501,SLC25A19
1.606630594,-0.550587972,SLC25A20
0.219927938,-0.146771113,SLC25A22
0.170612631,-0.064222336,SLC25A24
0.056541367,-0.02579244,SLC25A3
0.199931415,-0.092867533,SLC25A4
0.682324456,-0.216059367,SLC25A5
1.163794144,-0.196809769,SLC25A6
0.550635825,0.555644353,SLC27A2
2.928948111,3.531491597,SLC27A3
0.806813686,-0.296726863,SLC27A4
0.208757102,0.252010981,SLC29A1
1.57070596,-0.572110494,SLC2A1
0.452904922,-0.387750626,SLC30A7
0.289092913,-0.311394374,SLC30A9
1.784322329,-0.321020126,SLC35E1
0.131606401,-0.22294871,SLC37A4
0.155134203,-0.154626846,SLC38A1
0.271576168,0.181395849,SLC38A10
0.521756178,0.298220317,SLC39A11
0.529018876,0.41865921,SLC39A14
1.725565268,2.278775533,SLC39A7
0.436590646,-0.214127223,SLC3A2
0.083017416,-0.080313365,SLC7A1
0.32952401,0.94483312,SLC7A2
0.334248313,-0.277499517,SLC7A5
0.062674262,0.164566676,SLC9A3R1
0.116399918,0.071661631,SLC9A3R2
0.630695063,-0.328872681,SLIRP
0.476869226,-0.208148956,SLK
0.07430054,-0.133337021,SLMAP
3.404467824,4.084395091,SLTM
2.38412363,-2.148155212,SMARCC2
3.504996494,0.650381724,SMC1A
0.122805698,-0.143943787,SMC2
4.988475161,0.692002614,SMC3
0.420546656,-0.260591507,SMC4
0.765997069,-1.969903946,SMIM12
0.519431385,-0.425451279,SMIM20
0.041485143,0.048363368,SMPD4
0.397540767,0.48293368,SNAP23
0.942915635,0.585022608,SND1
0.579882034,1.229925156,SNRNP200
1.459836174,-0.509958267,SNRNP70
1.086134992,0.602907817,SNRPB
0.550454517,-0.251232147,SNRPD1
0.307844064,-0.161602656,SNRPD2
1.981424034,-0.539581299,SNRPD3
0.355676409,0.768337886,SNRPF
1.355547364,0.836578369,SNTB1
0.225543245,-0.082792918,SNTB2
0.294654663,-0.390729268,SNX27
0.246675453,-0.357318878,SNX3
0.742488108,-0.474732081,SOAT1
0.531103513,0.649921417,SPCS2
0.250133614,-0.173603058,SPCS3
0.244899332,0.343466441,SPECC1
1.215971863,0.506724675,SPNS1
0.538031125,-0.216996511,SPTAN1
0.373555018,-0.441914876,SPTBN1
0.247087794,0.070838928,SPTLC1
1.2358591,0.456525167,SPTLC2
1.180718234,1.582066854,SQSTM1
0.15241133,-0.197488149,SRC
0.771134695,-0.171357473,SRP14
0.767544647,0.671421687,SRP68
0.929709984,1.269053141,SRP72
0.682037365,-0.349906921,SRP9
0.382644612,-0.201154073,SRPK1
1.55380454,-0.194297155,SRPR
3.098241462,-0.699930191,SRPRB
1.113002557,0.291348775,SRRM1
2.489581313,2.231209437,SRRM2
1.774262743,0.663817088,SRSF1
1.526084697,-0.455019633,SRSF3
0.458466016,0.777788798,SRSF4
2.366080909,0.574209849,SRSF6
0.294299853,0.188997269,SRSF7
2.815534614,1.365886052,SRSF9
1.973159872,-0.55610021,SSBP1
0.10163046,0.182137807,SSR1
0.055588028,-0.09299469,SSR3
0.219616933,-0.139689763,SSR4
0.219165971,0.197203318,ST13
0.26159829,-0.122772853,STAM
0.400925477,0.893388112,STAM2
0.612820945,0.343607585,STAU1
2.762033608,-0.627490997,STEAP3
0.014733266,-0.024932226,STIM1
0.949976997,1.487812678,STIP1
0.006425295,-0.007097244,STK11IP
0.406120338,0.659000397,STMN1
0.825922112,-0.756044388,STOM
0.541399137,-0.154940287,STOML2
0.051881192,0.174917221,STRAP
0.469094462,-0.245941798,STT3A
0.594757104,0.727017085,STT3B
0.065756751,-0.081336975,STUB1
0.441976074,0.362822215,STX10
0.391507182,-2.448507309,STX12
0.190735982,0.170033773,STX17
0.8319216,0.854090373,STX18
0.589744172,1.192849477,STX3
0.024586634,0.065811793,STX5
0.052859989,-0.091911316,STX7
0.137651287,0.12623024,STXBP3
0.062642526,0.201589584,SUB1
1.700429293,0.397386551,SUCLA2
0.354258223,-0.213137309,SUCLG1
1.034365155,-0.196069717,SUCLG2
0.173795437,-0.118805567,SUMO1
2.396434268,1.300650915,SUMO2
3.552561286,6.898323059,SUN1
2.682244718,4.463219961,SUN2
3.252054735,8.036846161,SUPT16H
0.372309848,0.783267339,SUPV3L1
0.524367449,-0.416217804,SURF4
0.947745079,0.387877782,SYNCRIP
0.146947368,0.346560796,TACC1
1.635258372,-0.299665451,TACO1
2.117224994,2.790363948,TAF15
0.005919173,0.009373347,TAGLN2
1.664929815,-1.756723404,TAMM41
1.970846566,0.547726949,TAOK1
0.141114474,0.132026672,TAP1
1.048329723,0.38660113,TAP2
1.878472347,-0.902634939,TARG1
0.823468034,1.94765981,TARS
1.147896412,-0.510819117,TARS2
0.411419363,-0.161055883,TBL2
0.256802602,0.111288706,TBRG4
0.07817182,0.026706696,TCEB1
0.879102184,1.111805598,TCOF1
2.414347314,-0.573626836,TCP1
0.129268845,-0.049338659,TECR
0.780724097,-0.354518255,TEX264
0.320563042,0.187169393,TFAM
0.156612524,-0.553541183,TFB1M
0.59833764,-0.326500575,TFB2M
0.77378605,-0.395967484,TFRC
0.279859556,-0.201103846,THNSL1
1.855468944,1.194280624,THRAP3
0.27906662,0.448108037,TIMM10
0.134765335,0.114545186,TIMM13
1.742497418,-0.449136098,TIMM21
0.004394754,0.002321879,TIMM23
1.245876558,-0.276603699,TIMM44
0.576672219,-0.193655014,TIMM50
0.527315605,0.348273595,TIMM8A
0.71294694,0.728086472,TIMM8B
0.188755725,0.241598129,TIMM9
0.369230759,-0.272004445,TIMMDC1
0.027785419,0.085839589,TLN1
1.444212472,-0.672079086,TLN2
0.534473731,0.538103104,TM9SF2
0.159893841,-0.118363063,TM9SF3
1.009782628,0.655075709,TM9SF4
0.000152829,0.000164668,TMCO1
0.370608723,-0.450279872,TMED10
0.726575219,0.575506846,TMED2
0.866010881,2.219664892,TMED4
0.019723664,0.068617503,TMED7
0.228641669,0.24099795,TMED9
0.462411902,0.177733103,TMEM106B
0.236571567,0.277722041,TMEM109
0.390271131,-0.128770192,TMEM126B
1.052934529,-0.16522789,TMEM165
0.224824798,-0.162908554,TMEM205
1.985898769,1.525803884,TMEM209
0.633267335,0.57450676,TMEM214
0.000854704,-0.001813253,TMEM230
0.090184948,0.074807485,TMEM245
0.169819675,0.10896047,TMEM258
0.165456076,0.558651606,TMEM259
0.147076456,0.15718778,TMEM33
0.287798808,-0.172540665,TMEM43
2.511392737,2.793786367,TMEM57
0.259754433,0.352708817,TMEM70
2.337278528,1.415882111,TMEM9
0.072937309,-0.161071777,TMF1
2.913371659,2.930574417,TMPO
2.233963519,4.329641342,TMPO
0.947470815,0.617226283,TMTC3
0.695838633,0.442440033,TMUB1
0.039576397,-0.079399745,TMX1
0.471045321,-0.654833476,TMX2
0.984833365,0.520700455,TMX3
0.285445457,0.502574285,TNIK
1.059116057,-0.717365265,TOMM20
0.232378526,0.096330007,TOMM22
4.235887474,-0.995225271,TOMM40
0.174567779,0.145401001,TOMM5
0.17879456,0.089512507,TOMM70A
1.796739468,3.152318319,TOP2A
4.038535888,2.497102737,TOR1AIP1
1.391845603,-0.319244385,TOR1AIP2
2.082777977,2.368501663,TP53
1.961627644,-0.409697215,TPI1
0.259463753,-0.239488602,TPM3
2.934634392,1.670083364,TRA2A
2.792256343,1.429820379,TRA2B
2.074148235,-1.069654465,TRABD
0.235708748,-0.441217422,TRAM1
0.61466978,-0.155240377,TRAP1
0.607025206,-2.233076731,TRIM23
1.103180745,0.815356572,TRIM28
0.847904485,-0.578432719,TRIP13
1.157919059,-0.169789632,TRMT10C
0.851207656,-0.551249186,TRMU
0.580365923,-0.183786392,TSFM
0.087332021,-0.284180323,TSG101
1.919762219,-1.532870611,TSPYL2
1.269014313,-1.00039355,TST
0.799594214,1.387646357,TTC13
0.948249265,-0.393882751,TUBA1B
0.985995911,-0.341480891,TUBB
1.996483085,-0.721026738,TUBB4B
1.618170368,-0.698515574,TUBB6
1.812534262,-0.469017665,TUBG1
1.931324534,-0.667891184,TUFM
2.663169375,2.637461344,TWINKLE
0.162720442,-0.105424245,TXN
0.189234994,-0.136967977,TXNDC12
0.011312717,-0.010992686,TXNDC5
1.360789049,0.569166819,TXNRD2
0.401350901,0.266401927,U2AF1
0.237766731,-0.372187932,U2AF2
0.387670427,0.444637934,U2SURP
1.335989235,0.712484996,UBAC2
1.202504541,1.992165248,UBAP2L
0.248199663,-0.345823924,UBE2NL
0.982788985,0.230219523,UBIAD1
0.531392439,0.690553029,UBXN4
0.088591313,0.097096761,UCHL1
0.111351221,0.248198827,UFC1
1.446667923,-0.362295151,UFL1
0.062349648,0.058939616,UGGT1
0.414155892,0.427961985,UPF1
0.56102169,-0.260276159,UQCC
0.798889563,1.514737447,UQCR10
0.079889413,0.107342402,UQCRB
0.188292149,0.094533285,UQCRC1
0.429008198,-0.075259527,UQCRC2
3.076966901,2.132699331,UQCRFS1
0.069769434,-0.131825765,UQCRH
2.177912232,-0.579195658,UQCRQ
0.419314755,0.470982234,USE1
0.243282611,0.78934288,USMG5
0.04968163,-0.133323669,USO1
1.778167855,-0.479201635,USP30
0.874640472,-1.121725082,UTP11L
0.404677997,-0.648607254,UTRN
0.154034088,0.137631098,UTS2
0.591250683,-0.52783521,VAMP3
0.610261289,-0.495699565,VAMP5
0.060463064,-0.048257828,VAMP7
0.260239422,-0.230921427,VAMP8
0.322622478,0.209784826,VAPA
0.018162521,-0.02178065,VAPB
1.113816095,-0.856178284,VARS2
0.167704338,0.169473012,VAT1
0.094381749,0.080899556,VCP
0.346164584,0.222407023,VDAC1
1.076885644,-0.232979457,VDAC2
0.384191896,-0.207592646,VDAC3
3.281696036,-0.514184952,VIM
2.368947412,-0.813168844,VKORC1
0.555870951,-0.293754578,VMP1
0.234198801,0.304658254,VPS16
0.314357654,0.611735026,VPS35
4.178131148,3.776645025,VRK1
0.130727447,0.377576828,VTI1B
0.377666664,-0.048152924,VWA8
0.563372586,1.009988149,WARS2
2.26588013,-1.497472127,WASF1
1.459103599,0.476512909,WDR5
0.211669378,-0.618188858,WDR6
0.278705429,-0.206120809,WFS1
1.168042933,2.029692332,WRB
0.702445282,-0.30587705,WWP2
0.028946139,-0.125659307,XPO1
5.674372806,10.05314891,XRCC1
1.068833794,2.763500849,XRCC5
2.570608167,5.636262894,XRCC6
0.840326815,-0.272263209,YARS
0.106113298,-0.05873998,YARS2
1.892769248,0.564285914,YBEY
0.089877688,-0.034805298,YBX1
0.320750932,0.16956838,YBX3
0.304386217,0.739906311,YES1
0.522331852,0.366715113,YIF1A
0.899946219,-0.46022288,YIPF4
0.654920108,0.294403712,YIPF5
3.819800075,-1.237829844,YKT6
1.582575214,-0.274029414,YME1L1
1.347425683,0.861403147,YTHDF1
0.973256986,0.443113963,YTHDF2
0.270098806,0.294387182,YWHAB
0.067393145,0.072514216,YWHAE
0.013773121,0.022136052,YWHAG
0.587189599,1.052258809,YWHAQ
0.025826846,0.038927714,YWHAZ
0.947591684,-1.382744471,ZADH2
0.01324256,0.050790151,ZBTB8OS
0.213369176,-0.230265299,ZC2HC1A
0.503340198,0.17010053,ZC3HAV1
0.10785778,-0.085480372,ZMPSTE24
0.09998692,-0.082501094,ZW10
1.452127509,-0.879072825,IRS4
0.78962603,-0.291973114,PNKD
