minusLOG10p-value(GFP vs WT),Difference(GFP vs WT),Gene names
0.664128992,-1.134157181,SEP-2
0.01485494,0.06072553,MARCH5
0.318443147,-0.313014984,SEP-7
0.963594222,-1.156227748,SEP-9
0.264059693,-0.687084198,SEP-11
0.244080035,-0.29656601,AAAS
1.135521165,0.764792124,AARS2
2.554006873,-1.330481847,AASS
0.087011378,0.080945333,ABCA3
1.112858555,-3.155563354,ABCB10
1.770136446,0.526385625,ABCB7
1.185371015,-2.036111832,ABCC1
0.25843609,-0.289388021,ABCC4
2.636517398,-1.359440486,ABCD3
1.981919331,-0.732834498,ABCE1
1.812672802,0.874783198,ABCF1
0.129345597,0.367474874,ABHD10
0.334701174,-0.40000089,ABI1
1.708748758,-1.088523229,ACAA1
0.249718202,-0.709744136,ACAA2
0.156288124,-0.49487114,ACAD11
0.508675209,-0.866837184,ACAD9
0.054718024,0.060972214,ACADM
1.975771182,-1.880164464,ACADSB
1.711559151,-0.67469724,ACADVL
0.743327778,-0.657426198,ACAT1
0.506905515,0.36954244,ACO2
0.098342333,0.227509181,ACOT1
0.050322148,0.138211568,ACOT13
1.83894138,-1.252788544,ACOT8
4.450059819,-1.476399104,ACOT9
1.215381674,-0.644117355,ACSF3
0.37335296,-0.361062368,ACSL3
0.566471259,-1.626391729,ACSL4
1.877428626,-1.526886622,ACSS1
1.137382036,1.319496155,ACTA1
1.314120379,-0.60951678,ACTB
0.317399049,0.089789073,ACTG1
0.077344329,0.196895599,ACTN4
0.32611123,-0.333413442,ACTR1A
0.31977935,0.893187841,ACTR3
2.345852302,-1.726563772,ADCK3
0.915653188,-0.891817729,ADCK4
0.588323431,-0.643870672,ADD1
0.967472132,-1.059165955,ADPGK
3.144195253,-1.599444707,AFG3L2
0.063880865,-0.111442566,AGFG1
0.075021957,-0.134117762,AGK
2.534944324,-1.01439031,AGPAT1
2.465609151,-1.519384384,AGPAT3
0.636572294,-1.473595937,AGPAT5
0.951879954,-0.637085597,AGPAT6
1.051423248,-2.06413269,AGPAT9
0.801291439,-0.839105606,AGPS
2.889047319,5.175185521,AGRN
0.090951968,0.145453135,AHCY
0.306023348,-0.789130529,AHCYL1
0.007580403,0.009757996,AHNAK
0.767321898,-0.267723083,AIFM1
1.532690477,-1.534223557,AIMP1
0.159481501,0.200490952,AIMP2
0.205693368,-0.677069346,AK2
0.187791008,-0.560469945,AK3
1.417905774,-0.809023539,AK4
0.399571222,-0.604061762,AKAP1
0.952482787,-1.846670787,AKAP12
0.187673487,0.686651866,AKAP9
3.036022498,-1.115487417,ALDH18A1
0.001451353,-0.002089818,ALDH1A2
0.555414606,-0.665358226,ALDH1B1
0.530736568,-0.631930669,ALDH2
0.203256041,-0.223590851,ALDH3A2
0.104185877,0.358487447,ALDH4A1
0.277021224,-0.519735972,ALDH5A1
0.215075417,-0.790165583,ALDH6A1
0.749604364,-1.567300161,ALDH7A1
0.407539477,-1.503266652,ALDH9A1
0.48086442,-1.062241872,ALDOA
1.56864122,-1.336378733,ALG1
4.33536178,-2.287897746,ALG3
0.052546477,-0.146916707,ALG5
0.115261032,0.291235606,ALYREF
3.454498287,2.147559484,ANKLE2
1.2090691,-1.962987264,ANKRD35
0.46893357,-1.096654256,ANO6
0.629099305,-0.592264811,ANXA2
0.573547252,-1.030841827,AP1G1
0.053754184,0.04127566,AP2A1
0.176339592,-0.555205663,AP2A2
0.393308632,0.315608342,AP2B1
1.106766607,0.44372495,AP2M1
0.114928431,0.247687658,AP2S1
2.425227902,-1.366726557,AP3B1
1.564111012,-1.026526769,AP3D1
2.871438446,-1.131860097,AP3S1
0.140062488,-0.389997482,APMAP
0.001664451,-0.003214518,APOB
0.338822997,0.824530284,APOC3
0.428646365,0.510704676,APOL2
0.182228236,-0.578877767,APOO
0.060739311,0.171080271,APOOL
0.616539756,-1.169727325,APRT
2.512175427,-0.721191406,ARCN1
1.206343243,-2.049746831,ARF3
3.574898722,-2.0164903,ARF4
3.661356356,-2.565962474,ARF5
1.448288412,-2.079533895,ARF6
0.453966092,-1.14316686,ARFRP1
0.841010681,-1.473570506,ARG1
0.327286059,0.283412933,ARGLU1
1.291956996,-0.495965958,ARHGEF2
0.385731413,-1.283596039,ARL1.00
3.192464965,-2.20539093,ARL13B
0.356057682,0.405092875,ARL2.00
0.09008324,-0.396119436,ARL8A
3.28925791,-2.060571035,ARL8B
0.200119298,-0.512338638,ARMC1
0.363725698,-0.682206472,ARPC1A
0.023173723,0.029239019,ART4
1.42238283,-0.794125239,ASNS
0.542917034,-1.142943064,ASPH
3.580280041,-1.609463374,ATAD1
1.593644997,-0.937677383,ATAD3A
0.75427809,-2.052504857,ATAD3B
0.333587555,-0.459266663,ATL2
0.029380991,-0.076924006,ATP13A1
1.591959645,-1.187150319,ATP1A1
2.018494899,-1.969242732,ATP1B1
1.917537851,-1.521227519,ATP1B3
2.121278755,-1.246227264,ATP2A2
1.841193503,-1.057224274,ATP2B1
0.569148098,-1.541922887,ATP2B4
0.768890257,-1.41936938,ATP2C1
2.630652139,-1.091039022,ATP5A1
1.217498586,-0.642765045,ATP5B
2.608752594,-1.286689758,ATP5C1
0.73633794,-0.695249557,ATP5D
0.593897353,-0.531659444,ATP5E
0.904039478,-0.971275965,ATP5F1
1.106743205,-0.937554042,ATP5H
0.581760076,0.918371201,ATP5I
0.005345126,-0.016133626,ATP5J
0.192480151,-0.343560537,ATP5J2
0.879940181,-0.472159704,ATP5J2-PTCD1
1.502735375,-1.602043152,ATP5L
1.771210409,-0.962893804,ATP5O
0.387393031,0.349375407,ATP6AP2
0.932623744,-1.336079915,ATP6V0A1
0.428299853,-0.508540471,ATP6V0D1
0.199728518,-0.189565659,ATP6V1A
1.170577441,-0.941314697,ATP6V1B2
1.080323728,-1.738177617,ATP6V1E1
0.73849349,-2.398717244,ATP6V1G1
1.634201639,-1.261685689,ATP6V1H
0.460613546,0.353885651,ATPAF1
0.008102845,0.025390625,ATPIF1
0.59729832,-0.851247152,ATXN2L
2.194529516,-0.559853872,AUP1
0.072484869,-0.132988612,AURKAIP1
0.72940655,-1.02471288,B3GAT3
2.186027999,1.970059713,BAG2
0.461880215,-0.862188339,BAIAP2L1
4.303197629,6.263544718,BANF1
1.106633377,-1.364812215,BASP1
0.252552419,-0.43118604,BCAP31
0.39359936,0.438449224,BCKDHA
0.380937532,-0.431033452,BCKDHB
0.790890463,0.406669617,BCKDK
2.360943187,1.805865606,BCLAF1
0.873191842,1.564057032,BET1
0.265057478,0.294140498,BNIP1
1.344373445,1.247796377,BRI3BP
0.41549241,-0.772675832,BSG
1.053401917,4.574872335,BTAF1
0.332545202,-0.668416341,BUD31
0.0906079,0.137837092,C11orf48
0.78857138,-1.315661112,C16orf58
1.484725534,-0.831567128,C17orf62
0.141575633,-0.619173686,C19orf10
1.865307673,-1.599660873,C19orf52
0.164665451,0.064942678,C19orf53
2.090150034,2.636843999,C1QBP
0.386561508,-0.913208644,C21orf33
0.74401096,-0.389880498,C22orf28
3.792733165,-1.467823664,C2orf47
0.376100994,-1.190597534,C6orf120
0.233106676,-0.160945892,C8orf33
0.406334502,-0.487596512,C9orf114
1.132882431,0.482121785,CAD
0.758502154,-1.371409098,CADM1
0.805738082,-2.00632604,CALD1
0.527419563,0.532519658,CALM1
0.190157911,-0.391268412,CALR
0.332935634,-0.705311457,CALU
0.250014238,-0.493035634,CAMLG
1.143270035,-2.569425583,CAND1
0.714326752,-0.755832672,CANX
0.385916134,-0.728344599,CAP1
0.665801109,-0.481201172,CAPRIN1
0.930044352,-0.573753357,CAPZA1
0.096329746,-0.174827576,CAPZB
0.438557128,0.489227295,CARS2
0.048452495,0.169635137,CASC4
0.795593087,-1.719794591,CASK
2.871243687,-2.577483495,CAV1
0.327248765,-0.346639633,CBR1
3.690754147,5.700119019,CBX3
1.836829942,-1.987728755,CCDC109B
0.390054499,-0.92188708,CCDC124
0.433711102,0.346070608,CCDC137
0.479589567,-0.701157252,CCDC18
0.048347255,0.207125346,CCDC22
1.674211969,-0.660316467,CCDC47
1.265356396,2.055067062,CCDC51
0.142226492,-0.115676244,CCDC59
0.158479678,-0.319399516,CCDC8
1.478332477,1.47247378,CCDC86
0.232114604,0.397019704,CCNB1
0.657763608,-0.521535238,CCT2
0.581119317,-0.551099777,CCT3
0.860547088,-0.638137817,CCT4
0.331394236,-0.325030009,CCT5
0.772129817,-0.462200801,CCT6A
0.121247715,-0.178665797,CCT7
0.363153892,-0.49701945,CCT8
0.399833032,-1.01007398,CD151
1.633503517,-1.086977005,CD44
0.137848869,-0.296409607,CD81
1.981901621,-2.06252416,CDC42
2.250795837,-1.63729159,CDC42EP1
0.55753096,-1.463176092,CDH2
2.557836334,-2.551960627,CDIPT
0.455601627,-0.815279007,CDK1
0.690509026,-0.917208354,CDK17
2.374486877,2.670447032,CDK5RAP1
0.426442557,-1.606298447,CDK5RAP3
3.072707892,2.049302419,CDKAL1
3.733507865,-2.55565389,CDS2
2.576925187,-0.708674113,CECR5
2.570447467,-1.81626447,CEPT1
0.171237797,-0.440544128,CERS2
2.130502797,-1.24365298,CFL1
0.661894678,-1.554737091,CFL2
1.587309213,-1.068921407,CHCHD3
0.600890799,0.932098389,CHCHD6
1.831212755,1.953912099,CHD4
0.142388068,0.391612371,CHID1
3.103314198,4.183035533,CHMP1A
1.733450044,3.838455836,CHMP4B
0.433472003,-1.620349884,CHP1
1.101818166,-0.871121724,CHPT1
0.378793232,0.799884796,CHTOP
0.222883456,-0.928399404,CISD1
0.03933011,0.096815109,CISD2
0.743249693,-1.562493006,CISD3
0.97127679,1.209019343,CKAP2
1.083093211,-0.761568069,CKAP4
0.782050687,-1.838721593,CKAP5
0.615994962,-1.319723765,CKB
0.385940392,-0.518596013,CKMT1A
1.049355161,0.726224899,CLCC1
0.697796825,-1.614052455,CLGN
0.724478622,-1.953947703,CLIC4
2.321658612,1.06747818,CLINT1
2.103815071,-1.367395401,CLN6
0.504598138,0.241663615,CLPB
0.312756898,0.511046092,CLPP
1.416946473,-1.926781336,CLPTM1
1.535057754,-2.323194504,CLPTM1L
2.098383363,1.144843419,CLPX
1.272644932,-0.388256073,CLTA
0.107767545,-0.065985362,CLTB
0.223613696,-0.21390152,CLTC
0.487458283,-0.707090378,CMC2
1.832462519,-2.402107875,CMTM4
0.262907599,0.113221486,CNBP
1.52069608,-3.016290665,CNIH4
0.92264692,-1.538637161,CNNM3
2.893217903,-0.915335973,CNP
0.188916748,-0.558717728,CNPY2
0.252136232,-0.726903915,COA3
0.386106519,-1.485586802,COA6
0.060221353,-0.121088664,COL14A1
0.089646959,-0.123854319,COLGALT1
0.970749701,-1.202920914,COMT
1.905084048,-0.702812195,COPA
1.131809611,-0.796631495,COPB1
0.670785039,-1.118371328,COPB2
0.056040152,0.163959503,COPG1
2.011129754,-1.845726649,COPG2
0.838482953,-0.523933411,COQ5
1.685565238,-2.548615774,COQ6
0.368486299,0.478724798,CORO1C
0.000398034,0.001207352,COX11
1.021336505,-0.84629186,COX15
0.085526235,-0.207909902,COX17
0.458093354,-0.6152668,COX4I1
0.269405694,-0.5685908,COX5A
0.024595829,0.023421605,COX5B
0.379818957,-1.15284729,COX6B1
0.657564685,-1.062192281,COX6C
1.070136691,-1.736971537,COX7A2
0.645395744,-1.341916402,COX7A2L
0.130603515,-0.177673976,COX7B
0.236329766,0.303111394,COX7C
0.386007873,-0.740332286,CPD
0.215188544,0.548924128,CPT2
0.40337425,-0.479400635,CPVL
0.233197114,-0.406483332,CROCC
0.241853229,-0.51793925,CRTAP
0.226259469,0.96758461,CRYZ
0.215156567,-0.398125331,CS
1.92709284,-3.069156011,CSNK1G3
3.418924963,-1.036172867,CSRP2
0.344329664,-0.561053594,CTAGE5
0.574041904,-1.210654577,CTNNA1
0.643095704,-1.245165507,CTNNB1
1.563565332,-1.198400497,CTNND1
4.428966348,-2.245241165,CTPS1
0.469610736,-1.803536733,CTSD
0.735047812,-1.429414113,CTTN
1.251038539,-2.175415039,CUX1
0.836849974,2.089449565,CYB5A
0.781613488,-0.609969457,CYB5B
1.147630098,-1.424297969,CYB5R1
0.257027901,-0.455486298,CYB5R3
0.057294273,0.126182556,CYC1
0.252051215,-0.926679611,CYCS
0.176242373,-0.386133194,CYFIP1
2.27589732,-4.101501465,DAAM1
0.402011301,-1.068900426,DAD1
1.550470983,2.137427012,DAP3
0.47134892,1.074413935,DARS
1.061215386,0.392332077,DARS2
0.624861321,1.066623688,DBN1
1.953378816,3.931748708,DBT
0.016986659,-0.100093842,DCAKD
0.084884565,-0.379259109,DCD
1.376235363,-0.933773041,DCTN1
0.023790277,-0.056769053,DCTN2
0.178237391,0.334749858,DCXR
0.171609893,-0.265995026,DDOST
0.370018514,-0.448246002,DDRGK1
0.141349318,-0.34649531,DDX1
0.910971818,-0.312536875,DDX17
2.336771037,-1.470165253,DDX19A
1.552120435,3.963891983,DDX21
1.117120318,-0.357207616,DDX28
1.513634042,0.355719248,DDX39B
2.793569179,-0.976220449,DDX3X
0.007752985,0.010587056,DDX46
0.02617763,0.034357071,DDX5
0.852269593,0.641095479,DDX50
0.395832464,0.647249222,DEK
0.184469771,-0.482238134,DENR
0.604225932,-0.538564046,DHCR24
3.714587182,-1.595119476,DHCR7
2.41245966,-2.14369456,DHRS13
0.62624699,-0.985528946,DHRS4
1.606199073,-1.223588943,DHRS7B
0.270811093,-0.994218826,DHTKD1
4.649166584,1.731943766,DHX30
0.444710065,1.320263545,DHX36
2.554923163,2.203006109,DHX9
0.568317156,-1.089092255,DIABLO
0.183185389,-0.426108042,DIAPH1
0.765749474,1.037626902,DLAT
1.40258294,-0.595858892,DLD
0.570427939,-1.115056356,DLG1
0.789234181,-1.868515015,DLG3
0.577090276,0.355478923,DLST
1.837167319,-1.347572327,DMD
1.710991708,-1.76664416,DNAJA1
2.557817649,-1.908025106,DNAJA2
1.757768563,-0.916609446,DNAJA3
0.103594596,0.09609731,DNAJB11
1.093280955,0.93274498,DNAJB12
1.165428259,2.106753667,DNAJB6
0.09480842,-0.158673604,DNAJC1
0.298273619,0.1319472,DNAJC10
3.464997112,-1.563002904,DNAJC11
2.643948296,-5.170600255,DNAJC13
0.798172873,-0.802483241,DNAJC16
0.318039843,-0.279720942,DNAJC19
0.248455576,-0.361677806,DNAJC3
0.58413816,-0.607002894,DNM2
0.834326069,-1.118290583,DPAGT1
1.16619496,-0.756421407,DPM1
1.225809166,-1.140356064,DPM3
0.42959809,-0.786241531,DPYSL2
0.762180781,-0.422468185,DSG2
0.433730612,-1.472640991,DSP
0.872645714,-0.409800847,DSTN
1.220944817,-1.21937561,DTNA
0.924453352,-2.051898321,DYNC1H1
0.027157568,-0.084175746,DYNC1I2
0.071356239,0.088658651,DYNLL1
3.473695936,-1.231531143,EARS2
0.141782432,-0.257530212,ECH1
0.141433547,0.216286341,ECHS1
0.599629524,-1.215349833,ECI1
1.193803694,-0.962074916,ECI2
1.118189918,-1.187533696,ECSIT
0.210252699,0.3111763,EDC3
0.212504906,-0.290659587,EDC4
0.197617282,-0.605126063,EDF1
0.308987644,-0.192357381,EEA1
2.078806502,-0.915067037,EEF1A1
0.184848865,0.156750361,EEF1D
0.673664033,-0.314807892,EEF1E1
0.122634624,-0.242027918,EEF1G
0.172027129,-0.234875997,EEF2
0.433018858,-0.510027568,EFNB1
1.779995068,1.999366124,EFTUD2
0.568865132,-1.508428574,EHD1
1.84923222,-1.319550832,EHD4
0.175997145,-0.360249201,EIF1AX
1.293262944,1.648445765,EIF2AK2
0.275904515,0.326119741,EIF2S1
1.416615614,-0.468317668,EIF2S2
0.506932373,-0.230208079,EIF2S3
0.361363609,-0.822140376,EIF3A
0.46370807,-0.807628632,EIF3B
0.778486709,-1.096043905,EIF3C
0.114866486,-0.165789922,EIF3E
0.403872853,-0.66048495,EIF3H
0.347051451,0.804389318,EIF3I
0.091289928,0.232276281,EIF3L
0.087255145,-0.079786936,EIF4A1
1.480494636,1.3416303,EIF4A3
0.249147705,-0.318564097,EIF4B
0.720396368,0.812069575,EIF4G1
0.275539016,0.494427999,EIF5A
1.634791759,1.534301122,EIF5B
1.740467558,1.328420639,EIF6
3.424937507,3.911993027,ELAC2
0.89621536,0.637163798,ELAVL1
2.783916818,-2.539436976,ELOVL1
2.161279007,-2.332509995,ELOVL4
2.396133941,-0.956034978,ELOVL5
0.21496398,-0.200990041,EMC1
0.796946486,-1.974585215,EMC10
0.028268573,0.031869253,EMC2
0.017680767,-0.023407618,EMC3
0.208822341,-0.619180679,EMC4
0.052616567,-0.074545542,EMC8
4.244600881,6.169083277,EMD
0.757297902,-1.49645551,ENAH
1.988187527,-1.196086248,ENO1
0.669788058,-1.248617172,EPB41
0.54507473,-0.948097229,EPB41L2
0.499993064,-0.714937846,EPB41L2
0.694353922,-0.525730133,EPB41L3
1.097821665,-1.399150213,EPHA2
0.038706911,0.165400823,EPHX1
0.642449565,0.207568487,EPRS
0.66080579,1.697264989,ERAL1
0.341829842,-0.257380803,ERBB2IP
0.503512912,-0.863093058,ERGIC1
0.121039915,-0.445054372,ERGIC2
1.181980917,-1.115796407,ERGIC3
1.326258286,1.195549011,ERH
1.897180625,-1.145194372,ERLIN1
3.403508269,-0.787242254,ERLIN2
0.245246397,-0.960874557,ERO1L
0.213380378,-0.719301224,ERP29
0.135798738,-0.405237834,ERP44
0.421707253,-0.317014058,ESYT1
2.49615681,-1.408196131,ESYT2
0.573907361,-0.62029775,ETF1
0.104320673,-0.183683395,ETFA
0.067390526,0.120292028,ETFB
0.26959613,0.457525253,EWSR1
1.432461436,-1.141139348,EXD2
1.463424404,-1.179618835,EXOC1
0.880946797,-1.299999237,EXOC4
1.376267881,-1.214487076,EXOC6
1.830647664,-1.679938634,EXOC7
1.256756718,-2.126526515,EXOC8
0.491357193,-0.986499151,EZR
2.376879265,-1.034439723,FAF2
1.046242214,0.661739985,FAM120A
0.135509586,0.246292114,FAM136A
0.127693164,0.373024623,FAM162A
3.145077181,-2.537258784,FAM57A
2.13657231,-1.402008057,FAR1
1.231376059,-0.418966293,FARP1
1.478209248,-2.453439077,FAS
0.642784187,-1.182179133,FASN
1.676162832,0.661740621,FASTKD2
1.725281881,1.045216878,FASTKD5
0.167322003,-0.242904663,FAU
0.34992609,0.320192337,FBL
0.456128277,0.731803258,FBLL1
0.716556681,-1.253770828,FBXL20
0.04446546,0.113658269,FDFT1
0.307010568,0.611414591,FDX1
1.385868629,-1.345386505,FDXR
0.824335288,-0.502548218,FECH
0.703598432,-1.329603195,FEN1
0.219105499,-0.390879313,FH
1.271297723,-0.398671468,FHL1
0.36242466,-0.605794271,FKBP15
0.164426279,0.381535848,FKBP3
0.638163057,-1.718011856,FKBP4
0.758755069,-0.903661092,FKBP8
2.314420333,-1.110009511,FLNA
0.716846533,-0.737185796,FLNB
3.265666377,-2.255403519,FLOT1
2.728781653,-2.051584244,FLOT2
0.719517096,-1.115052541,FLVCR1
2.996442633,3.382310867,FMR1
0.42656728,-0.34459877,FOXRED1
0.387667637,-0.851400375,FTSJ2
0.515084393,-0.562680562,FTSJ3
0.166307866,-0.261404673,FUBP3
0.310784847,0.493049622,FUS
2.315168473,2.666416168,FXR1
2.976092145,3.814379374,FXR2
0.211591775,-0.378727595,G3BP1
1.526203466,0.843882243,GADD45GIP1
0.10637032,-0.381681442,GALNT2
0.252561229,-0.20287768,GALNT7
0.281144783,-0.416140874,GANAB
0.826738124,-1.240400314,GAPDH
0.922311332,2.12392807,GARS
2.499810677,-1.353140513,GART
0.278075438,-1.081428528,GBA
3.007533166,-1.502490362,GBAS
1.591959333,-2.419722239,GBF1
0.092304277,0.160629272,GCDH
1.038387658,-1.157072703,GCN1L1
2.416606496,3.555238088,GFM1
0.735384585,0.79759407,GFM2
2.076437941,-1.511991501,GGCX
0.849378555,-1.697317123,GHITM
2.084691746,-1.744966507,GK
0.317525785,1.294008255,GLA
0.597772813,1.067906698,GLDC
0.570883353,-0.857574463,GLG1
3.583092611,4.302230199,GLRX5
0.980017879,-1.563623428,GLS
0.577159097,-2.017372767,GLT8D1
0.227520657,-0.318954468,GLTSCR2
4.283683595,3.56414477,GLUD1
0.468699119,-2.031873067,GNA11
1.400763814,-1.086983363,GNAI2
1.086781311,-1.18888855,GNAI3
1.609825923,-1.280338287,GNAS
1.301561243,-0.873819987,GNAS
0.906503486,-1.082249324,GNB1
0.73488596,-0.888386408,GNB2
1.2438242,-1.007951101,GNB2L1
0.82914418,-0.9716657,GNB4
0.29612834,-0.437042872,GNG12
0.7116623,-1.465080897,GNG5
0.676472647,-1.147315979,GNPAT
1.078410032,-1.231783549,GOLGA2
0.109867918,0.112653097,GOLGA3
0.985745943,-1.800710042,GOLGA5
1.24780771,-1.397565206,GOLGA7
1.540532932,-0.867001216,GOLGB1
1.058465453,-1.126091003,GOLIM4
0.093205912,-0.215269725,GOLM1
1.55292383,-2.341772079,GOLPH3
1.034017919,-0.891645432,GOT2
1.073797244,-2.402632395,GPD2
0.379284334,-0.799094518,GPR107
1.316489367,1.932036082,GPT2
0.392762827,-0.418904622,GPX8
0.255323635,-0.103282293,GRAMD1A
0.99536464,1.301853816,GRPEL1
2.421878454,1.010103226,GRPEL2
1.053355589,1.465576808,GRSF1
0.421944105,0.305273056,GRWD1
0.984536291,-1.43062528,GSK3B
0.030563497,0.109694163,GSR
1.762548895,-1.08152771,GSTK1
1.629773005,-0.330595652,GTPBP10
0.658430124,0.423197428,GTPBP4
1.442456208,1.711008072,GUF1
0.681453241,-0.71152242,GXYLT1
1.771857086,1.405454636,H1FX
2.27495192,7.64259402,H2AFZ
2.180469208,4.94143041,H3F3A
0.560405102,-1.147532781,HACL1
0.104502963,-0.310631434,HADH
0.979194075,-0.78037262,HADHA
1.603646235,-0.76685969,HADHB
0.260976321,-0.595767339,HAGH
1.480599663,1.301219304,HARS2
0.724507908,-0.49839592,HAX1
0.151513203,-0.229885101,HDLBP
1.603541595,1.883845647,HERC2
1.022833592,-0.712540309,HIGD1A
0.185858,-1.154438655,HINT2
2.931704896,-1.078505198,HIP1R
1.659567658,1.53985405,HIST1H1C
1.292212118,1.190807343,HIST1H1E
4.429364218,8.652906418,HIST1H2AC
3.072328856,8.529220581,HIST1H2BJ
4.310339737,6.2580808,HIST1H2BK
3.264602152,4.928064982,HIST1H4A
3.725709663,7.000020981,HIST2H2AA3
3.995091167,4.525353114,HIST2H3A
1.18231632,-3.349776586,HK1
1.340532842,-0.941450755,HLA-A
1.319751348,-1.326795578,HLA-B
0.890917176,-0.544385274,HLA-C
1.404872225,-1.022185644,HM13
1.930154717,2.566375732,HMGA1
0.015431678,-0.053997676,HMGB1
0.112815909,0.282746633,HMGB2
0.5828992,-0.898739497,HMGCL
1.101939587,1.443953832,HMGN2
0.729002191,-1.294943492,HMOX2
0.6961762,-1.019488653,HN1L
1.143886212,-0.794902802,HNRNPA0
0.952658276,1.069049835,HNRNPA1
2.924916381,2.143946966,HNRNPA2B1
2.474199009,3.271231333,HNRNPA3
4.116746384,2.191557566,HNRNPAB
3.12496883,2.307786306,HNRNPC
1.18604754,0.984817505,HNRNPD
3.652766357,1.439842224,HNRNPF
2.628547979,1.284067154,HNRNPH1
2.188702607,1.99225235,HNRNPH3
1.077551767,0.632286708,HNRNPK
2.743597017,1.622667948,HNRNPL
0.790420113,0.483949025,HNRNPM
1.542349542,0.6457901,HNRNPM
0.670000724,0.238053004,HNRNPU
2.913052054,4.261421204,HNRNPUL1
2.42762215,1.655895869,HNRPDL
0.174681844,-0.086697896,HSD17B10
0.699383279,-0.649920781,HSD17B12
0.273859136,-0.417971929,HSD17B4
2.634383876,-2.269790649,HSDL1
2.144085004,-1.061962763,HSDL2
0.544075571,-0.710983912,HSP90AA1
0.982849019,-1.074520747,HSP90AB1
0.462409621,-0.687933604,HSP90B1
3.354211964,0.804672241,HSPA1A
0.013399874,-0.054244995,HSPA4
0.107151011,-0.074845632,HSPA5
0.875753522,0.609743754,HSPA6
1.406467521,0.466093063,HSPA8
3.169412984,2.089917501,HSPA9
0.275530444,-0.222010295,HSPD1
0.128633342,-0.208327611,HSPE1
1.222077972,-0.995510737,HYOU1
0.308857532,0.239514669,IARS
0.234841937,0.155294418,IARS2
0.895475181,1.273520788,IBA57
0.451830123,-0.946687063,ICMT
0.260126235,-0.196918488,ICT1
1.811680697,-2.078651428,IDH2
0.130081289,-0.201810837,IDH3A
1.661985684,-1.123380661,IDH3B
1.566649704,2.045117696,IDH3G
2.793655595,2.796543121,IGF2BP1
2.353539407,2.005695343,IGF2BP2
3.88240893,3.22972552,IGF2BP3
0.492438224,0.680110296,IGF2R
0.162412193,-0.595904032,IKBIP
3.336536908,2.485502879,ILF3
2.376213353,-1.152687073,ILVBL
1.80587692,-1.042504628,IMMT
0.285427796,-0.776486715,IMPAD1
1.038229725,-0.936421712,INPP5K
0.748125366,-0.532044093,IPO5
1.189159414,-0.884157181,IQGAP1
0.854521155,-1.443775177,IQGAP2
1.561144587,-0.922401428,IRS4
3.314595836,3.926835378,ISCA1
0.840870079,0.264226913,ISCU
0.315132391,0.421938578,IST1
0.634718826,-1.140605927,ITGB1
0.109267759,-0.159842809,ITPR1
0.960249973,-0.518558502,ITPR2
2.741175738,-1.010185877,ITPR3
0.017961495,-0.036249161,IVD
1.204282263,-0.880655924,JAGN1
1.088457974,-0.459372838,JPH1
1.15918274,-1.57972908,JUP
0.738490724,-1.753342311,JUP
0.205427075,0.06379954,KARS
0.049342596,-0.218558629,KATNAL2
0.366185741,0.168492635,KCT2
0.32844953,-1.167587916,KDSR
1.309962226,1.11367925,KHDRBS1
1.121177916,-0.941748937,KHSRP
0.033880134,-0.055345535,KIAA0319L
2.970203291,1.026859283,KIAA0391
0.765687418,-0.957070033,KIAA2013
0.980921586,-0.701812108,KIDINS220
1.022410187,-1.02085495,KIF11
1.535810357,-2.591562271,KIF1A
0.460794661,-0.509323756,KIF2A
1.230107735,-1.261753082,KIF5B
0.97103442,-4.843176524,KLC2
0.345680021,-0.291388194,KPNA2
0.673445727,-1.07311821,KPNB1
3.041052214,-2.242455165,KRAS
2.125082942,-1.458943049,KRT18
0.752343417,0.392304103,KTN1
2.411175725,-0.559181849,L2HGDH
0.655331273,1.891579946,LAMB1
0.498720988,-0.956405004,LAMP1
0.543584359,-1.053091685,LAMTOR1
1.170565548,-1.45622762,LAMTOR5
1.864155751,-0.535985947,LANCL1
0.248279885,0.87397639,LAP3
1.763016449,1.746243795,LARP1
0.138156663,0.244791667,LARP4
1.214374982,-0.355091731,LARS
1.119895009,-1.730464935,LARS2
0.100016783,0.037177404,LBR
0.619927356,-0.429594676,LCLAT1
0.653042084,-1.650031408,LDHA
0.687142483,-1.301596324,LDHB
2.881032479,2.886726379,LEMD2
0.500372291,-1.069793701,LEPRE1
0.494883227,-0.909776052,LETM1
0.155822035,0.511152903,LGALS3
4.577990972,14.19002978,LIG3
1.80821541,-0.873353322,LIMA1
0.731914412,-0.816060384,LIMD2
0.712069052,-0.972400665,LIN7C
0.428321682,-0.437365214,LLGL1
0.642971636,-0.767537435,LMAN1
0.035492799,-0.097764969,LMAN2
4.446281213,-2.533421199,LMF2
2.881688135,6.656915029,LMNA
2.782747536,1.836711248,LMNB1
2.188872806,2.510423024,LMNB2
0.223885595,-0.140818914,LONP1
2.232162977,-1.790779114,LPCAT1
1.135568236,-2.627554576,LPCAT2
1.713664874,-1.612838745,LPCAT3
3.183454104,-2.399527232,LPGAT1
0.570818829,-1.159517924,LPHN2
0.246352898,-1.015031179,LRPAP1
0.351895384,-0.376192729,LRPPRC
1.318607511,-2.29978625,LRRC1
0.99597087,-0.373181661,LRRC16A
0.501539106,-1.12820816,LRRC47
0.297697991,-0.243040721,LRRC57
0.76613809,-0.384869258,LRRC59
0.067369854,0.4179039,LRRCC1
0.612752869,-0.808186849,LSG1
0.722125947,0.725032171,LSM14A
2.972063271,-2.186842601,LSR
0.558488344,-1.619068782,LSS
0.687063728,0.449635824,LUC7L2
2.576655709,-2.226431529,LYN
1.279075331,4.994853973,LYRM7
0.663986628,0.536218007,M6PR
0.309088211,-0.24875323,MACF1
2.346746307,-5.427432378,MACROD1
2.044901592,-1.391932805,MAGED2
2.215459902,1.908875783,MAGOH
0.28212165,-0.497135798,MAP1B
0.252220568,-0.605262756,MAP4
2.557573009,-1.124755859,MAP4K4
0.542486155,0.845188777,MAP7
0.563356548,-1.25414149,MAPK1
0.208593062,0.665459315,MAPRE1
0.566602369,-0.707318624,MARCKS
0.724447562,-0.768842061,MARCKSL1
2.365947706,-1.484912237,MARK2
0.32525361,-0.210299174,MARK3
0.028245981,-0.018536886,MARS
2.029208302,2.87158076,MATR3
0.918325174,-1.177254359,MAVS
4.945284193,-2.778102239,MAZ
1.952948688,-1.508817037,MBOAT7
4.332983513,-3.211928686,MBTPS2
0.038591318,0.072822571,MCAT
0.317953695,0.648906072,MCCC1
2.34455984,0.672267278,MCCC2
1.6235761,1.048058192,MCM5
2.38929935,-1.700978597,MCU
0.078711587,-0.138751984,MDH2
4.204021281,3.993424733,ME2
0.322436886,0.799211502,MESDC2
0.200804791,-0.131942113,METTL15
0.215285729,-0.426575343,METTL17
1.590648656,1.885543823,MFAP1
0.081347482,0.15354538,MFF
3.05330165,-1.485364914,MFN2
1.272774448,-1.666030884,MFSD8
0.175718727,-0.659746806,MGAT2
0.617454402,0.477647146,MGME1
0.866153107,-2.323724111,MGST3
0.093152911,-0.055468241,MIA3
0.100349452,-0.207850138,MINOS1
1.270829892,2.048713048,MIPEP
1.852798616,1.10799853,MKI67
0.885218636,-0.873228709,MLEC
0.593848117,-0.802901586,MLLT4
0.326006867,-1.281143188,MMAB
0.382788822,-0.280929565,MMTAG2
0.195177378,0.353202184,MNF1
0.369084409,-0.636340459,MOGS
0.644916972,-1.595333099,MOSPD2
3.892388293,4.198769887,MOV10
2.255101184,-1.309394201,MP68
0.843945771,-1.16193517,MPC2
1.391755645,-1.385453542,MPDU1
0.256604847,-0.27861468,MPP2
1.073117242,-1.727771123,MPP6
0.468491789,-1.566827138,MPZL1
1.587063177,2.782280604,MRP63
0.296382227,0.434878031,MRPL1
1.323861426,2.054145177,MRPL10
0.250376491,-0.118908564,MRPL11
0.330084453,0.580087662,MRPL13
0.007909412,0.006084442,MRPL14
0.501621824,1.374226888,MRPL15
0.415856048,-0.736014048,MRPL16
0.745207342,1.135250727,MRPL17
0.12226606,-0.529968262,MRPL18
0.188687402,0.84622701,MRPL19
2.831673615,3.198542913,MRPL2
0.964799881,1.124601364,MRPL20
0.608336333,0.746764501,MRPL21
1.958896215,0.932633082,MRPL22
1.937717045,1.181500753,MRPL23
1.78953593,1.464690526,MRPL24
1.586808426,2.382933935,MRPL27
1.060020768,1.076784134,MRPL28
1.241796797,1.387084325,MRPL3
0.8885577,0.29801178,MRPL30
1.027368166,1.776863734,MRPL32
0.275039556,0.887924194,MRPL33
2.38566747,1.491980871,MRPL35
0.214785542,-1.011774063,MRPL36
2.168874337,0.705190659,MRPL37
1.085995346,0.362366994,MRPL38
2.327829715,1.488447825,MRPL39
0.582640605,1.927344004,MRPL4
1.287606647,0.620855967,MRPL41
3.043854443,1.920748393,MRPL42
1.656914873,1.364980062,MRPL43
2.562762463,1.581689199,MRPL44
0.566572359,0.777088165,MRPL45
0.900270259,0.725542704,MRPL46
1.676161171,0.853423436,MRPL47
1.286966584,1.273099264,MRPL48
2.863281105,1.362108866,MRPL49
2.722604105,0.664733887,MRPL50
0.821015563,0.588473002,MRPL53
0.161280196,0.177459717,MRPL55
0.902028636,0.524514516,MRPL9
1.024949737,-0.892033895,MRPS11
0.547421715,0.919549306,MRPS12
1.678243223,1.286771774,MRPS14
0.268017252,0.155750275,MRPS15
1.736607764,1.44147555,MRPS16
1.06965526,-0.876232147,MRPS18A
1.58256586,1.005690257,MRPS18B
1.20165491,1.712368011,MRPS2
0.103102228,0.232213974,MRPS21
3.910850921,3.464219411,MRPS22
1.09961502,2.485980352,MRPS23
3.397441356,1.813056946,MRPS24
4.175910911,2.874801636,MRPS25
1.70511205,1.054074605,MRPS26
1.000277341,0.873529434,MRPS27
2.526970464,0.94867897,MRPS28
0.060391863,0.049399694,MRPS30
4.371731794,2.169007619,MRPS31
0.81613664,1.385189056,MRPS33
1.773308292,1.267965317,MRPS34
1.108642302,1.760819753,MRPS35
0.367980394,0.321001689,MRPS36
1.218594428,0.712842941,MRPS5
1.923585216,0.853714625,MRPS6
1.30304084,2.5295283,MRPS7
3.657265664,1.763195038,MRPS9
2.392448545,2.428150813,MRTO4
1.817902711,1.876565297,MSH2
0.739727371,-1.810332616,MSN
0.175854292,0.587887446,MSRB2
1.935109671,-1.541913986,MST4
1.332841324,-2.731220245,MT-ATP8
1.410627847,-2.29072698,MT-CO2
0.361396734,-0.405739466,MTCH1
1.278581818,-1.204384486,MTCH2
0.455736856,0.389420191,MTDH
0.101220893,-0.182221095,MTFP1
0.053437935,0.149684906,MTFR1L
0.076603414,-0.119835536,MTG1
1.675976134,-1.281065623,MTHFD1
0.865056771,0.965995789,MTHFD1L
1.295316745,0.658603032,MTHFD1L
0.116153426,0.245404561,MTHFD2
2.732034196,2.42959404,MTIF2
2.253218209,0.993152618,MTO1
0.06261299,-0.052103678,MTOR
1.219574461,-0.400232951,MTPAP
1.687866595,-1.086942673,MTX1
0.044324473,-0.148333232,MUT
2.95360241,1.622716268,MYBBP1A
0.949164057,0.462350845,MYH10
1.435567728,0.434598923,MYH9
0.634339138,1.978288651,MYL12B
0.692096386,1.264271418,MYL3
1.091382121,0.401732763,MYL6
1.999718656,-2.631298065,MYO19
0.176827598,0.223004023,MYO1B
1.451158768,0.631873449,MYO1C
0.076746574,-0.169282913,MYOD1
0.181141958,-0.525294622,NACA
0.126557188,0.185961405,NADK2
0.96980222,-3.232107162,NAMPT
0.908016284,-2.477568944,NAPA
0.51308122,-1.519090017,NAPG
0.95099924,1.045221329,NARS2
2.426005601,-2.104554494,NAT14
0.223550682,0.321619034,NBAS
0.796106859,-2.096186956,NCAM1
0.405268703,-0.47611173,NCKAP1
1.521373103,0.755827586,NCL
1.49772759,-1.119637171,NCLN
0.086462898,-0.069473902,NDC1
2.734104713,-1.760316849,NDUFA10
1.785813474,-1.387318929,NDUFA12
1.68919218,-1.348020554,NDUFA13
0.889018129,-2.702992757,NDUFA2
1.23923191,-1.468657811,NDUFA4
0.700401012,-0.398667653,NDUFA5
0.314319491,0.525747299,NDUFA6
0.847002037,-1.729969025,NDUFA7
1.329824968,-0.775702159,NDUFA9
0.076828952,-0.133224487,NDUFAF2
0.310187284,0.480866114,NDUFAF3
0.259843273,0.680249532,NDUFAF4
1.16997942,-1.10228157,NDUFB10
0.542275111,-1.674974442,NDUFB11
0.085888976,-0.445528666,NDUFB4
0.83153239,-1.721314748,NDUFB7
0.914911615,-2.079015732,NDUFB8
0.324020008,-0.053074519,NDUFS1
1.387815059,-0.790112813,NDUFS2
0.50643302,-0.420265198,NDUFS3
1.273757593,-1.726107279,NDUFS4
0.831536688,-0.964855194,NDUFS5
2.981350782,1.996009827,NDUFS6
0.803351618,-0.415405909,NDUFS7
0.554344993,0.376079559,NDUFS8
0.450016031,-0.1532739,NDUFV1
0.295245193,1.300877889,NDUFV2
0.888240529,-0.557432175,NDUFV3
0.141544386,-0.604020437,NENF
5.177963135,2.14148585,NEURL4
1.260986065,0.93248558,NFS1
0.24925414,-0.071086884,NFXL1
2.448758091,2.397757212,NHP2L1
0.346752141,0.579123179,NIPSNAP1
0.123833794,-0.04698499,NLRX1
0.869498327,-2.00619634,NME2
1.788692233,-1.870094299,NME4
0.759115757,-0.678898493,NNT
0.161722962,-0.23575147,NOA1
1.83489223,-1.173136393,NOB1
0.463157835,-0.469490051,NOC3L
0.135157764,-0.332077026,NOL7
0.392986229,-0.40264829,NOLC1
0.367278317,-0.631766637,NOMO1
2.808849009,-0.89457194,NONO
0.564352862,1.306791941,NOP16
2.173873165,1.612963359,NOP2
2.342394647,2.191349665,NOP56
3.176283806,3.019741694,NOP58
0.634164338,-0.720742544,NPEPPS
1.431602976,-0.624623617,NPM1
0.439856603,0.810932159,NPTN
0.327201049,-0.905807495,NRAS
0.746518106,-0.610093435,NSA2
0.711443754,-1.245834351,NSDHL
0.60990961,-0.365632375,NSF
0.141189236,-0.200049718,NSUN2
2.737331117,3.382535934,NT5DC2
2.19112181,-1.383693695,NTPCR
0.384846319,-0.142726262,NUBPL
0.472598415,-2.382145564,NUCB1
0.651786603,-1.210875829,NUCB2
0.278129253,-0.548693339,NUDC
0.132568168,0.169197718,NUDT19
1.005294883,0.841199239,NUMA1
0.404992255,-1.253833771,NUMB
0.518677049,-0.552030563,NUP107
0.974949279,-0.847519557,NUP133
1.235924113,-1.504603068,NUP155
1.569005716,-1.336184184,NUP205
0.679552003,-0.871703466,NUP210
2.892056514,-1.158631643,NUP214
1.435572035,-0.842487971,NUP35
0.670154806,-1.396607081,NUP62
1.638791839,-0.555693309,NUP88
2.817666446,-1.393101374,NUP93
1.55788249,-1.21937561,NUP98
0.831148014,-1.123942057,NUPL1
0.460734945,0.400196075,NUSAP1
1.321183401,-0.647378922,NXF1
0.696015711,0.496358871,OAT
0.848575474,-1.707416534,OCIAD1
0.829547412,-1.26564916,OCLN
0.778191862,1.381694158,OGDH
3.564441203,-1.800532023,OPA1
0.266138926,1.156196594,ORF1
2.79312928,-1.665372849,ORMDL1
0.94474497,1.336671193,OSBP
0.638757573,-1.527951558,OSBPL3
3.833082205,-1.108233134,OSBPL8
0.141208338,-0.188058217,OSBPL9
0.86153626,-2.243947983,OXA1L
0.795100436,-1.1690286,OXCT1
0.636515781,-1.432273229,P4HA1
0.267834812,-0.484108607,P4HB
0.213867391,-0.451644262,PA2G4
2.333627471,2.211496989,PABPC1
2.907003863,2.347160975,PABPC4
0.395130332,-1.455736796,PACSIN2
0.135777847,-0.238723755,PACSIN3
0.496512947,-1.552138646,PAICS
2.038316798,-1.295525233,PAK4
0.539810431,-0.822207769,PAM16
0.354057364,0.285545985,PARD3
1.08064642,-0.360673269,PARK7
4.911166101,9.795256933,PARP1
0.313435268,-0.29023997,PC
0.823173751,-0.257256826,PCBP1
0.148077186,-0.141855876,PCBP2
0.439029648,-1.37853241,PCCB
0.399153746,-0.961939494,PCK2
1.69202291,-0.779741287,PCMT1
1.712751991,2.384032567,PCNA
2.27E-05,6.29E-05,PCYOX1
0.464587892,-1.929329554,PDCD5
1.814317142,-3.141967773,PDCD6IP
0.818829695,0.568688711,PDE12
0.507786428,0.621628443,PDHA1
1.953690626,0.928052902,PDHB
0.332258077,0.186637878,PDHX
0.229965594,-0.564222972,PDIA3
0.282895876,-0.856866201,PDIA3
0.380482893,-0.794440587,PDIA4
0.408158472,-0.779007594,PDIA5
1.089515807,-1.082793554,PDIA6
0.1764062,-0.498960495,PDK1
1.102240792,0.433446248,PDK3
0.245251701,-0.695114772,PDLIM1
0.519196527,-0.94997406,PEBP1
2.849876841,-1.503091176,PELO
0.38713705,-0.276082993,PES1.00
1.723169789,-0.853366852,PEX1
1.055405256,-1.292795817,PEX11B
0.241849383,-0.309726079,PEX14
0.401516057,-0.301235835,PEX6
1.240189432,-1.458863576,PFKL
0.885962144,-1.048784256,PFKM
1.624247476,-2.64490509,PFKP
0.724765357,-1.604230881,PFN1
0.253003931,-0.47175916,PGAM1
2.908989466,1.878245672,PGAM5
0.714335479,-1.348418554,PGK1.00
1.243674894,-0.987668355,PGRMC1
0.855205356,-1.462223053,PGRMC2
0.170666381,0.183692296,PGS1
0.540024656,-0.40953064,PHB
3.524667405,-1.092699051,PHB2
0.795566349,0.780478795,PHF6
1.537017646,-1.353784561,PHGDH
1.099218363,3.278669993,PI4K2A
0.965407537,-2.075007121,PI4KA
0.91281625,-1.799271266,PICALM
2.899192834,-2.074755987,PIGK
0.879050088,-1.027029673,PIGS
0.719822242,-1.76620992,PIGU
2.704665297,-2.34025383,PIK3R2
1.455283615,-1.059151967,PIN1
2.848468618,-1.893638611,PIP5K1A
0.987086023,-0.71665891,PISD
0.08004558,0.15394783,PITRM1
2.898723947,-1.35541598,PKM
0.898255775,-1.222134908,PKN2
1.13742164,-0.465332031,PKP2
1.542239425,-1.586360296,PKP4
0.897179882,-1.871798833,PLD3
1.030915812,-1.400192261,PLGRKT
0.353479289,0.392759959,PLOD1
0.26261923,-0.293146133,PLOD3
0.227930452,-0.600880305,PLS3
0.667426809,-0.700747808,PLXNA1
1.096429098,-1.906276703,PLXNB2
0.952686512,-1.183437347,PMAIP1
0.006994782,0.009890874,PMPCA
0.214334806,0.15141805,PMPCB
0.7512674,1.311011632,PNN
2.341179715,3.649839401,PNPLA6
1.617898503,2.234911601,PNPT1
0.384711421,-0.721286774,PODXL
2.836527349,1.834229787,POLDIP2
0.019632879,0.058350245,POLDIP3
4.166784713,7.673481623,POLG
1.725743441,1.069117228,POLRMT
0.098554666,0.268534978,PON2
0.617083816,-1.060719172,POR
0.40151188,-0.614334742,PPA1
0.838626464,0.683315277,PPA2
2.5727732,-2.005163193,PPAPDC2
1.312445778,-1.667936325,PPFIA1
0.364285126,-0.378416061,PPIA
0.18620719,-0.429934184,PPIB
0.362157111,0.796221415,PPIF
0.267838189,-0.297531764,PPOX
0.128690124,0.070682526,PPP1CC
0.526462394,-1.936407089,PPP1R12A
0.46044926,-0.627768199,PPP2R1A
0.149088659,-0.235706965,PPP2R2A
0.649173384,-2.434961319,PRAF2
0.129244289,-0.400588989,PRCP
0.578615138,-0.603502274,PRDX1
1.299728822,-1.816724141,PRDX2
0.761705423,0.688945134,PRDX3
0.620267515,1.639314651,PRDX4
0.377486356,0.794511159,PRDX5
0.042135102,-0.080893834,PRDX6
0.55937602,-2.113665263,PREB
0.290846047,-0.850830078,PRKAA1
2.526101444,-2.012072245,PRKACA
0.948012594,-1.589677811,PRKAG1
0.574176893,-1.547632853,PRKAR2A
3.404422265,-1.871033986,PRKCD
0.499937547,-0.623547236,PRKCH
0.000232975,-0.000404358,PRKCI
0.393494533,-0.843968709,PRKCSH
3.61709615,1.784315745,PRKDC
0.135116427,0.220823924,PRPF19
0.467535422,0.438649495,PRPF38B
0.376842907,-0.255737305,PRPF40A
2.686567024,1.954628627,PRPF8
3.762168905,5.423548381,PRPS1
0.122479653,0.198829015,PRR11
1.10995815,1.546993891,PRRC2C
1.271046187,-1.234668732,PSEN1
0.122793157,-0.179645538,PSMA7
0.110690628,0.175467809,PSMD2
1.113857405,0.837281545,PTBP1
1.170582814,1.294252396,PTCD3
2.269850817,-1.728145599,PTDSS1
0.005249088,-0.020685196,PTDSS2
0.063198577,-0.103167852,PTGES2
0.775116405,-1.589489619,PTGFRN
0.95041805,-1.515300115,PTK7
0.697828715,-2.102034251,PTMA
0.461817878,-0.778328578,PTPLAD1
1.551888778,-1.668184916,PTPLB
1.038531443,-2.180697123,PTPMT1
0.317093715,-0.283535004,PTPN1
1.225071669,-1.824721018,PTPN13
1.358640307,-1.679447174,PTPRF
0.321058666,0.3205115,PTRF
1.067650788,-2.000968297,PTRH2
0.525191696,-0.121257782,PUF60
0.327632571,-0.176011403,PUM1
0.950229621,0.784903208,PUS1
0.646687346,-1.499209086,PVR
0.339124944,0.334148407,PYCR1
1.196787553,0.833638509,PYCR2
0.448896662,0.411256154,QARS
0.806780914,-0.397157033,QIL1
0.426345789,0.75700887,QRSL1
1.856655287,-5.760597229,QSOX2
1.341589976,-1.115349452,RAB10
1.848650531,-1.624874751,RAB11A
2.402972487,-3.075789134,RAB12
2.902954983,-2.077995936,RAB13
1.652431016,-1.254089355,RAB14
2.485414067,-1.634090424,RAB18
3.714028609,-2.090861003,RAB1A
1.340740939,-1.875099818,RAB1B
1.23418863,-1.211147308,RAB21
0.840074527,-2.290819168,RAB23
1.28620862,-0.981664658,RAB2A
1.305834589,-1.180596034,RAB33B
1.354924145,-1.418397268,RAB34
4.470110392,-2.541399638,RAB35
2.515620557,-2.178566615,RAB39A
1.90924599,-1.246999105,RAB39B
0.919979176,-2.411982218,RAB3D
2.010436635,-3.192762375,RAB43
0.308626835,-0.847558339,RAB4A
2.260645957,-2.135721842,RAB5A
2.145916999,-1.950682322,RAB5B
1.685846527,-1.507130941,RAB5C
1.634844414,-1.218099594,RAB6A
0.423231208,-1.027426402,RAB6B
0.58673436,-0.645198822,RAB7A
0.71054138,-0.829313914,RAB7L1
3.961153043,-2.175394694,RAB8A
1.574511203,-2.045813878,RAB9A
0.580661143,-0.643189112,RABL3
1.654157552,-1.546885173,RAC1
0.546155639,0.335983276,RAD50
0.267622732,-0.177218755,RAE1
0.327263449,-0.944290161,RAF1
0.524991098,0.316805522,RAI14
0.618503585,-0.634806315,RALA
1.062129177,-1.809780757,RALB
2.733433094,2.871967316,RALY
0.619790075,-0.520414352,RAN
0.961118468,-1.507303238,RANBP1
1.918107659,-0.450037003,RANBP2
1.786905906,-1.408908844,RANGAP1
0.558462833,-0.543043772,RAP1A
0.884598696,-0.986565272,RAP1B
2.892773099,-2.699485779,RAP2B
0.033341181,-0.143913905,RAP2C
0.76001093,0.2163016,RARS
2.395379192,-0.801710129,RARS2
0.236382689,-0.533417384,RAVER1
1.699703833,2.239003499,RBBP4
0.439401906,0.192297618,RBFA
1.065551988,-2.740427017,RBM14
0.071706398,-0.087258657,RBM39
2.759511816,1.890501022,RBMX
1.897909655,0.93123881,RCC2
0.432141823,-0.68257014,RCN1
0.282567219,-0.658915202,RCN2
0.595614601,-0.692241669,RDH11
0.244903658,-0.485008876,RDH13
1.226360642,-0.804239273,RDH14
0.64967246,-1.520595551,RDX
1.643130527,4.531214396,REEP4
1.081816557,-1.638568242,REEP5
1.200169894,-1.367019018,RER1
3.963977715,9.437356313,RFC1
1.245332296,-1.54670461,RFT1
2.111165946,-1.8554643,RFTN1
4.159144061,-2.476115545,RHBDD3
1.365160972,-1.056973139,RHBDF1
0.241721568,0.280169169,RHBDF2
1.478425298,-1.497174581,RHEB
3.819390351,-1.140581131,RHOA
1.29370333,-1.343077977,RHOB
0.071227237,0.310426712,RHOC
0.648289777,-1.224976858,RHOG
2.6133324,-1.16321818,RHOT1
2.863294303,-1.313053767,RHOT2
0.213298944,0.414962133,RITA
0.154787595,-0.842679342,RMDN3
0.551682275,-0.647915522,RNF5
0.220595664,0.147357941,RNMTL1
0.84893405,1.731826782,RNPS1
0.491581886,-0.72561264,ROCK2
4.243098523,8.10382398,RPA1
2.115816892,-1.284404755,RPIA
0.008210287,-0.010814667,RPL10
2.197446962,0.942095439,RPL10A
2.573054404,-0.940002441,RPL11
1.326062128,-0.670719147,RPL11
2.569157163,1.030806224,RPL12
0.510705851,-0.651574453,RPL13
1.352988243,0.366364161,RPL13A
0.198644994,0.235818863,RPL14
4.313188777,0.920741399,RPL15
0.07712914,-0.169934591,RPL17
0.179056739,-0.273210526,RPL18
0.113053756,-0.156839371,RPL18A
0.227020614,-0.2899882,RPL19
0.081483698,-0.152477264,RPL21
0.62753746,0.537799199,RPL22
0.203620968,-0.362874349,RPL23
0.007103182,0.008824666,RPL23A
0.6133244,-0.516537984,RPL24
0.3464968,-0.428830465,RPL26
0.778127135,0.372833252,RPL26L1
0.876888728,0.589194616,RPL27
0.453174826,-0.568445841,RPL27A
0.548995824,-0.550214767,RPL28
1.417573247,-0.759098053,RPL29
2.072894041,0.440408071,RPL3
1.748920769,0.930503845,RPL30
0.699340826,-0.48234876,RPL31
1.49119104,-0.807601929,RPL32
0.077571846,-0.071440379,RPL34
0.825784517,-0.373865763,RPL35
2.855984012,1.271144867,RPL35A
0.09714989,0.263210932,RPL36
0.308474958,-0.317990621,RPL36A
0.692151294,-1.175896327,RPL36AL
0.82867503,-1.094861348,RPL37
0.561193532,-0.580509186,RPL37A
0.919673148,0.77597936,RPL38
0.881750527,0.369377772,RPL4
0.368991075,0.216554006,RPL5
1.291938444,0.756690343,RPL6
0.86220607,0.16383934,RPL7
1.30481607,0.565440496,RPL7A
0.370821582,-0.353492737,RPL8
0.430614479,-0.767679214,RPL9
1.508273953,1.005178452,RPLP0
0.312237255,0.542585373,RPLP1
0.903037464,0.994297663,RPLP2
2.848569472,-2.128756205,RPN1
0.014193688,-0.022068024,RPN2
0.237481939,-0.132179896,RPS10
0.251472426,-0.223285675,RPS11
1.252924236,0.913536072,RPS12
0.405153094,0.296908061,RPS13
0.176891078,0.502070109,RPS14
0.333773563,-0.424941381,RPS15
1.687954587,-0.920576731,RPS15A
0.577348063,-0.288462321,RPS16
0.633761886,-0.977347692,RPS17
0.273443238,-0.166809082,RPS18
0.21984796,0.348251343,RPS19
0.44926928,1.057942708,RPS19BP1
2.274753663,-1.079464595,RPS2
0.060251943,0.11741066,RPS20
0.318425758,-0.424076716,RPS21
0.211431597,-0.273482005,RPS23
0.351136963,-0.440725327,RPS24
0.579809012,0.712266286,RPS25
0.389338356,-0.464568456,RPS26
0.780786883,-0.521396001,RPS27
0.614793131,0.786294301,RPS27A
0.282298064,1.009094238,RPS27L
0.185475759,-0.21432368,RPS28
0.049080641,-0.05789121,RPS29
0.326342529,-0.292525609,RPS3
0.078728675,-0.066677094,RPS3A
0.151134589,-0.158125559,RPS4X
0.500334052,-0.477303187,RPS5
0.010697283,0.016573588,RPS6
0.71076501,-0.399657567,RPS7
0.044046183,0.066773097,RPS8
0.660037011,-0.453411738,RPS9
0.146557768,0.217519124,RPSA
0.190798518,-0.532773972,RPTOR
0.926774627,0.739479065,RPUSD3
3.306057758,-1.832454046,RRAS2
0.091370135,-0.082037608,RRBP1
0.037181234,0.109977722,RRP1
0.500136194,0.701955795,RRP1B
2.802521779,2.48719279,RSL1D1
0.522118482,-0.817322413,RSL24D1
0.778739007,-2.435759226,RTN3
0.726455079,-0.910640081,RTN4
2.874031788,2.131292343,RUVBL1
1.389891994,0.852886836,RUVBL2
0.524482694,-1.119849523,S100A10
0.554715223,-0.616604487,SACM1L
3.383726175,6.862098694,SAFB
0.830224201,-0.996545792,SAMM50
0.62714456,0.733147939,SAP18
0.835010278,-1.641756694,SARM1
1.639613976,2.410933177,SARS2
0.086767565,0.067832947,SBDS
0.43132439,-1.561077118,SCAMP1
0.900180289,-1.200344721,SCAMP2
0.919171105,-1.455249151,SCAMP3
0.063270864,0.279780706,SCARB2
0.099383556,-0.18003273,SCD
1.408457296,-1.489044825,SCFD1
1.203286302,-1.163784663,SCO1
1.743898282,-1.023533503,SCO2
0.007122533,0.021489461,SCP2
0.964780073,-0.737963359,SCRIB
1.913345886,-0.605449677,SDCBP
1.065048953,-1.119040171,SDF2
0.043576614,0.048682531,SDF2L1
0.101372044,0.212249756,SDF4
0.334059163,-0.334514618,SDHA
3.52950955,1.557273865,SDHB
0.891892625,-0.826496124,SEC13
0.583477966,-0.483886719,SEC22B
0.90695834,-1.406963984,SEC23A
0.773077665,-0.820131938,SEC23B
1.290045655,-2.065800349,SEC24B
0.680431491,-0.730211258,SEC24C
4.169120315,-2.170831045,SEC61A1
1.04605585,-0.658484777,SEC61B
0.29253,0.688477834,SEC62
0.293514346,-0.317116419,SEC63
0.578551939,-1.244095484,SEL1L
0.326403927,-0.251146317,SELK
0.436342937,-1.55465126,SELRC1
0.079469611,-0.098089854,SERBP1
1.041944852,-1.487090429,SERINC1
1.70402895,-0.835092545,SERPINH1
0.062062286,-0.267021815,SET
1.182808892,-0.962511698,SF1
2.115273477,2.692825953,SF3B2
0.932951656,0.79459699,SF3B3
0.536518806,-0.176068624,SFPQ
2.319319983,-1.72877566,SFXN1
2.353094655,-2.126468023,SFXN2
1.891909681,-2.133422852,SFXN3
0.611212697,-0.637939453,SFXN4
1.872396301,-0.95673879,SGPL1
0.136913884,0.158038457,SHMT2
0.193136372,0.337217967,SKP1
0.321139631,-0.421271642,SLC12A2
1.65965525,-2.453356425,SLC16A1
0.885873781,-0.99115626,SLC19A1
2.502572049,-1.086061478,SLC1A5
3.6770666,-2.055566152,SLC25A1
2.758120773,-1.056926092,SLC25A10
2.969454374,-1.776301066,SLC25A11
0.630312735,-1.879149119,SLC25A12
2.761030782,-2.212955475,SLC25A13
2.839350927,-2.683289846,SLC25A19
1.910540455,-2.615689596,SLC25A20
0.443124772,-1.003429413,SLC25A22
1.464816091,-1.315574646,SLC25A24
2.059596088,-1.631399155,SLC25A3
1.70731469,-1.989847183,SLC25A4
3.352067259,-2.007200877,SLC25A5
2.191357711,-2.240018845,SLC25A6
1.313202437,-0.997138341,SLC27A2
1.043169884,1.39027977,SLC27A3
0.722142523,-2.270073573,SLC27A4
0.833824209,-1.80300204,SLC29A1
2.600903868,-2.713751475,SLC2A1
1.530778061,-1.613835653,SLC30A7
1.974038575,-1.170804977,SLC30A9
1.742698104,-1.368726095,SLC35E1
2.55954444,-2.918230057,SLC37A4
1.336183681,-2.136420568,SLC38A1
2.984829932,-1.477608999,SLC38A10
1.677854827,-3.953415553,SLC39A11
0.327862724,-0.940132777,SLC39A14
0.861421661,-1.513027191,SLC39A7
1.287341952,-1.668263753,SLC3A2
0.909755208,-1.409777323,SLC7A1
0.104505722,-0.324214935,SLC7A2
1.430946839,-1.952770869,SLC7A5
0.391469269,-1.237693151,SLC9A3R1
0.485679053,0.522171021,SLC9A3R2
0.503397645,-0.809554418,SLIRP
0.210344023,-0.324374517,SLK
0.722579429,-1.080986023,SLMAP
2.548817037,7.128934224,SLTM
0.34004418,0.574279149,SMARCC2
3.385941602,1.255674362,SMC1A
1.377431031,-0.584377925,SMC2
1.70190469,0.899769465,SMC3
0.125050344,0.27978452,SMC4
0.714928071,-1.293703715,SMIM12
0.07232092,0.107501984,SMIM20
1.078206384,1.463363647,SMPD4
1.095369261,-1.061908722,SNAP23
0.048205207,-0.080134074,SND1
0.715991826,1.206795375,SNRNP200
0.722654894,0.596230189,SNRNP70
0.685919997,1.224206924,SNRPB
1.02753881,2.087404887,SNRPD1
1.04532638,0.896788279,SNRPD2
0.787467702,1.796813965,SNRPD3
0.270668526,-0.329490026,SNRPF
1.622963924,-2.152732213,SNTB1
0.876214641,-0.620562871,SNTB2
1.089714384,-1.856307983,SNX27
0.289743215,-0.771701813,SNX3
0.460345702,-1.153683345,SOAT1
0.283489154,-0.49693807,SPCS2
1.80538692,-1.080317815,SPCS3
0.547153455,-1.898672104,SPECC1
1.260085174,-1.901796341,SPNS1
0.379495984,-0.282145182,SPTAN1
0.250168705,-0.288556417,SPTBN1
2.199990384,-0.803238551,SPTLC1
0.267950313,-0.296885808,SPTLC2
2.455892375,1.869418462,SQSTM1
1.179251789,-1.56390063,SRC
0.575789899,0.82557106,SRP14
1.343614663,-0.750015895,SRP68
1.686721894,2.123273849,SRP72
0.851390583,-1.191772461,SRP9
1.85473085,1.579543432,SRPK1
1.582685518,-0.324415843,SRPR
0.870763539,-0.213846842,SRPRB
1.732450004,1.393473307,SRRM1
1.66209501,1.599197388,SRRM2
2.206381706,2.630169551,SRSF1
1.362921559,1.173569997,SRSF3
1.083714961,1.002924601,SRSF4
2.354452638,2.728883743,SRSF6
1.534230916,2.426218033,SRSF7
1.477400692,1.872515361,SRSF9
1.837842546,0.604007085,SSBP1
0.172335001,0.529586792,SSR1
2.377024663,-3.235099157,SSR3
0.069001901,-0.07975324,SSR4
0.045831743,0.076211929,ST13
0.585324711,-0.562761307,STAM
0.213285134,-0.828854243,STAM2
1.446549586,1.473314921,STAU1
0.387820163,-1.590022405,STEAP3
0.347765914,-0.547651291,STIM1
0.239029662,0.703987122,STIP1
2.045636933,-1.266697566,STK11IP
0.251466457,-0.879411697,STMN1
1.723587295,-1.194958369,STOM
1.163870953,-0.655487696,STOML2
0.119522739,0.159277598,STRAP
2.068416931,-1.846143723,STT3A
0.764399973,-0.522529602,STT3B
0.801995916,-1.593464533,STUB1
0.021434136,0.060532888,STX10
0.38578022,-1.460648219,STX12
0.35713937,-0.834374746,STX17
2.008252359,-1.583691915,STX18
1.180458489,-1.650282542,STX3
0.122184883,0.212884267,STX5
0.355256473,-0.879136403,STX7
0.346477855,-0.512642543,STXBP3
1.822966028,2.570295334,SUB1
2.422321883,-0.943203608,SUCLA2
0.679684075,-0.616980871,SUCLG1
0.932463787,-1.390684128,SUCLG2
0.762440711,-0.976296107,SUMO1
0.109671204,0.184116999,SUMO2
3.205293024,7.775444031,SUN1
3.405264258,7.087202072,SUN2
4.661951388,9.298363368,SUPT16H
2.678100601,2.128868739,SUPV3L1
0.523413919,-1.123891195,SURF4
1.746361824,1.533376058,SYNCRIP
0.188425404,-0.188474655,TACC1
0.968689173,1.306379954,TACO1
2.275531263,2.809403102,TAF15
0.583751457,-1.61957105,TAGLN2
0.683715275,-1.585777283,TAMM41
0.327262748,-0.716375987,TAOK1
2.77897312,-1.88507398,TAP1
1.252151666,-1.027703603,TAP2
3.316422561,15.58710925,TARG1
0.201207849,-0.573293686,TARS
0.677983695,-0.168996811,TARS2
0.390561774,-0.439723969,TBL2
0.066398397,-0.071854273,TBRG4
0.068758223,0.135408401,TCEB1
0.088569518,-0.092987061,TCOF1
1.441092239,-0.666083654,TCP1
2.926847247,-1.641832987,TECR
0.111764564,0.422759374,TEX264
0.151847784,0.210501353,TFAM
0.656263357,-0.534472148,TFB1M
0.150643321,-0.090518316,TFB2M
0.831611405,-1.604667664,TFRC
0.063958835,0.078590393,THNSL1
2.216253979,2.215907415,THRAP3
0.004655908,0.011229197,TIMM10
0.475222059,-0.64173317,TIMM13
1.258073837,-0.738054911,TIMM21
2.051559589,-2.18126742,TIMM23
0.099532311,-0.114402135,TIMM44
2.869786535,-1.123813629,TIMM50
0.271261183,0.318044027,TIMM8A
0.075393628,-0.174548467,TIMM8B
0.372546801,-1.033751806,TIMM9
2.335391574,-1.471371333,TIMMDC1
0.645853526,-2.732435862,TLN1
0.073804361,0.067891439,TLN2
0.376520924,-0.53790919,TM9SF2
1.588968518,-3.540803274,TM9SF3
0.46033266,-2.187304179,TM9SF4
0.360893449,-1.574701309,TMCO1
0.709829706,-0.823076884,TMED10
0.447641932,-0.996149699,TMED2
0.145477228,0.249116898,TMED4
0.416630569,-1.315261841,TMED7
0.25466025,0.525174459,TMED9
0.521661372,-0.805047353,TMEM106B
0.466431295,-0.636011124,TMEM109
0.055967763,-0.127331416,TMEM126B
3.264671984,-2.881557465,TMEM165
0.531417477,0.726182938,TMEM205
0.54988979,-0.37473615,TMEM209
0.135920865,-0.166961034,TMEM214
0.521024796,-1.322955449,TMEM230
1.307202854,-1.491824468,TMEM245
2.421906027,-2.297194799,TMEM258
0.505038608,-0.753414154,TMEM259
0.327415262,-0.509001414,TMEM33
0.830042494,-1.127049128,TMEM43
3.241411675,2.903256098,TMEM57
1.163988555,-1.215249379,TMEM70
2.051928551,2.253790538,TMEM9
0.92114911,-1.511342367,TMF1
3.627974511,4.274437586,TMPO
2.322411153,3.36885643,TMPO
0.00140607,0.00193723,TMTC3
0.695795547,-0.821772257,TMUB1
0.422133196,-0.651335398,TMX1
0.587186426,0.497200012,TMX2
0.264488048,-0.298625946,TMX3
1.288002452,-1.524613063,TNIK
0.085419893,-0.059288661,TOMM20
2.793317473,-1.860506694,TOMM22
2.801487864,-1.2650973,TOMM40
1.431728178,-1.570554733,TOMM5
0.458226384,-0.649616241,TOMM70A
3.523167889,6.333548864,TOP1.00
2.569700591,7.008010228,TOP2A
3.071506105,2.330242793,TOR1AIP1
1.462026407,-0.565153758,TOR1AIP2
3.29508566,5.746348699,TP53
1.719501424,-1.696193695,TPI1
0.896204,-1.058721542,TPM3
2.868730605,3.613381704,TRA2A
2.79529034,2.352790197,TRA2B
0.903284039,0.590515137,TRABD
0.253305459,-0.502735138,TRAM1
0.923594253,-0.640102386,TRAP1
0.587265078,-1.734512965,TRIM23
1.108174153,0.997029622,TRIM28
1.234026278,-1.314959208,TRIP13
2.422255135,-0.734268824,TRMT10C
1.07540614,-1.00876681,TRMU
0.55679304,-0.362271627,TSFM
0.61014744,-1.229260127,TSG101
1.190985767,-0.91846021,TSPYL2
0.86179192,-2.101163864,TST
0.593163701,-0.324618657,TTC13
1.233851819,-0.978422165,TUBA1B
0.928781507,-0.79328537,TUBB
0.882908886,-0.701575597,TUBB4B
4.455110156,-3.403466543,TUBB6
0.410556536,-0.792785645,TUBG1
0.266731287,-0.209579468,TUFM
4.081045622,7.216365814,TWINKLE
1.883364319,-1.232412338,TXN
0.379466982,0.484054565,TXNDC12
0.533917801,-0.894905726,TXNDC5
0.261253902,-0.744089127,TXNRD2
1.591697247,0.752105077,U2AF1
0.049505001,0.067509969,U2AF2
0.98955581,1.266745885,U2SURP
0.320971815,-0.538756053,UBAC2
0.162978454,-0.153816859,UBAP2L
0.867970213,-1.069011688,UBE2NL
1.082390561,-1.571132024,UBIAD1
0.703272751,-0.646741867,UBXN4
0.428935684,-0.91875267,UCHL1
0.400243015,-1.019357681,UFC1
1.842760558,-1.340924581,UFL1
0.408311722,-0.719315211,UGGT1
2.135401877,4.023517609,UPF1
0.237594943,-0.939053853,UQCC
0.429225933,-1.524464925,UQCR10
0.428399859,-0.729233424,UQCRB
0.43036616,-0.508681615,UQCRC1
1.397400691,-0.925268809,UQCRC2
1.804861905,1.300136566,UQCRFS1
0.463544044,-1.149541855,UQCRH
0.926522746,-0.394215902,UQCRQ
0.686020818,-1.217608134,USE1
0.212169929,-0.43779246,USMG5
0.346332331,0.383354187,USO1
2.011323311,-2.181460698,USP30
0.312164808,0.629788717,UTP11L
0.724665718,-1.138673782,UTRN
0.271406464,1.670889537,UTS2
0.620264755,-0.942525864,VAMP3
1.284267799,-0.918478648,VAMP5
0.505443196,-1.102010091,VAMP7
0.303189078,-0.573136012,VAMP8
0.698484215,-0.7579422,VAPA
0.667709863,-0.870844523,VAPB
0.147011716,0.214806239,VARS2
0.177219227,0.278847377,VAT1
0.208140672,-0.368333817,VCP
1.087231844,-1.008562724,VDAC1
2.297227362,-2.104337056,VDAC2
1.479267295,-0.901119232,VDAC3
0.087883354,-0.057849248,VIM
1.51465862,-2.064893723,VKORC1
2.097811729,-1.107276281,VMP1
1.145652631,-0.999671936,VPS16
0.35258265,-1.131811778,VPS35
2.820091226,2.15332667,VRK1
0.238808913,0.30651029,VTI1B
0.10706907,-0.18215243,VWA8
0.187501309,0.296289444,WARS2
0.207986824,-0.241374969,WASF1
0.674344127,0.8330911,WDR5
1.18425561,-1.228780746,WDR6
0.118088302,-0.325040181,WFS1
0.974169263,-3.010311762,WRB
0.828647643,-0.508775075,WWP2
0.903311567,-2.075667699,XPO1
3.526493428,12.09766515,XRCC1
3.930240794,8.627993266,XRCC5
4.203999897,9.918156942,XRCC6
0.892303891,-0.989009857,YARS
0.500154603,0.366949717,YARS2
1.606448275,-2.440280279,YBEY
1.987477841,2.070460637,YBX1
2.121416249,2.208731969,YBX3
1.064710473,-2.03551801,YES1
2.59858104,-2.082540512,YIF1A
1.809735345,-1.224641164,YIPF4
0.348673431,-1.206486384,YIPF5
2.299508401,-0.883639018,YKT6
0.800663487,-0.508584976,YME1L1
1.184973736,-1.10051473,YTHDF1
1.009424768,0.64305687,YTHDF2
0.317121112,-0.5845445,YWHAB
0.347804386,-0.712705612,YWHAE
0.511365603,-0.986693064,YWHAG
0.433649609,-1.149464289,YWHAQ
0.536907784,-1.012704213,YWHAZ
0.947459949,-1.173447927,ZADH2
0.322834121,1.187023799,ZBTB8OS
0.915490216,-0.828213374,ZC2HC1A
2.997474588,1.263781865,ZC3HAV1
1.804478292,-1.263998667,ZMPSTE24
0.50613762,-0.377453486,ZW10
2.847880608,-1.500181198,IRS4
0.707176719,-0.559796015,PNKD