minusLOG10p-value(WT vs DK84-G123),Difference(WT vs DK84-G123),Gene names
0.298771297,-0.421657562,PES1
0.309349524,-0.948116938,ARL1
0.1650521,0.356880188,PGK1
3.701557965,5.835819244,TOP1
1.592179265,-1.604430517,ARL2
0.160452584,-0.35637792,SEP-2
0.249486544,-0.796522776,MARCH5
0.58686636,0.435791016,SEP-7
0.06839655,0.107046763,SEP-9
0.081694456,0.149351756,SEP-11
0.040969449,-0.056498845,AAAS
3.573005939,-1.202025731,AARS2
3.304564795,-1.814630508,AASS
0.011737837,0.00766627,ABCA3
0.799255439,-2.250710805,ABCB10
1.17612346,0.327102661,ABCB7
0.477272044,-0.851160685,ABCC1
0.883357904,0.857299169,ABCC4
3.357409133,-0.523834229,ABCD3
2.2257503,-0.813381195,ABCE1
3.248234349,0.655439377,ABCF1
0.17763989,-0.50149854,ABHD10
0.810544836,-0.446280797,ABI1
0.887658908,-0.600917816,ACAA1
0.076343203,-0.187409083,ACAA2
0.043748336,-0.161054611,ACAD11
0.066724429,-0.145573298,ACAD9
0.699725994,-0.476534526,ACADM
0.295186635,-0.362902323,ACADSB
2.999475344,-1.253369013,ACADVL
0.96993494,-0.610321681,ACAT1
0.087055127,-0.079054515,ACO2
0.481842107,-0.601928711,ACOT1
0.00166483,0.002978643,ACOT13
1.715446934,-1.21264712,ACOT8
2.86729131,-0.932518641,ACOT9
3.951276688,-1.587932587,ACSF3
0.068263111,0.079315186,ACSL3
0.173862768,-0.581831614,ACSL4
1.376650219,-0.972593943,ACSS1
0.136445206,0.110417684,ACTA1
0.34858778,-0.272710164,ACTB
3.21085299,0.761872609,ACTG1
0.242543867,0.456220627,ACTN4
0.108618839,-0.107947032,ACTR1A
0.05186712,0.188055038,ACTR3
3.587856595,-1.391114553,ADCK3
1.369770473,-1.293027878,ADCK4
0.093585946,0.14967219,ADD1
0.619479057,-0.685125351,ADPGK
1.616321598,-0.629224777,AFG3L2
0.00363289,0.005610148,AGFG1
1.365831671,-0.746750514,AGK
0.276173822,-0.195158005,AGPAT1
0.248197388,0.684902827,AGPAT3
0.714736996,-1.692000071,AGPAT5
0.39341722,-0.187887192,AGPAT6
0.058770547,0.168586095,AGPAT9
0.118052883,0.154589971,AGPS
3.615512448,4.822398504,AGRN
0.725433815,0.519306183,AHCY
0.097035179,0.338221232,AHCYL1
0.694889237,0.637797038,AHNAK
2.276296453,-0.775490443,AIFM1
1.463644861,-1.468905131,AIMP1
0.353747837,0.614147186,AIMP2
0.248141802,0.701380412,AK2
0.331023743,1.024703344,AK3
0.476990469,-0.267424901,AK4
0.392069234,-0.602363586,AKAP1
0.213242021,0.393221537,AKAP12
0.049898651,-0.200543722,AKAP9
4.787180372,-1.504784902,ALDH18A1
0.62085104,-0.149852753,ALDH1A2
0.780095668,-0.69020017,ALDH1B1
0.857668231,-0.666863124,ALDH2
0.723941188,0.478012085,ALDH3A2
0.214125152,0.751543045,ALDH4A1
1.033420965,-1.295379639,ALDH5A1
0.469216039,-1.558535894,ALDH6A1
0.263417924,-0.648836136,ALDH7A1
0.455095813,-1.523122787,ALDH9A1
0.101005348,-0.223363241,ALDOA
2.632229655,-1.160255432,ALG1
0.277788341,0.083878199,ALG3
1.266197307,-0.423428218,ALG5
0.807911905,0.415012995,ALYREF
2.937044914,2.80738767,ANKLE2
0.279608711,1.20005544,ANKRD35
0.311719857,0.850410461,ANO6
1.08803844,-0.909813563,ANXA2
0.25763011,-0.405716578,AP1G1
0.605532946,0.562409719,AP2A1
0.207006629,-0.638553619,AP2A2
0.665664488,0.343975067,AP2B1
1.705818114,0.353033702,AP2M1
0.078485385,-0.090734482,AP2S1
1.711870898,-1.010354996,AP3B1
1.565382358,-0.847791672,AP3D1
0.524172954,-0.908809026,AP3S1
0.074147475,0.147556941,APMAP
0.041520761,-0.066176097,APOB
1.612006783,-0.756614685,APOC3
0.447921323,-0.507553101,APOL2
0.590004222,1.62530899,APOO
1.932267827,-0.897612254,APOOL
0.302775089,-0.568639755,APRT
1.759179638,-0.534771601,ARCN1
4.537103034,-1.411204656,ARF3
2.729041867,-0.866864522,ARF4
2.986351362,-1.525906881,ARF5
2.293384756,-1.432811737,ARF6
2.496933683,-0.986059189,ARFRP1
0.872463263,1.547173182,ARG1
0.022139409,0.024548848,ARGLU1
1.624895422,-0.53436025,ARHGEF2
2.361192124,-1.089154561,ARL13B
0.431600539,-0.434935252,ARL8A
1.549798386,-0.774918874,ARL8B
0.091937777,0.287356059,ARMC1
0.0843396,-0.076003393,ARPC1A
0.95289377,-0.937736511,ART4
1.243778176,-0.670935949,ASNS
0.315647952,0.594547272,ASPH
1.829772029,-0.565003077,ATAD1
1.944770616,-0.853541692,ATAD3A
0.961890122,-2.268237432,ATAD3B
0.319838593,-0.530457815,ATL2
0.298315162,0.325087865,ATP13A1
0.500240188,-0.395922343,ATP1A1
1.356998427,-0.712344488,ATP1B1
0.224468744,-0.2566878,ATP1B3
3.157591564,-0.491779327,ATP2A2
1.243754439,-0.688387553,ATP2B1
0.314798132,-1.011870066,ATP2B4
0.844799149,-0.939606984,ATP2C1
2.308104808,-0.849849701,ATP5A1
1.518173045,-0.785633087,ATP5B
3.25512651,-1.147411346,ATP5C1
0.222367726,-0.21227328,ATP5D
0.234838555,-0.11530304,ATP5E
0.565508133,-0.599550247,ATP5F1
0.294222778,0.36077563,ATP5H
0.085575839,0.089689255,ATP5I
0.280725473,0.612901052,ATP5J
3.266466499,-0.744176229,ATP5J2
0.02939019,0.02459844,ATP5J2-PTCD1
0.123447218,0.196161906,ATP5L
0.913095784,-0.391817093,ATP5O
1.43122182,0.957607905,ATP6AP2
0.074417565,0.189294815,ATP6V0A1
0.099414258,-0.153356552,ATP6V0D1
1.024334185,0.651597977,ATP6V1A
0.29475394,-0.276013056,ATP6V1B2
0.360921906,-0.657640457,ATP6V1E1
0.259446971,-0.979158401,ATP6V1G1
0.216799593,-0.191577276,ATP6V1H
2.769448281,-3.238201141,ATPAF1
0.075830583,-0.147385279,ATPIF1
0.146790575,0.217651367,ATXN2L
1.042916337,-0.196243922,AUP1
2.448999904,-1.942703247,AURKAIP1
0.393360308,0.476783117,B3GAT3
1.956764379,1.018632889,BAG2
0.03710802,-0.079444249,BAIAP2L1
2.684713386,4.716652552,BANF1
0.211128813,-0.301516851,BASP1
0.209965044,0.277046839,BCAP31
2.223576961,-1.732369105,BCKDHA
1.388960936,-1.415843328,BCKDHB
1.862790297,-1.282392502,BCKDK
1.57873243,2.362070719,BCLAF1
0.134252593,0.244215647,BET1
1.571543702,0.984881719,BNIP1
2.620704846,2.000404358,BRI3BP
0.079975343,0.184348424,BSG
2.564362118,6.746555964,BTAF1
0.388331746,-0.735813777,BUD31
1.784085634,-0.652187983,C11orf48
0.251558334,-0.453566869,C16orf58
0.358846206,0.481883367,C17orf62
0.091597632,-0.42943128,C19orf10
2.362675613,-1.153224945,C19orf52
1.025915968,-0.734125137,C19orf53
0.369238112,0.368729909,C1QBP
0.542196957,-0.682664871,C21orf33
0.704236748,-0.278547287,C22orf28
2.997255969,-1.272873561,C2orf47
1.028356003,-1.674321493,C6orf120
0.406397433,0.777968089,C8orf33
1.030051289,-0.499158859,C9orf114
1.483984998,-0.777921041,CAD
0.054691442,-0.12701416,CADM1
0.238155104,-0.70293045,CALD1
0.412655092,-0.463541667,CALM1
0.221369547,0.421581904,CALR
0.048668263,-0.115434647,CALU
0.476894085,0.298748016,CAMLG
0.001866809,-0.010755539,CAND1
0.080606798,0.087867737,CANX
0.03776637,-0.043116887,CAP1
0.420648914,0.5056928,CAPRIN1
0.077877518,0.040129344,CAPZA1
0.275163007,0.451005936,CAPZB
0.004055361,-0.002532959,CARS2
0.519874261,1.503246943,CASC4
0.019678879,0.059082667,CASK
0.194257003,0.098236084,CAV1
0.483592577,0.353164673,CBR1
3.631044492,6.760135651,CBX3
1.795559425,-1.405701955,CCDC109B
0.046371913,-0.107327779,CCDC124
0.72744729,-0.492984136,CCDC137
1.698708887,-1.514134089,CCDC18
0.281736236,-0.804720561,CCDC22
0.554096969,-0.318476359,CCDC47
0.840258483,0.42804273,CCDC51
0.609950647,-0.436455409,CCDC59
0.335783899,-0.356959025,CCDC8
0.409353896,0.212712606,CCDC86
1.044426985,0.383501689,CCNB1
0.071790457,-0.06509908,CCT2
0.384955559,-0.313822428,CCT3
0.838967922,-0.52485021,CCT4
0.023177194,-0.019426346,CCT5
0.760515708,-0.452663422,CCT6A
0.391822749,0.3865846,CCT7
0.221152903,0.255055745,CCT8
0.205015281,0.4422671,CD151
1.07257337,-0.665610631,CD44
0.405447008,0.571111679,CD81
0.820457561,-0.739119848,CDC42
2.833163308,-1.22647349,CDC42EP1
0.338624246,0.849314372,CDH2
5.284387653,-1.057568868,CDIPT
2.809215214,-0.512664795,CDK1
0.105730589,-0.290723801,CDK17
2.832780127,-2.054004033,CDK5RAP1
0.008976127,0.045024872,CDK5RAP3
3.51104043,2.332605362,CDKAL1
0.857109354,-0.300254186,CDS2
3.441719379,-1.089176814,CECR5
1.074504283,-0.807877223,CEPT1
0.864365281,0.588902156,CERS2
3.088004371,-1.534201304,CFL1
0.492098528,-1.249300639,CFL2
0.935042642,-0.461698532,CHCHD3
0.656418144,0.46579361,CHCHD6
2.371308573,2.441271464,CHD4
1.065129785,1.460863113,CHID1
4.419189998,6.180986404,CHMP1A
2.764996643,5.077927272,CHMP4B
0.323445775,0.890387217,CHP1
0.746694035,0.300792694,CHPT1
0.304125248,-0.203252157,CHTOP
0.477304159,-1.197942098,CISD1
1.164148431,2.147218068,CISD2
0.494556254,-1.073508581,CISD3
1.67928183,2.257981618,CKAP2
0.048260777,-0.041054408,CKAP4
0.028044388,-0.097892125,CKAP5
0.332290645,0.728716532,CKB
0.177901653,0.254840851,CKMT1A
1.902290639,1.561967214,CLCC1
0.26487277,-0.634129842,CLGN
0.074446375,0.180884679,CLIC4
1.49267646,0.690039317,CLINT1
0.21993209,-0.13269043,CLN6
0.004596593,0.003348668,CLPB
0.029165815,0.051409403,CLPP
0.33161712,-0.513477325,CLPTM1
0.147721247,-0.270655314,CLPTM1L
2.684726578,-1.29140536,CLPX
0.059805575,0.03989474,CLTA
0.207022876,0.124685287,CLTB
0.231222577,0.181738536,CLTC
0.516595599,-0.782907486,CMC2
0.246936853,-0.340061824,CMTM4
1.139477349,0.482273738,CNBP
1.413235281,-2.560499191,CNIH4
0.255289676,-0.499592463,CNNM3
2.788257826,-1.310004552,CNP
0.176001791,0.507072449,CNPY2
0.024717486,-0.054388682,COA3
0.210792172,0.961744308,COA6
0.044247828,0.082670848,COL14A1
0.407382355,0.499219259,COLGALT1
0.471153593,0.532026927,COMT
0.063676814,0.031373978,COPA
0.89581009,-0.465883255,COPB1
0.515829014,1.23651886,COPB2
0.787351639,-1.055701574,COPG1
1.128184598,-0.966562271,COPG2
1.151537855,-0.95558993,COQ5
0.406706867,-1.269281387,COQ6
0.661702807,1.047636032,CORO1C
1.139423686,-1.938430786,COX11
0.153672898,0.173841476,COX15
0.187595484,-0.513825734,COX17
0.734204612,-0.708110174,COX4I1
0.47606172,-0.542998632,COX5A
1.483389108,-0.470530192,COX5B
0.136639407,0.511345545,COX6B1
0.200865627,0.284486771,COX6C
1.19282327,-0.742825826,COX7A2
0.381430017,-0.568689982,COX7A2L
0.985963076,-0.524240494,COX7B
0.653819538,0.625343323,COX7C
0.093226062,-0.202148438,CPD
0.004728206,-0.004554113,CPT2
0.929993677,1.817792257,CPVL
0.527589265,1.457743963,CROCC
0.040577345,0.088879267,CRTAP
0.042121083,0.106089274,CRYZ
0.438089773,0.634271622,CS
0.769505692,-1.532072703,CSNK1G3
0.245706547,-0.03711764,CSRP2
0.387347634,0.255418142,CTAGE5
0.040062756,-0.118460973,CTNNA1
0.013221089,-0.035419464,CTNNB1
0.344027941,-0.26974233,CTNND1
3.192503902,-0.982193629,CTPS1
0.099816244,0.495370229,CTSD
0.084124694,0.171278636,CTTN
0.112059944,0.306289673,CUX1
0.462145588,1.496289571,CYB5A
0.44346107,0.359312693,CYB5B
0.190641635,0.588661194,CYB5R1
0.117915463,0.227019628,CYB5R3
0.132990542,-0.307342529,CYC1
0.076988845,0.380345662,CYCS
0.31462221,0.547315598,CYFIP1
1.811741314,-1.802740097,DAAM1
0.439256583,1.766352336,DAD1
0.343575264,0.283325195,DAP3
0.356597201,0.125815074,DARS
2.840525477,-1.337495168,DARS2
1.79038017,0.938817342,DBN1
0.862275216,-0.409838359,DBT
1.083648214,-0.672997157,DCAKD
0.666461715,-0.924287796,DCD
0.576643773,-0.411916097,DCTN1
0.110873795,-0.246327718,DCTN2
0.02670611,0.044553121,DCXR
0.199042766,-0.243284861,DDOST
0.5099982,0.67064031,DDRGK1
0.223427356,-0.508794785,DDX1
2.578296855,0.530439377,DDX17
1.048443709,-0.830746333,DDX19A
3.442460056,1.937922796,DDX21
3.606381117,-1.198196411,DDX28
3.101403584,0.758771261,DDX39B
2.165742921,-0.649192174,DDX3X
1.630116525,-1.305445989,DDX46
0.87051468,-0.197934469,DDX5
0.438519612,0.342241923,DDX50
0.66534472,0.898654302,DEK
0.370288486,0.543583552,DENR
0.13381865,-0.138969421,DHCR24
0.841740428,-0.295582453,DHCR7
0.928997873,-0.780306498,DHRS13
0.457740956,1.101237615,DHRS4
2.869374651,-0.976147334,DHRS7B
1.090553127,-1.713703791,DHTKD1
0.392420019,-0.084794362,DHX30
1.186736588,-0.561920166,DHX36
4.34073402,1.966365814,DHX9
0.148172887,-0.307822545,DIABLO
0.083158431,-0.252744675,DIAPH1
2.662000616,-1.017276764,DLAT
2.736444345,-0.628598531,DLD
0.300498152,0.467299779,DLG1
0.783205656,-0.828119278,DLG3
1.980150371,-0.633949916,DLST
0.031810118,-0.022227605,DMD
0.168485469,-0.224133174,DNAJA1
1.535869518,-0.750852585,DNAJA2
1.325375834,-0.777005514,DNAJA3
1.480039652,-0.573385239,DNAJB11
1.71752284,1.513076782,DNAJB12
1.033685297,1.502658844,DNAJB6
0.035691895,0.042365392,DNAJC1
2.763372754,0.412729263,DNAJC10
2.303147649,-0.709110896,DNAJC11
0.179291291,-0.409119288,DNAJC13
0.377887893,0.412415822,DNAJC16
0.356529235,1.024150848,DNAJC19
0.248710513,0.297040304,DNAJC3
0.610945071,-0.519277573,DNM2
0.412334452,0.930210114,DPAGT1
2.713607682,-0.765274048,DPM1
0.396290779,0.327912649,DPM3
0.284919418,-0.546480179,DPYSL2
0.059224127,-0.027783076,DSG2
0.074318572,0.134380341,DSP
1.017981979,-1.150596619,DSTN
0.334812353,-0.496078491,DTNA
0.485484606,-1.151806513,DYNC1H1
0.387853367,0.888126373,DYNC1I2
1.207256903,0.896166484,DYNLL1
2.957782617,-1.61141777,EARS2
0.157170888,0.159378688,ECH1
0.332049408,-0.289649963,ECHS1
0.434763973,-0.927628835,ECI1
0.0164058,-0.020296097,ECI2
0.086582977,0.256863912,ECSIT
2.177462816,-0.222230911,EDC3
1.113067591,-0.457678477,EDC4
0.248895283,0.48346583,EDF1
0.003903855,-0.002335231,EEA1
2.066395474,-0.955042521,EEF1A1
0.005525657,-0.006814321,EEF1D
0.338684742,1.231565475,EEF1E1
0.378022297,0.564547857,EEF1G
0.163990087,-0.189409256,EEF2
0.639776029,0.618057887,EFNB1
4.368500129,2.061069489,EFTUD2
0.521952189,-1.244972229,EHD1
1.882416418,-1.041282018,EHD4
0.63373442,0.542963028,EIF1AX
0.031519555,-0.031726201,EIF2AK2
0.481858778,0.658585231,EIF2S1
0.284014653,-0.242354711,EIF2S2
0.376523936,0.161259333,EIF2S3
0.4571433,0.714717865,EIF3A
0.098888942,-0.253428777,EIF3B
0.1319099,0.216294607,EIF3C
0.821435344,0.463041941,EIF3E
0.584697618,-0.47981898,EIF3H
0.713179346,-0.325377782,EIF3I
0.482656492,0.995697021,EIF3L
1.835786062,-1.161483765,EIF4A1
1.563881865,1.608127594,EIF4A3
0.149337439,-0.120393753,EIF4B
0.01317687,0.015729268,EIF4G1
0.607515839,1.072458903,EIF5A
1.039191411,2.733505249,EIF5B
0.77190872,1.435963949,EIF6
4.089029153,-2.048699061,ELAC2
1.161677265,0.683436076,ELAVL1
1.466660224,-0.620995204,ELOVL1
1.160441548,-0.761155446,ELOVL4
2.050152574,-1.666705449,ELOVL5
0.712671688,0.42570432,EMC1
0.051871247,0.179890315,EMC10
1.048107853,0.953558604,EMC2
0.158660853,0.179156621,EMC3
0.186477205,0.614891052,EMC4
1.137122099,0.67298317,EMC8
4.169811975,5.833924611,EMD
0.083650378,-0.215512594,ENAH
1.223697296,-0.686922073,ENO1
0.276927119,-0.584698995,EPB41
0.032535658,-0.05956014,EPB41L2
0.275118923,-0.33049202,EPB41L2
0.031704459,0.032306671,EPB41L3
0.204373456,-0.243167241,EPHA2
0.155497694,-0.519249598,EPHX1
0.686533382,0.181402842,EPRS
1.667480309,-1.490775426,ERAL1
0.259600878,-0.211390813,ERBB2IP
0.233149239,0.325422287,ERGIC1
2.390932931,-0.641218185,ERGIC2
0.000972157,0.001777013,ERGIC3
2.863658186,1.78395462,ERH
3.174836218,-0.917627335,ERLIN1
3.087141649,-1.181012472,ERLIN2
0.022215573,-0.105998357,ERO1L
0.107425294,0.354277293,ERP29
0.105735077,-0.251091003,ERP44
0.763571695,0.365543365,ESYT1
2.289910381,-0.719380061,ESYT2
0.268288654,-0.301382065,ETF1
0.703182695,-0.721337001,ETFA
0.310138463,-0.473272324,ETFB
1.403789372,-0.730093638,EWSR1
1.663569667,-1.384805044,EXD2
0.120618054,-0.12894249,EXOC1
0.061395855,0.101169586,EXOC4
1.620430424,-1.271013896,EXOC6
0.654873081,-0.611548742,EXOC7
0.735683069,-1.197224935,EXOC8
0.033688149,-0.06785202,EZR
0.261692856,-0.158334096,FAF2
1.113242205,0.505496979,FAM120A
0.628665467,-0.381158193,FAM136A
0.021622167,-0.055168788,FAM162A
3.441998951,-1.148433685,FAM57A
3.013024123,-0.599327723,FAR1
0.786129255,-0.264872869,FARP1
0.042565912,0.095977783,FAS
0.064966993,-0.113268534,FASN
2.634258104,-1.12404569,FASTKD2
0.395951956,-0.259140015,FASTKD5
0.917965182,-0.693231583,FAU
0.813529539,-0.412268957,FBL
0.638849378,0.453421275,FBLL1
0.127704418,0.261785507,FBXL20
1.290289846,1.915559769,FDFT1
0.34336555,0.411975861,FDX1
0.833611689,-0.770559311,FDXR
1.547398317,-0.590880712,FECH
0.057957455,0.197085698,FEN1
0.53265253,0.554815928,FH
1.008686763,-0.288621267,FHL1
0.560915887,0.456872304,FKBP15
0.844489532,1.577309926,FKBP3
0.143166861,-0.398220062,FKBP4
0.280928443,-0.368043264,FKBP8
0.016193865,-0.009691874,FLNA
0.112273731,-0.223070145,FLNB
0.885777878,0.291610082,FLOT1
0.437591275,0.076896032,FLOT2
0.318111208,0.571008682,FLVCR1
3.736973713,4.489652634,FMR1
1.39087631,-0.962951024,FOXRED1
1.055034283,-1.971881866,FTSJ2
0.594080376,-0.716519038,FTSJ3
1.211183667,1.383662542,FUBP3
0.590347433,-0.399821599,FUS
3.986979819,4.841386795,FXR1
3.537356182,4.10495313,FXR2
0.028283858,-0.051247915,G3BP1
0.626000446,-0.346769969,GADD45GIP1
0.200923125,0.510715485,GALNT2
0.101464722,0.096598943,GALNT7
0.006405402,-0.010484695,GANAB
0.106084064,0.191324234,GAPDH
2.575914903,-3.027299881,GARS
1.212582549,-0.897797267,GART
0.071691825,0.326154709,GBA
0.422061454,-0.241135279,GBAS
1.164821968,-1.446411133,GBF1
1.015306162,-0.703590393,GCDH
0.004307212,0.006130219,GCN1L1
1.978489431,-0.775042216,GFM1
2.144231965,-1.787032445,GFM2
0.716544866,-0.470574697,GGCX
0.18271596,0.218187332,GHITM
1.672127649,-1.059615453,GK
0.658328664,2.482602437,GLA
0.145212522,-0.090485891,GLDC
0.520138677,0.60860761,GLG1
3.107205048,2.381003698,GLRX5
1.198098499,-1.81698672,GLS
0.523208581,-1.776086807,GLT8D1
2.33002596,-0.601953506,GLTSCR2
2.296984157,1.138192495,GLUD1
0.03997608,-0.226278305,GNA11
0.182702792,0.185146968,GNAI2
0.076317725,0.114062627,GNAI3
0.620344123,-0.530197144,GNAS
0.097484641,0.068762461,GNAS
0.088924264,0.117376328,GNB1
0.040439133,0.053787231,GNB2
0.531018104,-0.454733531,GNB2L1
0.067209252,0.066928228,GNB4
0.399663924,0.567883809,GNG12
0.205619666,0.391606649,GNG5
0.201636225,0.35838445,GNPAT
0.114044614,-0.150591532,GOLGA2
0.028356398,0.025567373,GOLGA3
0.182849781,0.404901505,GOLGA5
0.867007654,-1.100645701,GOLGA7
0.800765499,-0.363600413,GOLGB1
0.074078697,-0.129212697,GOLIM4
0.210617525,0.353827159,GOLM1
0.263799305,-0.534392039,GOLPH3
1.276955753,-0.949045181,GOT2
0.325330509,-0.918107986,GPD2
0.176429378,0.245640437,GPR107
1.487185006,-1.978888194,GPT2
2.549931488,-0.862903595,GPX8
2.406508475,0.922363281,GRAMD1A
0.823944332,-0.188621521,GRPEL1
3.040469611,-1.166325251,GRPEL2
0.239911493,-0.111199697,GRSF1
0.328939437,0.240362803,GRWD1
0.796417334,-1.105961482,GSK3B
0.57135756,-0.947793325,GSR
1.404145074,-0.487482071,GSTK1
3.404489327,-0.897638321,GTPBP10
0.689564628,0.399880091,GTPBP4
2.777583214,-1.407218933,GUF1
0.224979062,-0.177236557,GXYLT1
1.929443351,1.61452802,H1FX
0.893425193,1.708672206,H2AFZ
1.194877602,3.059057872,H3F3A
0.195035865,0.413775126,HACL1
0.256828568,0.551186879,HADH
1.991264667,-1.12256368,HADHA
0.192272754,-0.119421005,HADHB
0.635861436,-0.909825007,HAGH
1.85976341,-1.158072154,HARS2
0.166339153,-0.108178457,HAX1
0.152354947,0.138905207,HDLBP
0.27688457,1.396999995,HERC2
0.190118508,0.832519531,HIGD1A
0.003839755,0.026265462,HINT2
3.130652448,-1.059693654,HIP1R
2.351956918,2.130706151,HIST1H1C
2.046464304,2.115537643,HIST1H1E
4.661134036,6.674114227,HIST1H2AC
4.181504478,7.064549764,HIST1H2BJ
3.992091832,5.985574722,HIST1H2BK
3.652750707,4.475111008,HIST1H4A
3.54241389,5.369626999,HIST2H2AA3
4.03774624,4.578291575,HIST2H3A
0.559647048,-1.664363225,HK1
1.259791952,-0.638771693,HLA-A
0.756310741,-0.763342539,HLA-B
1.159270723,-0.663925807,HLA-C
0.089022394,0.072938283,HM13
1.463204747,3.49372673,HMGA1
0.520600199,0.806313833,HMGB1
0.461624998,1.132973353,HMGB2
0.278181152,-0.19177564,HMGCL
1.305775748,1.504157384,HMGN2
0.090549244,-0.186796824,HMOX2
0.317063292,-0.52123642,HN1L
0.293587131,0.4614048,HNRNPA0
2.247141013,1.40852356,HNRNPA1
2.675985433,1.428541819,HNRNPA2B1
1.398843477,2.684534709,HNRNPA3
4.334454501,3.1824042,HNRNPAB
3.198938457,2.703289032,HNRNPC
2.161514023,1.369044622,HNRNPD
1.828292248,1.960428874,HNRNPF
3.042811125,1.685297648,HNRNPH1
3.220184663,1.636399587,HNRNPH3
2.519306539,0.904436747,HNRNPK
3.809594733,2.070640564,HNRNPL
0.831921345,0.624044418,HNRNPM
1.966140753,0.831011454,HNRNPM
0.873709971,0.305121104,HNRNPU
2.632861218,4.05657959,HNRNPUL1
0.627794374,0.600566864,HNRPDL
3.74934392,-2.57543246,HSD17B10
1.557064088,-0.584482193,HSD17B12
0.131995068,0.196436564,HSD17B4
1.529394364,-1.609430949,HSDL1
2.268669973,-0.952749252,HSDL2
0.093400068,-0.147179286,HSP90AA1
0.281378559,-0.268364588,HSP90AB1
0.06072733,-0.088937124,HSP90B1
1.476748941,0.287961324,HSPA1A
0.180282961,-0.626230876,HSPA4
0.152785096,-0.095269521,HSPA5
0.452184498,0.395582835,HSPA6
1.933058267,0.294773102,HSPA8
4.105729929,-1.82484436,HSPA9
1.471607654,-0.771064758,HSPD1
0.159018536,-0.24488767,HSPE1
0.982913569,-0.674366633,HYOU1
1.474124039,-0.281424205,IARS
4.702107735,-1.758300145,IARS2
1.861588507,-0.276497523,IBA57
0.877044916,-1.282567342,ICMT
0.795916329,-0.498348872,ICT1
0.363800563,-0.339586894,IDH2
0.212752569,-0.173770269,IDH3A
3.809709747,-0.924682617,IDH3B
0.624966774,-0.776803335,IDH3G
3.395963435,2.742670059,IGF2BP1
3.095729961,3.029351552,IGF2BP2
2.978688517,2.848873138,IGF2BP3
0.000364477,-0.000559489,IGF2R
0.149017817,-0.396861394,IKBIP
3.516263025,2.346979141,ILF3
1.311010267,-0.569383621,ILVBL
1.345435345,-0.54471906,IMMT
0.494821341,-1.201901118,IMPAD1
0.111916001,-0.294258118,INPP5K
1.891814975,1.928008397,IPO5
0.475682324,-0.287351608,IQGAP1
0.584739956,-0.932718913,IQGAP2
0.554601601,-0.184952418,IRS4
2.411958854,1.094366074,ISCA1
1.331204044,-0.465240479,ISCU
1.848432466,1.38887469,IST1
0.036838078,0.080397288,ITGB1
1.159522716,-0.339531581,ITPR1
0.402069536,-0.324805578,ITPR2
0.856495039,0.373186747,ITPR3
0.021637192,-0.03259786,IVD
0.251399728,0.149379094,JAGN1
0.822288552,0.348977407,JPH1
0.027793992,-0.03835996,JUP
0.127714119,-0.196562449,JUP
0.524985173,0.19722875,KARS
0.429507425,-1.279425939,KATNAL2
1.35662217,-0.53436025,KCT2
0.565783957,-2.202693939,KDSR
1.842308173,2.356675466,KHDRBS1
0.213108779,0.238507589,KHSRP
0.054110897,0.101606369,KIAA0319L
0.962674026,0.920586268,KIAA0391
0.014664307,0.025350571,KIAA2013
0.293555617,0.429272334,KIDINS220
0.661320783,-0.853151321,KIF11
1.141740156,-1.726881663,KIF1A
0.738475279,-0.406845729,KIF2A
0.688395571,-0.74147288,KIF5B
0.448390264,-2.344324748,KLC2
0.309480518,-0.294902166,KPNA2
0.094557104,0.171587626,KPNB1
1.115014959,-0.48898379,KRAS
0.691754369,0.762024562,KRT18
1.506350678,0.449699402,KTN1
3.624939563,-1.560865402,L2HGDH
1.201443423,2.214927038,LAMB1
0.560728194,1.875443776,LAMP1
0.793387685,-1.168052673,LAMTOR1
0.318493325,-0.457543691,LAMTOR5
0.651483434,-0.158385595,LANCL1
0.286326799,0.814827601,LAP3
4.032304377,1.829687754,LARP1
0.058480869,-0.080067952,LARP4
1.221198835,-0.320951462,LARS
1.676925959,-2.630783081,LARS2
2.541441494,0.928449631,LBR
0.046888081,-0.038606644,LCLAT1
0.328833889,-0.801338196,LDHA
0.366829037,-0.566197077,LDHB
2.752833217,6.15633138,LEMD2
0.007092576,-0.015579224,LEPRE1
0.049915749,-0.106925329,LETM1
0.183400667,0.440246582,LGALS3
2.24452895,6.18259112,LIG3
1.948634277,-0.95790418,LIMA1
0.895925911,-0.866416295,LIMD2
0.008700463,-0.0137043,LIN7C
0.306669858,0.237344106,LLGL1
0.135135607,0.201694489,LMAN1
0.343368091,0.578812281,LMAN2
1.879942159,-0.350865682,LMF2
2.92180079,7.921422958,LMNA
3.538475768,2.475944519,LMNB1
2.208741567,4.071249644,LMNB2
2.126396875,-0.710731506,LONP1
0.358247105,-0.353549957,LPCAT1
0.613807474,-1.506217957,LPCAT2
0.32498023,0.787522634,LPCAT3
2.320288219,-1.047357559,LPGAT1
0.793004432,-1.273067474,LPHN2
0.012524101,0.057537715,LRPAP1
1.766353533,-0.981906255,LRPPRC
0.008386324,0.02090772,LRRC1
1.689748391,-0.937925975,LRRC16A
0.008582439,-0.03017807,LRRC47
0.65915569,0.864650091,LRRC57
0.131606442,0.094894409,LRRC59
1.116112032,-1.849170685,LRRCC1
0.983362927,1.314044317,LSG1
2.022366908,1.296604156,LSM14A
0.40373454,0.306191762,LSR
0.352510691,1.081387202,LSS
0.283469086,-0.180850983,LUC7L2
0.010695609,-0.007961909,LYN
3.303787541,1.907203674,LYRM7
0.301232643,0.606728236,M6PR
0.749802383,-0.561309814,MACF1
2.695181774,-2.428208033,MACROD1
2.09274996,-1.361900965,MAGED2
2.639343022,2.841058095,MAGOH
1.47621866,1.719514847,MAP1B
0.039578258,-0.101191203,MAP4
1.444148467,-0.348559062,MAP4K4
2.008129989,-0.746793111,MAP7
0.77532824,-1.691989263,MAPK1
0.46563597,1.14814949,MAPRE1
0.130062383,-0.176555634,MARCKS
0.095502753,-0.132436752,MARCKSL1
0.166043652,-0.117593765,MARK2
0.302712284,-0.238371531,MARK3
0.508023723,0.15473175,MARS
2.844920249,2.150085449,MATR3
0.900821027,-0.921941121,MAVS
0.048452645,-0.073685328,MAZ
0.717007053,0.44069163,MBOAT7
0.333008999,-0.195651372,MBTPS2
0.131924847,0.265820185,MCAT
3.017944916,-2.591991425,MCCC1
4.671251683,-1.819375992,MCCC2
0.311774636,0.322710673,MCM5
3.287566549,-1.455170314,MCU
0.039486119,0.07085673,MDH2
3.522674931,3.497627894,ME2
0.22929319,0.511311849,MESDC2
1.661123764,-0.814211528,METTL15
0.556537485,-0.79805692,METTL17
1.992216374,2.597884496,MFAP1
0.233086762,0.268128077,MFF
2.994804848,-1.371305466,MFN2
0.121743495,-0.21340243,MFSD8
0.254118381,0.733465195,MGAT2
0.839034839,-0.79121081,MGME1
0.118275039,-0.480215073,MGST3
1.627914841,0.640916824,MIA3
0.514568525,0.764214834,MINOS1
0.738118005,-1.196732203,MIPEP
1.9405747,1.101979574,MKI67
0.195499668,-0.239183426,MLEC
0.187439106,-0.219672521,MLLT4
0.416633747,-1.530400594,MMAB
0.086199635,0.100072225,MMTAG2
0.328172752,-0.365500132,MNF1
0.855134767,1.172526042,MOGS
0.163780119,-0.376674652,MOSPD2
2.962130292,5.075202942,MOV10
0.112996007,-0.053373973,MP68
2.043536354,-1.189244588,MPC2
0.047927717,-0.048416138,MPDU1
0.100751925,-0.144704183,MPP2
0.109601228,0.241433462,MPP6
0.177771337,-0.692125956,MPZL1
3.485371521,-0.838956197,MRP63
0.264384088,0.280974706,MRPL1
0.319334787,-0.251405716,MRPL10
2.198000798,-0.576909383,MRPL11
1.398944951,-1.309335073,MRPL13
1.197500462,-0.586760203,MRPL14
0.045389424,0.015923182,MRPL15
1.958059031,-0.748961131,MRPL16
0.485574564,0.276285807,MRPL17
0.41456563,-1.491047541,MRPL18
0.041394553,0.078659693,MRPL19
0.222673845,0.189439774,MRPL2
0.007788006,-0.012362798,MRPL20
0.484140725,-0.264450073,MRPL21
1.428537761,-0.489198049,MRPL22
0.753818794,-0.125787099,MRPL23
0.020880302,-0.015901566,MRPL24
0.000751576,0.000485102,MRPL27
1.09640588,-0.597784678,MRPL28
0.380920891,0.737340291,MRPL3
2.078092433,-0.724444071,MRPL30
1.143543032,0.528027217,MRPL32
1.838930729,-1.0435613,MRPL33
0.122995563,-0.050007502,MRPL35
0.615474897,-2.443215688,MRPL36
3.305614296,-1.032871246,MRPL37
0.430324728,0.340609233,MRPL38
0.300638179,-0.114390691,MRPL39
0.117545202,-0.12915802,MRPL4
0.467184922,-0.273282369,MRPL41
0.06763048,0.04437383,MRPL42
0.904812447,0.185921987,MRPL43
0.264606924,0.127722422,MRPL44
0.653900148,-0.160616557,MRPL45
0.459776124,0.31006368,MRPL46
0.334951813,-0.123376211,MRPL47
0.325930268,-0.193569183,MRPL48
0.99429846,0.325368881,MRPL49
0.820128495,-0.274794896,MRPL50
0.737439336,0.129426956,MRPL53
1.074300765,-0.356959025,MRPL55
1.722356213,-0.772239049,MRPL9
1.436330414,-0.791703542,MRPS11
1.081447511,-1.269418716,MRPS12
0.084776333,-0.04027621,MRPS14
0.832372029,-0.279778163,MRPS15
1.489348617,-0.649066289,MRPS16
0.010672133,0.006053925,MRPS18A
0.268132909,0.205947876,MRPS18B
0.024779693,-0.011868795,MRPS2
0.027442263,0.017211278,MRPS21
0.990033394,0.410828273,MRPS22
0.98245452,0.350639343,MRPS23
1.93457448,-0.604904811,MRPS24
0.941469533,0.580119451,MRPS25
0.123092747,-0.040626526,MRPS26
0.724068662,-0.209922155,MRPS27
0.862371931,0.318490346,MRPS28
2.080664165,-0.770284653,MRPS30
2.039043637,0.48178037,MRPS31
0.779422561,-1.020856222,MRPS33
0.469115608,0.261389414,MRPS34
2.454062277,-0.808692296,MRPS35
0.518544817,-0.427628199,MRPS36
2.406946241,-0.554234823,MRPS5
0.824566197,0.30147171,MRPS6
0.201578671,0.163406372,MRPS7
2.502607114,0.575043996,MRPS9
2.212570555,1.607777278,MRTO4
0.457349514,2.0859375,MSH2
0.092224493,0.253714879,MSN
0.069792084,-0.189838409,MSRB2
0.502447716,-0.388292313,MST4
0.660033445,-1.491299947,MT-ATP8
0.058525297,-0.242082596,MT-CO2
0.921179068,-0.843833923,MTCH1
0.729744788,-0.697523753,MTCH2
1.371540103,0.622172674,MTDH
0.09241871,0.174804052,MTFP1
0.381716303,-0.487851461,MTFR1L
2.234805424,-1.848580678,MTG1
1.34125967,-0.915299733,MTHFD1
2.649143834,-2.578881582,MTHFD1L
5.934582427,-2.523753484,MTHFD1L
2.245267284,-1.974802653,MTHFD2
4.003766739,-4.680080414,MTIF2
2.245200076,-1.1504275,MTO1
0.089710889,0.061654409,MTOR
1.932641051,-0.657463074,MTPAP
0.545549177,1.886190414,MTX1
0.836757278,-1.182866414,MUT
1.548925804,0.679197311,MYBBP1A
0.206064361,0.117726644,MYH10
0.020656129,0.009293874,MYH9
0.756058691,0.833924611,MYL12B
0.390724381,0.126159032,MYL3
0.086541508,0.023281097,MYL6
2.030726047,-1.703343074,MYO19
0.128254997,-0.122943242,MYO1B
0.064719575,0.052159627,MYO1C
1.355628651,-1.509131114,MYOD1
0.448888308,-1.126228968,NACA
0.500007381,-0.465342204,NADK2
1.20079345,-2.187582652,NAMPT
0.034571352,-0.137676239,NAPA
0.036685392,-0.112322489,NAPG
2.26569344,-1.082038244,NARS2
0.489176523,-0.409613927,NAT14
0.701695412,0.966203054,NBAS
0.222169994,-0.651054382,NCAM1
0.100748552,-0.142681122,NCKAP1
1.892350498,0.96818924,NCL
2.203337515,-0.81780688,NCLN
2.425134646,0.831015905,NDC1
2.782009049,-1.298344294,NDUFA10
2.10599315,-1.59281985,NDUFA12
0.797652569,-0.496762594,NDUFA13
0.541014733,-1.937770844,NDUFA2
2.235892476,-1.075052897,NDUFA4
0.940439016,-0.367862701,NDUFA5
2.878596354,-2.636746089,NDUFA6
0.839893024,-1.515200297,NDUFA7
2.563188688,-1.377456665,NDUFA9
0.091081643,0.092692693,NDUFAF2
0.401277365,-0.4057827,NDUFAF3
0.542897918,-0.908850988,NDUFAF4
0.644837279,-0.514371872,NDUFB10
0.355936282,-1.137259801,NDUFB11
0.366359146,-1.17514801,NDUFB4
0.099945092,-0.173320134,NDUFB7
0.144208505,-0.349497477,NDUFB8
3.39141739,-0.849998474,NDUFS1
1.834001634,-1.059428533,NDUFS2
1.001453899,-0.607605616,NDUFS3
0.432766629,-0.641667684,NDUFS4
0.22846714,-0.299508413,NDUFS5
1.3890741,0.711057663,NDUFS6
1.922772602,-0.924366633,NDUFS7
0.360061284,-0.304824193,NDUFS8
3.365056296,-0.947428385,NDUFV1
1.410299688,-1.142641703,NDUFV2
0.54982676,-0.392513911,NDUFV3
0.080960001,0.434503555,NENF
3.230991373,1.328306198,NEURL4
0.968374623,-0.311928431,NFS1
1.924024315,0.514320374,NFXL1
3.907196123,2.193488439,NHP2L1
0.812430522,-0.692399343,NIPSNAP1
4.503700608,-1.22362709,NLRX1
0.13152911,-0.384556452,NME2
2.162987112,-2.039022446,NME4
1.29092157,-0.85446612,NNT
0.19038757,-0.283243815,NOA1
3.830391556,-1.482802709,NOB1
0.78781733,-0.482346217,NOC3L
0.118216398,-0.145314535,NOL7
1.100392447,1.352001826,NOLC1
0.165597353,0.265200933,NOMO1
0.074246402,-0.036845525,NONO
0.121444519,0.202395757,NOP16
2.221639178,2.100001653,NOP2
3.038328576,2.443540573,NOP56
1.659305824,3.058996201,NOP58
0.572972306,-0.597503026,NPEPPS
1.037150995,0.29405276,NPM1
0.227740677,0.260848363,NPTN
1.673470333,-1.147456487,NRAS
2.53523251,-1.3199145,NSA2
0.8904862,0.587893168,NSDHL
1.457971749,-0.839394252,NSF
3.849475749,-1.505404154,NSUN2
0.814599354,0.766162872,NT5DC2
2.127892434,-1.574150085,NTPCR
2.0821031,-0.838481903,NUBPL
0.099086,-0.581992467,NUCB1
0.3862372,0.60114034,NUCB2
0.082090317,0.184585571,NUDC
0.714617921,-0.535814285,NUDT19
0.490439741,0.239157995,NUMA1
0.653653905,-1.631450653,NUMB
1.076114771,0.904773712,NUP107
0.559625613,1.160680135,NUP133
0.108393722,0.171607971,NUP155
0.277424661,-0.256470998,NUP205
0.213867907,0.376866023,NUP210
0.709410499,0.93364652,NUP214
0.524125193,-0.451409658,NUP35
0.048417763,-0.138159434,NUP62
1.193154717,0.745257696,NUP88
1.939449204,-0.469312668,NUP93
1.340510856,0.564183553,NUP98
0.032802094,-0.02446874,NUPL1
0.694063637,-0.716236115,NUSAP1
0.752672497,-0.618232091,NXF1
0.042305863,0.035912196,OAT
0.327750196,-0.710411072,OCIAD1
0.128356008,0.278331121,OCLN
1.071151982,-0.757997513,OGDH
0.815898273,-0.387091319,OPA1
2.184782746,-0.667279561,ORF1
0.018598543,0.05413564,ORMDL1
0.295465204,0.363465627,OSBP
0.603745532,-1.434448242,OSBPL3
2.577097764,-0.807978312,OSBPL8
0.255110859,0.317416509,OSBPL9
0.494818191,-1.344113032,OXA1L
0.548423818,-0.736771901,OXCT1
0.070151261,-0.188622793,P4HA1
0.114260781,0.214601517,P4HB
0.189953629,0.350384394,PA2G4
3.058735013,2.359726588,PABPC1
3.721924267,2.850782394,PABPC4
0.092255064,0.351570765,PACSIN2
0.505322285,0.614010493,PACSIN3
0.177536152,-0.638158162,PAICS
1.670055291,-0.64737765,PAK4
0.326991531,-0.566755931,PAM16
0.19784998,-0.124035517,PARD3
1.703908469,-0.737696966,PARK7
2.872893019,5.975961685,PARP1
4.427911684,-1.531939189,PC
2.638774502,-0.209821065,PCBP1
0.640356189,-0.326393763,PCBP2
0.59163945,-1.618041992,PCCB
2.170735886,-1.621266047,PCK2
3.492982949,-1.166134516,PCMT1
3.00222549,2.905186971,PCNA
0.761782904,0.79304568,PCYOX1
0.13300451,-0.639288584,PDCD5
0.638373324,-0.811381022,PDCD6IP
1.612127482,-1.076284409,PDE12
3.435977972,-0.878147761,PDHA1
1.342875174,-0.556524913,PDHB
3.036120537,-1.142779032,PDHX
0.108740316,0.236912409,PDIA3
0.074751564,0.182331721,PDIA3
0.022132037,0.049901962,PDIA4
0.240514409,-0.192860921,PDIA5
0.540218393,-0.540859858,PDIA6
0.773952109,-1.494202296,PDK1
1.293868515,-0.673743566,PDK3
0.110206455,0.251173655,PDLIM1
0.166467279,0.41293335,PEBP1
1.791576841,-1.440684636,PELO
1.22905933,-0.724914551,PEX1
0.064177507,-0.124578476,PEX11B
0.550226345,0.86052386,PEX14
0.178679313,-0.153516134,PEX6
0.69178075,-0.842250824,PFKL
0.430423918,-0.763689677,PFKM
0.72193519,-1.144053777,PFKP
0.311546798,1.21976916,PFN1
0.177515963,-0.186831156,PGAM1
3.10403148,1.852542877,PGAM5
0.267345336,0.257036845,PGRMC1
0.154703058,0.269049327,PGRMC2
0.384461716,-0.144167582,PGS1
2.14895491,-0.622731527,PHB
3.19513425,-0.836776098,PHB2
0.524550678,0.87650617,PHF6
2.533129868,-1.358456294,PHGDH
0.84225147,2.161586126,PI4K2A
0.302245052,-0.777622223,PI4KA
0.046294573,-0.125270208,PICALM
1.502167355,-0.92678833,PIGK
0.038114053,0.071498871,PIGS
0.054885055,-0.177343369,PIGU
0.321804461,0.526159286,PIK3R2
0.072680855,-0.192959468,PIN1
1.672802524,-0.462548574,PIP5K1A
1.16215569,-0.676493963,PISD
0.578809847,-0.521977743,PITRM1
2.301272807,-1.011274974,PKM
0.029079241,0.056498845,PKN2
0.125112533,0.063540141,PKP2
1.315757374,-0.57672437,PKP4
0.052364514,-0.141070684,PLD3
0.730525764,-0.905536016,PLGRKT
1.037675618,0.433141708,PLOD1
0.621888137,0.607123693,PLOD3
0.794490228,1.134052912,PLS3
0.091565865,0.079540253,PLXNA1
0.023091229,-0.062754313,PLXNB2
0.117620391,-0.215174357,PMAIP1
0.383586592,-0.199382146,PMPCA
1.311379327,-0.649206797,PMPCB
0.562617538,0.342423121,PNN
4.383563892,4.32499822,PNPLA6
1.545969629,-0.615983327,PNPT1
0.155385246,0.291241964,PODXL
2.073605471,-1.0251592,POLDIP2
0.088643612,0.228485107,POLDIP3
3.31364916,5.322877884,POLG
0.520242996,-0.278025945,POLRMT
0.045939532,0.040114721,PON2
0.255444996,0.64441363,POR
0.379594717,-0.520752589,PPA1
0.856647419,-0.507549286,PPA2
1.933454853,-1.081004461,PPAPDC2
0.727323294,-0.820536931,PPFIA1
0.184664689,-0.177616119,PPIA
0.008864807,-0.02150027,PPIB
1.293255157,-0.943622589,PPIF
1.680917117,-0.879366557,PPOX
1.686465853,0.701482773,PPP1CC
0.392088489,-1.464809418,PPP1R12A
0.075720296,-0.091327031,PPP2R1A
0.010562888,0.011248271,PPP2R2A
0.5611026,-1.107459386,PRAF2
0.707955392,1.009145737,PRCP
0.124957388,0.166176478,PRDX1
0.452878846,-0.649628321,PRDX2
0.666413496,-0.573464076,PRDX3
0.079006384,-0.141462962,PRDX4
1.267588077,-1.175867081,PRDX5
0.093965852,-0.170401255,PRDX6
0.160185889,-0.696240107,PREB
0.48257326,-1.289236069,PRKAA1
0.427087122,-0.554045359,PRKACA
0.059875743,0.18672053,PRKAG1
0.211638392,0.773573558,PRKAR2A
0.228062963,-0.26692454,PRKCD
0.929447094,-1.022815069,PRKCH
0.234236719,-0.181328456,PRKCI
0.020541042,-0.047382991,PRKCSH
3.586153965,1.748996735,PRKDC
1.948755434,1.357954025,PRPF19
0.652555837,-0.711803436,PRPF38B
0.099296536,0.084007899,PRPF40A
2.094922007,2.815682093,PRPF8
3.561751639,6.014533361,PRPS1
0.017640824,-0.017754873,PRR11
2.694077944,2.612506866,PRRC2C
0.704957513,-0.484109243,PSEN1
0.610145684,-0.482329686,PSMA7
0.801586977,0.622862498,PSMD2
2.122121717,1.216084798,PTBP1
0.40819802,0.147104899,PTCD3
1.063884137,-0.533407847,PTDSS1
0.493486274,1.062076569,PTDSS2
0.190093698,0.204762141,PTGES2
0.156831699,-0.381200155,PTGFRN
0.088421568,-0.166538874,PTK7
0.485949137,-1.423156738,PTMA
2.250198828,-0.479659398,PTPLAD1
0.693136856,-0.627986272,PTPLB
0.784322295,-1.652499517,PTPMT1
0.013296038,0.012700399,PTPN1
1.719612192,-2.217968623,PTPN13
0.205900717,0.723494848,PTPRF
0.025252189,0.114137014,PTRF
0.226445373,1.008317947,PTRH2
1.646549722,-0.404678981,PUF60
1.228546899,0.274504344,PUM1
2.449831845,-0.965133031,PUS1
0.030692182,-0.084314346,PVR
2.704349897,-0.991137822,PYCR1
1.884133212,-1.135616938,PYCR2
0.667930812,0.886282603,QARS
1.30613131,-0.242392222,QIL1
0.141675191,0.438694,QRSL1
0.143942755,-0.508799871,QSOX2
1.151071699,-0.496364594,RAB10
0.57064804,-0.504440308,RAB11A
1.884089069,-1.414790471,RAB12
2.007662409,-0.92199262,RAB13
1.246555021,-0.931338628,RAB14
2.875866102,-0.857138316,RAB18
3.4063556,-1.266909281,RAB1A
0.98371918,-1.161991755,RAB1B
2.750641075,-1.353539149,RAB21
0.169266631,0.67559878,RAB23
0.913827763,-0.657787959,RAB2A
2.198639339,-1.342048645,RAB33B
3.04902971,-0.906327566,RAB34
2.86523118,-1.302178701,RAB35
1.324591623,-0.822109858,RAB39A
0.611420565,-0.421861649,RAB39B
0.773120863,-1.783696493,RAB3D
3.242761837,-2.071797689,RAB43
0.031043178,0.10403951,RAB4A
2.033702127,-1.349805196,RAB5A
1.434619126,-1.136864344,RAB5B
2.013045068,-1.111658732,RAB5C
3.102029263,-1.364439646,RAB6A
0.650678995,-1.370421092,RAB6B
1.189823938,-1.35401535,RAB7A
1.529851081,-0.754748662,RAB7L1
2.343990104,-0.954933802,RAB8A
3.371375462,-1.557955424,RAB9A
1.204099737,-0.593851089,RABL3
0.628724644,-0.520056407,RAC1
0.166366966,0.182646434,RAD50
0.170415459,0.113793691,RAE1
1.334143103,-1.757685979,RAF1
0.233881667,-0.118970235,RAI14
0.056372266,-0.065132777,RALA
0.593042731,-1.028746287,RALB
3.815148201,4.079047521,RALY
1.752479114,-0.788180669,RAN
0.083076878,-0.162612279,RANBP1
0.075358026,0.041818619,RANBP2
0.219787897,0.163567861,RANGAP1
0.011429429,-0.013406754,RAP1A
0.134276557,0.152797699,RAP1B
2.169786308,-1.502554576,RAP2B
1.961108638,-1.835494359,RAP2C
0.427981921,0.202777863,RARS
3.852256328,-2.054084778,RARS2
0.033434059,-0.113643646,RAVER1
3.374253837,1.864943186,RBBP4
0.934157046,-0.781406403,RBFA
0.014640164,-0.060359319,RBM14
1.331266222,-0.993719737,RBM39
2.407308132,1.468283971,RBMX
2.24364929,1.323865891,RCC2
0.038430673,0.079017639,RCN1
0.128015396,0.305754979,RCN2
0.023776263,0.035591125,RDH11
0.012388255,0.028106054,RDH13
0.341015005,0.279678981,RDH14
0.073825173,-0.20009168,RDX
3.469505793,4.972672145,REEP4
0.200443622,0.498685201,REEP5
0.35597861,-0.362250646,RER1
4.19076241,9.305436452,RFC1
0.067370867,0.110717138,RFT1
0.448334129,-0.667357127,RFTN1
0.650205399,0.36962827,RHBDD3
0.330032948,0.084129333,RHBDF1
0.644366757,0.588540395,RHBDF2
2.740673004,-1.027964274,RHEB
2.949911519,-0.895844142,RHOA
1.888160734,-1.581689199,RHOB
3.295929754,-1.043753942,RHOC
1.603565561,-1.237149556,RHOG
2.388270554,-1.304493586,RHOT1
4.07986542,-1.747609456,RHOT2
0.035858275,-0.083559672,RITA
0.12196989,0.708350499,RMDN3
0.228186225,0.300333023,RNF5
0.934526381,-0.398053487,RNMTL1
0.23019403,-0.306693395,RNPS1
0.022577467,-0.036125819,ROCK2
4.744706337,7.146551768,RPA1
1.273488355,-1.031847,RPIA
0.172179001,-0.092439016,RPL10
2.173578621,0.850933075,RPL10A
3.41195758,-1.497440338,RPL11
2.2762121,-1.292871475,RPL11
2.239317331,0.803265254,RPL12
0.805422934,-0.765480042,RPL13
1.87759219,0.457780202,RPL13A
0.767675252,-0.468506495,RPL14
2.23356194,0.459234873,RPL15
0.978239739,-0.902370453,RPL17
1.204799317,-0.57399114,RPL18
1.480435894,-0.673417409,RPL18A
0.391379576,-0.345263163,RPL19
1.739230078,-1.236315409,RPL21
3.469737023,-0.82758077,RPL22
2.07507837,-1.201312383,RPL23
2.601871408,-1.285053889,RPL23A
1.393059658,-0.851593018,RPL24
1.367933528,-1.148273468,RPL26
2.669027199,-0.651930491,RPL26L1
0.298863958,-0.142426809,RPL27
1.335564662,-0.679693858,RPL27A
1.383557324,-1.108945847,RPL28
2.529848472,-1.539909363,RPL29
2.150934783,0.490449905,RPL3
3.092200325,1.380847931,RPL30
1.671611354,-1.181470235,RPL31
2.740604933,-1.14203008,RPL32
1.121807899,-0.610349655,RPL34
2.300477419,-0.990576426,RPL35
0.783555056,0.468170166,RPL35A
1.848933838,-1.793167114,RPL36
2.213709108,-1.114022573,RPL36A
0.628210304,-0.938990275,RPL36AL
0.945367383,-1.087144852,RPL37
0.995783276,-0.826018016,RPL37A
0.411214407,-0.190738678,RPL38
1.473456629,0.663152059,RPL4
0.283799319,0.126473109,RPL5
1.624914628,0.777181625,RPL6
1.343657885,0.544136683,RPL7
0.797796347,0.331486384,RPL7A
2.144992383,-0.987599691,RPL8
1.558654465,-1.205371857,RPL9
1.499512568,0.883514404,RPLP0
1.013841554,0.647721608,RPLP1
0.508790443,0.425756454,RPLP2
0.799646025,-0.358552297,RPN1
0.013461296,-0.016886393,RPN2
1.322349236,-0.609167735,RPS10
1.249419514,-0.52849706,RPS11
1.580392164,-0.544094721,RPS12
0.345271478,-0.11140124,RPS13
0.864874321,-0.65336291,RPS14
0.318450987,-0.190893809,RPS15
3.630636011,-0.956078847,RPS15A
1.449003253,-0.330156962,RPS16
1.023881639,-1.490622838,RPS17
1.060045225,-0.41588529,RPS18
0.022690338,0.020582835,RPS19
0.068999866,0.046724955,RPS19BP1
1.393401592,-0.309625626,RPS2
2.639792561,-0.94240888,RPS20
0.098883032,-0.129383087,RPS21
0.673783472,-0.448774974,RPS23
1.619526584,-1.08146286,RPS24
0.076459554,-0.085538228,RPS25
0.739670476,-0.6469148,RPS26
1.674382027,-0.884939194,RPS27
0.203638867,0.295846939,RPS27A
0.03025958,-0.028235753,RPS27L
0.802248978,-0.365545909,RPS28
0.213546484,0.138932546,RPS29
3.824584088,-0.866729736,RPS3
2.549239605,-0.541383743,RPS3A
0.473569143,-0.254932404,RPS4X
0.606172108,0.488437653,RPS5
0.279515652,-0.219952265,RPS6
1.92850002,-0.851070404,RPS7
1.464644301,-0.802909851,RPS8
1.272980597,-0.395884196,RPS9
0.484439992,0.981164932,RPSA
1.501500217,-0.815615972,RPTOR
0.241660854,-0.172897975,RPUSD3
3.838906064,-1.502900441,RRAS2
0.537831886,0.228273392,RRBP1
0.017730565,-0.051104228,RRP1
0.425360235,0.288191477,RRP1B
3.198059921,2.975568136,RSL1D1
0.295129014,-0.39688619,RSL24D1
0.329099943,-1.080652873,RTN3
0.187470122,-0.267378489,RTN4
2.667789184,1.780682246,RUVBL1
3.736281365,1.676575343,RUVBL2
0.422738233,0.606393814,S100A10
0.628088028,0.518995285,SACM1L
3.89117157,6.363842646,SAFB
0.244053867,-0.345202764,SAMM50
1.132291512,1.220560074,SAP18
0.87419159,-1.62517484,SARM1
1.616857823,0.482587814,SARS2
1.614321725,-0.31121254,SBDS
0.194541254,0.716807048,SCAMP1
0.136521426,-0.211820602,SCAMP2
0.120554085,-0.234822591,SCAMP3
0.220764603,0.704739253,SCARB2
0.077738248,0.116207123,SCD
0.174396436,-0.231533051,SCFD1
0.427594757,-0.506635666,SCO1
0.828411598,-0.503932953,SCO2
0.325366101,0.84439977,SCP2
0.208776949,-0.170365016,SCRIB
1.047705632,0.618485133,SDCBP
1.851633204,-1.228266398,SDF2
0.605650885,-0.479251226,SDF2L1
0.490359275,0.606133143,SDF4
0.086111952,-0.060796102,SDHA
2.905748561,0.857196808,SDHB
0.15028996,0.121482849,SEC13
0.585344167,0.405169169,SEC22B
0.591458055,-0.834274292,SEC23A
0.44711243,-0.415800095,SEC23B
0.370985832,-0.45136261,SEC24B
1.125805672,-0.883979162,SEC24C
2.129197316,-0.423074722,SEC61A1
0.829816515,-0.520127614,SEC61B
0.626772016,0.315214793,SEC62
0.872079403,0.662623088,SEC63
0.245802376,-0.54539299,SEL1L
2.364542018,-0.595563889,SELK
0.186278023,-0.663207372,SELRC1
0.671572534,-0.215369542,SERBP1
0.136955351,-0.199288686,SERINC1
2.27993364,-1.2433815,SERPINH1
0.068398236,-0.294669469,SET
0.523192884,0.289653778,SF1
2.439818867,2.387624741,SF3B2
1.831210331,1.513301849,SF3B3
2.602115796,1.305676778,SFPQ
1.496970309,-0.960636775,SFXN1
1.536014025,-1.028823853,SFXN2
2.505585951,-1.185555776,SFXN3
3.221352175,-0.774536133,SFXN4
0.299405013,0.165996552,SGPL1
0.370303699,-0.299726486,SHMT2
2.397032826,1.253615061,SKP1
0.152953093,-0.143529892,SLC12A2
1.404305124,-0.974993388,SLC16A1
0.265155826,-0.246498744,SLC19A1
3.357714553,-0.688083649,SLC1A5
2.073312234,-0.676888148,SLC25A1
1.965056362,-0.471589406,SLC25A10
1.209470712,-0.647194544,SLC25A11
0.55020395,-1.533082326,SLC25A12
2.29440829,-1.437107722,SLC25A13
1.689749608,-1.143182119,SLC25A19
2.236109615,-1.237848282,SLC25A20
1.011455583,-0.544288635,SLC25A22
0.130121632,-0.14105161,SLC25A24
0.767475149,-0.356934865,SLC25A3
1.726362574,-1.259782791,SLC25A4
3.701716693,-1.253838857,SLC25A5
3.592079495,-0.985868454,SLC25A6
0.270871811,0.317451477,SLC27A2
3.135775323,4.660057068,SLC27A3
0.429734635,-1.282042821,SLC27A4
0.135302552,-0.295693715,SLC29A1
2.932629961,-1.692725499,SLC2A1
0.185619025,-0.25018692,SLC30A7
2.589900683,-1.466204325,SLC30A9
1.694405526,-0.484694163,SLC35E1
0.962334119,-1.235083262,SLC37A4
0.439203788,-0.785266876,SLC38A1
0.19231474,-0.086479187,SLC38A10
0.718524042,-1.288654963,SLC39A11
0.059932296,-0.203900019,SLC39A14
1.674856662,3.547379812,SLC39A7
0.742919789,-0.992951075,SLC3A2
0.179731261,-0.342965444,SLC7A1
0.05312246,0.204133352,SLC7A2
0.81393359,-1.107228597,SLC7A5
0.015225131,0.063643138,SLC9A3R1
0.208871452,0.25638326,SLC9A3R2
1.62660845,-0.832363129,SLIRP
0.154628534,-0.119181951,SLK
0.072386635,0.09745725,SLMAP
3.579719876,5.452484767,SLTM
1.281985461,-1.667509079,SMARCC2
3.679120646,0.99028333,SMC1A
1.842825233,-0.810885111,SMC2
1.538448076,0.763484319,SMC3
0.377555019,0.747250239,SMC4
0.951998417,-1.549983342,SMIM12
0.141264328,-0.111167908,SMIM20
2.451377261,2.101221085,SMPD4
1.075549296,0.947928747,SNAP23
0.78087818,0.672005971,SND1
0.839418382,1.683322906,SNRNP200
0.040666969,0.036542892,SNRNP70
0.042619056,0.072234472,SNRPB
1.54444153,1.37620608,SNRPD1
0.797588947,0.745190938,SNRPD2
0.250164603,0.263041178,SNRPD3
0.144340691,0.374721527,SNRPF
0.433095575,-0.506591161,SNTB1
0.986671079,-0.612076441,SNTB2
0.146646592,-0.329198201,SNX27
0.101838272,-0.262649536,SNX3
0.48995256,-1.001035055,SOAT1
1.093411737,1.305263519,SPCS2
0.152728882,0.111537933,SPCS3
0.003809463,0.018425624,SPECC1
1.24525466,-0.857219696,SPNS1
0.140977791,0.065273285,SPTAN1
0.137557709,0.167456945,SPTBN1
1.650753242,-0.529512405,SPTLC1
1.68078484,1.07898585,SPTLC2
1.386637284,2.004452387,SQSTM1
0.089351177,-0.146547318,SRC
1.235420731,1.351231893,SRP14
1.233340923,0.973798752,SRP68
2.05674213,2.822159449,SRP72
0.306328633,-0.494401296,SRP9
1.080056419,0.810273488,SRPK1
0.533789463,-0.093219757,SRPR
2.266776735,-0.540911992,SRPRB
1.58238034,1.150933584,SRRM1
1.385276309,1.41782697,SRRM2
2.95481662,2.160359701,SRSF1
0.799698258,0.69951121,SRSF3
1.252120463,2.148253759,SRSF4
3.977400417,2.064738592,SRSF6
1.617244281,1.373324712,SRSF7
3.606626251,3.431598028,SRSF9
0.377283505,-0.130340576,SSBP1
0.17739812,0.52387174,SSR1
0.529104866,-0.619746526,SSR3
0.983766257,-0.715289434,SSR4
0.160617216,0.248399734,ST13
0.155846031,-0.115056992,STAM
0.427305043,1.271729787,STAM2
1.164526661,1.194599787,STAU1
0.768606102,-2.534011841,STEAP3
0.367475652,0.458326976,STIM1
0.883341941,2.150520325,STIP1
0.386522407,-0.33940506,STK11IP
0.069886042,0.196640015,STMN1
1.069683732,-0.747871399,STOM
0.47468703,-0.275688171,STOML2
0.53285184,1.265237172,STRAP
0.546563414,-0.457188288,STT3A
0.846607123,0.936499278,STT3B
0.355488366,-0.67155393,STUB1
0.097401249,-0.189339956,STX10
0.035670642,0.127234141,STX12
0.021883542,-0.064218521,STX17
0.176642904,-0.166102091,STX18
0.847674318,0.921157837,STX3
1.671807437,1.542815526,STX5
0.043084444,0.122828801,STX7
1.111762091,-0.730125427,STXBP3
0.76051146,2.012350718,SUB1
2.632949404,-0.873021444,SUCLA2
3.856339946,-1.619084676,SUCLG1
1.208572986,-1.363988876,SUCLG2
0.678218184,-0.95111529,SUMO1
1.51211013,0.772881826,SUMO2
3.966776199,8.144933065,SUN1
3.929604477,6.702599208,SUN2
3.399685687,9.241558075,SUPT16H
0.443104905,0.936139425,SUPV3L1
0.201026643,0.218604406,SURF4
3.233000355,1.516372681,SYNCRIP
1.243555613,1.233850479,TACC1
1.294099668,-0.769395828,TACO1
1.356301624,1.704926809,TAF15
0.102802746,0.309123357,TAGLN2
2.083657943,-2.01197052,TAMM41
0.175244552,-0.330617269,TAOK1
0.422463889,-0.271631241,TAP1
0.477523358,0.432910919,TAP2
0.249813628,-0.361602783,TARG1
0.51503009,1.254635493,TARS
2.451738113,-1.19373703,TARS2
0.817907205,0.319927216,TBL2
0.560959617,-0.43559583,TBRG4
0.478708321,0.41799291,TCEB1
0.862681605,1.091824214,TCOF1
2.646115819,-1.135768255,TCP1
1.519226188,-0.543270111,TECR
0.80881473,-0.680976232,TEX264
0.456486648,0.385889689,TFAM
0.29161102,-0.47994868,TFB1M
1.385335746,-0.832757314,TFB2M
0.37261266,-0.752697627,TFRC
2.195139301,-0.779874802,THNSL1
2.665069013,2.835721334,THRAP3
0.386440767,0.736891429,TIMM10
0.385274747,-0.368893941,TIMM13
4.003202076,-1.485375086,TIMM21
2.275815255,-1.013259888,TIMM23
2.013756395,-1.05328242,TIMM44
3.680885962,-0.982544581,TIMM50
0.030382733,0.044371287,TIMM8A
0.138315217,0.271917343,TIMM8B
0.070781527,-0.21929423,TIMM9
1.145499429,-0.795383453,TIMMDC1
0.143339399,-0.685411453,TLN1
0.620043153,-0.429743449,TLN2
0.635694702,0.804023107,TM9SF2
0.37471062,-0.851561228,TM9SF3
0.079505006,-0.457773844,TM9SF4
0.137183865,-0.678190231,TMCO1
0.013438649,-0.027877808,TMED10
0.311574531,0.514967601,TMED2
0.818090645,2.255929311,TMED4
0.159798585,0.62770462,TMED7
0.505072186,0.872117996,TMED9
0.1785058,-0.198495865,TMEM106B
0.24215015,0.306304296,TMEM109
0.645036307,-0.426270803,TMEM126B
1.939577461,-1.112188975,TMEM165
0.31559945,0.371105194,TMEM205
1.238845899,1.030351003,TMEM209
1.804951964,1.154170354,TMEM214
0.065508801,0.208948135,TMEM230
0.064946856,-0.096708298,TMEM245
0.499079162,0.357870738,TMEM258
0.096772004,0.325712204,TMEM259
0.18740864,-0.257845561,TMEM33
0.048094754,-0.075300217,TMEM43
3.042976228,3.786375682,TMEM57
0.545293738,-0.760762533,TMEM70
3.171720346,2.265043894,TMEM9
0.134733785,-0.290634791,TMF1
3.172672387,4.150246302,TMPO
2.371689707,4.90663147,TMPO
0.030385539,0.046815236,TMTC3
0.551780755,0.319976807,TMUB1
0.174334111,0.308291117,TMX1
0.118877432,-0.149616241,TMX2
0.457118566,0.451027552,TMX3
0.026414058,-0.057626724,TNIK
0.885245559,-0.485725403,TOMM20
2.296818706,-0.746277491,TOMM22
4.031142913,-1.702216466,TOMM40
0.121901906,-0.153636932,TOMM5
0.179654466,-0.163954417,TOMM70A
2.016502089,5.403808594,TOP2A
3.524009061,3.08956337,TOR1AIP1
2.042424063,-0.849431356,TOR1AIP2
2.854529198,3.790159225,TP53
1.848819655,-1.289651871,TPI1
0.591776623,-0.503126144,TPM3
4.413128156,3.268505096,TRA2A
3.247999229,3.084938685,TRA2B
2.88625884,-2.40112114,TRABD
0.109338133,-0.222380956,TRAM1
1.64762193,-1.096465429,TRAP1
1.668839159,-2.385182063,TRIM23
1.776218281,1.145537694,TRIM28
2.906508987,-1.128396988,TRIP13
2.169108954,-0.516137441,TRMT10C
1.769149259,-0.993761063,TRMU
2.610115364,-1.21481959,TSFM
0.008697396,0.025535583,TSG101
2.263713416,-1.584994634,TSPYL2
1.263126021,-2.84353892,TST
0.501449001,0.849643707,TTC13
2.441578008,-1.087178548,TUBA1B
2.32452137,-1.094591141,TUBB
1.390621876,-0.799053828,TUBB4B
2.306216043,-1.123353958,TUBB6
1.661777753,-0.924070358,TUBG1
4.009317962,-2.5887146,TUFM
3.101720412,4.260211945,TWINKLE
1.436479715,-0.580774307,TXN
0.045204193,-0.072198868,TXNDC12
0.002952773,-0.005315145,TXNDC5
0.508014325,-1.128872554,TXNRD2
0.162275311,0.1485068,U2AF1
0.446121266,-0.639948527,U2AF2
1.477413901,2.207042058,U2SURP
1.028519916,0.658147812,UBAC2
0.657343027,1.118169785,UBAP2L
0.608431911,-0.75672404,UBE2NL
0.326553863,-0.154158274,UBIAD1
0.432269976,0.5209198,UBXN4
0.210063628,-0.433597565,UCHL1
0.026194113,0.070535024,UFC1
0.872067861,-0.580588659,UFL1
0.077951356,-0.169588089,UGGT1
3.509192883,4.572963079,UPF1
0.391632521,-1.380416234,UQCC
0.169124799,0.741125743,UQCR10
0.236104767,0.353530884,UQCRB
0.820657091,-0.795490901,UQCRC1
1.512143628,-0.865968704,UQCRC2
0.26260123,0.151385625,UQCRFS1
0.096306096,-0.277439753,UQCRH
2.319278392,-1.105827967,UQCRQ
1.073624572,1.14243571,USE1
0.229304959,0.798743566,USMG5
0.832328051,1.597963969,USO1
3.031983943,-3.753859838,USP30
0.368686742,-0.50398763,UTP11L
0.514976376,-0.882928848,UTRN
0.255478257,0.175470988,UTS2
0.075660379,-0.160322189,VAMP3
1.392452168,-1.046529134,VAMP5
0.057991799,-0.137695948,VAMP7
0.04689304,-0.086413701,VAMP8
0.64542846,0.519481023,VAPA
0.2048688,0.264666239,VAPB
2.255866043,-2.69104894,VARS2
0.218523795,0.325922012,VAT1
0.033045016,0.049555461,VCP
0.110689777,0.137922923,VDAC1
1.228920255,-0.719309489,VDAC2
1.805107293,-1.025779088,VDAC3
0.054680093,0.020163854,VIM
1.68971077,-0.987166087,VKORC1
0.6927694,-0.362462997,VMP1
0.397624537,0.583651861,VPS16
0.057525797,0.185970306,VPS35
4.152656722,4.068829219,VRK1
0.343715409,0.857293447,VTI1B
2.314452677,-1.625151316,VWA8
0.198056528,0.422171911,WARS2
0.672476689,-0.584227244,WASF1
1.271949235,1.564868291,WDR5
0.632005329,-1.00445048,WDR6
0.016159134,-0.013764064,WFS1
0.210555112,0.767075857,WRB
0.592778225,-0.348329544,WWP2
0.123434521,-0.513914744,XPO1
4.985788147,11.00740496,XRCC1
1.006404519,2.685606003,XRCC5
2.491055744,5.549343745,XRCC6
1.575292873,-1.225440979,YARS
1.023719191,-0.390906652,YARS2
0.381907485,-0.625455221,YBEY
1.909102559,1.708777746,YBX1
1.90352192,1.777587255,YBX3
0.082809184,0.307756424,YES1
0.576735091,0.462588628,YIF1A
0.377321567,-0.26830101,YIPF4
0.166135887,-0.099206924,YIPF5
3.463073363,-0.952905655,YKT6
0.768225399,-0.433659871,YME1L1
1.041548773,0.960144043,YTHDF1
2.22031169,1.245400747,YTHDF2
0.115262424,0.184944789,YWHAB
0.056043767,0.108879725,YWHAE
0.152415925,-0.31265831,YWHAG
0.498933427,0.898173014,YWHAQ
0.020278021,-0.043608983,YWHAZ
2.591770248,-2.132715861,ZADH2
0.328816266,-1.296003977,ZBTB8OS
0.563014831,-0.605331421,ZC2HC1A
2.535149932,1.122387568,ZC3HAV1
0.218417957,-0.199877421,ZMPSTE24
0.1748321,0.103948593,ZW10
1.257457657,-0.62156868,IRS4
1.036254655,-0.563638051,PNKD