minusLOG10p-value(GFP vs D125A),Difference(GFP vs D125A),Gene names
0.075221097,-0.09604454,PES1
0.260981304,-1.126333237,ARL1
0.755715277,-1.282110214,PGK1
3.600478917,5.499174118,TOP1
0.715492363,0.720908483,ARL2
1.185605423,-0.607159297,SEP-2
0.029335415,-0.091072083,MARCH5
0.238017902,-0.217739741,SEP-7
0.477301854,-0.545600255,SEP-9
0.101202144,-0.272123973,SEP-11
0.784766007,-0.59604009,AAAS
2.521891951,1.981971741,AARS2
1.324119055,-0.406324387,AASS
0.142982009,-0.124654134,ABCA3
0.961403414,-0.718865077,ABCB10
3.686043067,2.439669291,ABCB7
1.93886168,-1.753957748,ABCC1
1.175374919,-0.744655609,ABCC4
2.232418645,-1.046337128,ABCD3
1.203928291,-0.418290456,ABCE1
0.097332903,0.110363642,ABCF1
1.05042428,1.073443731,ABHD10
0.551964835,-0.686283747,ABI1
0.94773415,-0.427347183,ACAA1
0.216497972,-0.483126322,ACAA2
0.096458077,-0.3720843,ACAD11
1.143800534,-1.534264247,ACAD9
0.830419037,0.430121104,ACADM
3.113175342,-1.47566096,ACADSB
0.329458504,-0.115349452,ACADVL
0.289321176,-0.269812902,ACAT1
0.745679371,0.370608012,ACO2
0.527494599,0.837884267,ACOT1
0.092547176,0.219139735,ACOT13
0.84000784,-0.40663147,ACOT8
2.380028319,-0.607653936,ACOT9
1.759795844,1.029348373,ACSF3
1.644787842,-0.614920934,ACSL3
0.223153388,-0.357481003,ACSL4
0.7287752,-0.328899384,ACSS1
1.186109912,1.243840535,ACTA1
0.637601903,-2.785797119,ACTB
1.75628501,-0.59728241,ACTG1
0.00045914,0.001005173,ACTN4
0.04151896,-0.032806396,ACTR1A
0.071351327,0.174054464,ACTR3
1.033155601,-0.686940511,ADCK3
0.41894461,0.182969411,ADCK4
1.764970722,-1.160142899,ADD1
2.157972752,-1.126583735,ADPGK
4.028927529,-0.99332428,AFG3L2
0.383362194,-0.772887548,AGFG1
0.008523447,-0.015591304,AGK
2.756654217,-0.811742783,AGPAT1
1.506110954,-1.0362854,AGPAT3
0.064800903,0.110203425,AGPAT5
1.264941786,-1.176710129,AGPAT6
2.116657992,-1.625232697,AGPAT9
1.771771806,-1.054618835,AGPS
2.836627472,4.747695287,AGRN
0.228933548,-0.3758564,AHCY
0.137713633,-0.2464873,AHCYL1
0.943695314,-0.641094208,AHNAK
2.495468331,0.920634588,AIFM1
1.265574721,-0.774614334,AIMP1
0.161584668,0.199380239,AIMP2
0.297573573,-0.73259608,AK2
0.148237235,-0.354055405,AK3
1.258571802,-0.637231191,AK4
0.462933956,-0.551497777,AKAP1
0.840789472,-2.088181814,AKAP12
1.205828625,0.85915947,AKAP9
0.208384847,-0.08099556,ALDH18A1
0.751641797,0.902163823,ALDH1A2
0.869638213,0.66345787,ALDH1B1
0.950084849,0.803681056,ALDH2
0.657964613,-0.515205383,ALDH3A2
0.116201266,-0.576904297,ALDH4A1
0.827618334,0.861966451,ALDH5A1
0.213926865,0.222143173,ALDH6A1
1.194426101,-0.61115392,ALDH7A1
0.194185895,0.391287486,ALDH9A1
0.4614615,-0.760601679,ALDOA
0.701094765,-0.585762024,ALG1
4.061231258,-2.406927745,ALG3
0.075187558,0.20711263,ALG5
0.147426219,0.358220418,ALYREF
2.449592862,1.22404925,ANKLE2
1.214078062,-2.604012171,ANKRD35
0.671476636,-1.792380651,ANO6
1.085294244,-0.509686152,ANXA2
0.451283639,-0.715614955,AP1G1
0.280581104,-0.23144722,AP2A1
0.879355458,0.465900421,AP2A2
0.133216966,0.103535334,AP2B1
0.393614562,0.281332016,AP2M1
0.088290823,-0.20589447,AP2S1
0.132997148,-0.109852473,AP3B1
0.42248378,0.289529165,AP3D1
0.705794719,0.257508596,AP3S1
0.27269991,-0.571753184,APMAP
0.256480464,-0.423281988,APOB
0.388911745,0.925082525,APOC3
0.60940601,0.345761617,APOL2
0.474743994,-1.381715775,APOO
0.440419545,1.048904419,APOOL
0.462735676,-0.614026388,APRT
1.194304387,-0.23257637,ARCN1
0.657961818,-1.191467285,ARF3
3.454352831,-1.476210276,ARF4
3.498888172,-1.802773158,ARF5
0.904296043,-1.293045044,ARF6
0.147819918,-0.434904099,ARFRP1
0.811532093,-1.204241435,ARG1
0.716102241,0.196363449,ARGLU1
0.634206484,-0.227455775,ARHGEF2
2.570692795,-1.038191477,ARL13B
0.068981079,-0.305125554,ARL8A
4.575630084,-1.687376658,ARL8B
0.218033071,-0.353958766,ARMC1
0.352864015,-0.622133891,ARPC1A
0.120311221,-0.174448013,ART4
0.2383137,0.269428889,ASNS
0.263628435,-0.530037562,ASPH
2.95402795,-1.161937078,ATAD1
1.399599668,-0.705441793,ATAD3A
0.012700928,0.023726781,ATAD3B
0.313982166,0.225421906,ATL2
0.097330576,-0.225337346,ATP13A1
2.880797878,-0.736977895,ATP1A1
1.593037894,-1.343149821,ATP1B1
3.290720264,-1.571455638,ATP1B3
1.48879894,-0.821483612,ATP2A2
3.262666978,-1.178565979,ATP2B1
1.324469034,-2.259283066,ATP2B4
0.255030158,-0.464054108,ATP2C1
2.653827084,-0.469346364,ATP5A1
0.099039808,0.032698313,ATP5B
1.401914581,-0.506298701,ATP5C1
0.974697827,-0.751069387,ATP5D
0.799695734,-0.656933467,ATP5E
0.867191172,-0.79486084,ATP5F1
1.65066831,-1.222398122,ATP5H
0.290114527,0.554871241,ATP5I
0.004450427,0.009105682,ATP5J
0.121126865,-0.227992376,ATP5J2
1.10966641,-0.484144847,ATP5J2-PTCD1
2.646515923,-1.74850146,ATP5L
1.339793724,-0.660158157,ATP5O
0.130515759,0.114004135,ATP6AP2
0.423529007,-0.511100769,ATP6V0A1
0.542949589,-0.426902135,ATP6V0D1
0.557242826,-0.416095098,ATP6V1A
1.157692166,-0.76813825,ATP6V1B2
0.485154729,-0.568223317,ATP6V1E1
2.504808567,-1.376485825,ATP6V1G1
1.107462493,-0.702562968,ATP6V1H
2.701978623,3.5599219,ATPAF1
0.297950751,0.735333761,ATPIF1
0.729717163,-0.763374329,ATXN2L
2.417411518,-0.711482366,AUP1
1.210833653,1.57191658,AURKAIP1
1.111912442,-1.140529633,B3GAT3
2.191696257,1.692098618,BAG2
0.552732024,-0.77567482,BAIAP2L1
4.163096572,5.918491364,BANF1
1.429361398,-1.517982483,BASP1
0.602513502,-0.789336522,BCAP31
2.4470312,2.234422684,BCKDHA
2.569627761,1.292570114,BCKDHB
2.901059297,1.324301402,BCKDK
1.298914452,1.19316419,BCLAF1
0.426977934,0.824242274,BET1
0.327918279,-0.383469899,BNIP1
0.412518057,0.451848984,BRI3BP
1.07090887,-1.067045212,BSG
0.85131665,3.707408905,BTAF1
0.751319552,-0.416851679,BUD31
0.253942239,-0.343660355,C11orf48
0.786972984,-0.812117894,C16orf58
0.610764239,-0.549397151,C17orf62
0.371617527,-0.382022858,C19orf10
1.080866746,-0.786628723,C19orf52
0.203605933,-0.109818776,C19orf53
2.919687198,4.888657252,C1QBP
0.035435986,-0.098431905,C21orf33
0.448479593,-0.241764704,C22orf28
0.871145433,-0.377899806,C2orf47
0.028493639,-0.095002492,C6orf120
1.076877277,-0.421378454,C8orf33
0.065993246,-0.09284083,C9orf114
2.767813589,0.818284353,CAD
0.946611017,-1.07110405,CADM1
0.953488171,-1.28742981,CALD1
0.962518171,0.542476018,CALM1
0.239781436,-0.365796407,CALR
0.345641056,-0.441501617,CALU
0.310368266,-0.596745809,CAMLG
0.771234731,-2.243066152,CAND1
0.791777208,-0.707490921,CANX
0.563069075,-0.994555791,CAP1
1.077841045,-1.402483622,CAPRIN1
1.27700551,-0.819275538,CAPZA1
0.315545805,-0.44247818,CAPZB
0.471463043,0.487090429,CARS2
0.060043873,-0.164182663,CASC4
1.129434021,-2.230656942,CASK
3.296309546,-2.913400014,CAV1
0.431323382,-0.343856812,CBR1
3.275198553,4.022616069,CBX3
0.800863815,-0.618224462,CCDC109B
0.10970495,-0.335279465,CCDC124
0.514277978,-0.279673894,CCDC137
0.119208166,-0.200197856,CCDC18
0.092746225,-0.328098933,CCDC22
1.479874142,-0.558654149,CCDC47
0.736508917,1.378014247,CCDC51
1.659018044,-0.542001088,CCDC59
0.333151267,-1.249392827,CCDC8
0.932150006,0.892292658,CCDC86
0.150043003,0.261947632,CCNB1
1.006307338,-0.742628733,CCT2
0.640601251,-0.4087677,CCT3
0.962011147,-0.45781072,CCT4
0.781027554,-0.576500575,CCT5
1.832055593,-0.481263479,CCT6A
0.523261466,-0.62840716,CCT7
0.615503672,-0.674489339,CCT8
0.766873329,-1.578858693,CD151
2.017515806,-1.237597148,CD44
0.198015369,-0.418221792,CD81
2.654330386,-1.584371567,CDC42
0.819484418,-0.515254974,CDC42EP1
0.755587172,-1.708880742,CDH2
2.091628773,-1.91246287,CDIPT
0.298187984,-0.570597331,CDK1
0.65280773,-0.793235779,CDK17
3.270466483,4.919120789,CDK5RAP1
0.629654572,-1.37078921,CDK5RAP3
1.94222192,1.304665883,CDKAL1
3.86217345,-2.112165451,CDS2
0.892420349,0.361471176,CECR5
2.268999818,-1.064645131,CEPT1
0.29376894,-0.722992579,CERS2
0.852227715,-0.348668416,CFL1
0.208913894,-0.141979853,CFL2
1.624496919,-0.842023849,CHCHD3
0.029186489,-0.061339696,CHCHD6
0.95206895,0.928729375,CHD4
0.22323721,-0.622890472,CHID1
2.432219228,2.445053736,CHMP1A
0.725930776,1.540251414,CHMP4B
0.474499497,-1.444154739,CHP1
1.348120794,-1.071470896,CHPT1
0.030375753,0.083825429,CHTOP
0.180276732,-0.742035548,CISD1
0.036500897,-0.095482508,CISD2
1.639064188,-1.792814891,CISD3
0.567240836,0.562302907,CKAP2
1.331538437,-0.755758921,CKAP4
1.859725593,-2.126987457,CKAP5
0.407533879,-0.84183375,CKB
0.22923534,-0.256503423,CKMT1A
0.086248623,-0.08132871,CLCC1
0.552159716,-0.915369034,CLGN
0.42795567,-1.251414617,CLIC4
1.782615191,0.629617691,CLINT1
2.546468463,-1.140256246,CLN6
3.024172664,1.507977804,CLPB
0.78863344,0.547310511,CLPP
1.843563282,-1.731129328,CLPTM1
2.198097745,-2.184132258,CLPTM1L
3.540634896,2.377579371,CLPX
1.641289302,-0.510513306,CLTA
0.098394764,0.059957504,CLTB
0.392027249,-0.33526357,CLTC
0.447046865,-0.290715535,CMC2
1.653858171,-1.866534551,CMTM4
0.349352551,-0.120108287,CNBP
0.45698102,-1.321742376,CNIH4
0.82159585,-0.910263062,CNNM3
0.577712901,0.1391023,CNP
0.690196091,-1.216531754,CNPY2
0.348197542,-0.836892446,COA3
0.602776341,-1.762885412,COA6
0.757265526,-0.555418015,COL14A1
0.215861212,-0.233746211,COLGALT1
1.857579255,-1.532018026,COMT
2.181638751,-0.652644475,COPA
0.229873189,-0.159132004,COPB1
1.126746399,-0.79302152,COPB2
0.452391205,0.87730662,COPG1
2.470936719,-0.847830455,COPG2
0.858005273,0.41004626,COQ5
1.927576661,-1.80344073,COQ6
0.417675089,-0.685477575,CORO1C
1.675122772,2.246840795,COX11
1.516483535,-1.395232519,COX15
0.076473294,0.212170919,COX17
0.000712143,0.000908534,COX4I1
0.146498234,-0.286534627,COX5A
1.928052736,1.307665507,COX5B
1.020555782,-0.592749278,COX6B1
0.84704016,-1.063846588,COX6C
0.306762523,-0.544076284,COX7A2
0.689401127,-1.440894445,COX7A2L
0.331651267,0.388742447,COX7B
0.092495667,0.15215683,COX7C
0.930439961,-0.716226578,CPD
0.173024811,0.453323364,CPT2
0.907388533,-0.956875483,CPVL
0.601215494,-0.592945099,CROCC
0.05011461,-0.083995183,CRTAP
0.29951918,1.12361145,CRYZ
0.418348848,-0.61928304,CS
2.575954509,-2.132154465,CSNK1G3
3.586361934,-1.196308772,CSRP2
0.421508683,-0.778616587,CTAGE5
1.314810199,-1.130083084,CTNNA1
0.649684311,-1.038143158,CTNNB1
2.334327169,-1.225058873,CTNND1
2.234973041,-1.03861173,CTPS1
1.136747035,-1.632695516,CTSD
1.104073564,-1.527434667,CTTN
1.47436488,-2.073956172,CUX1
0.15320675,0.529610316,CYB5A
0.541162321,-1.006913503,CYB5B
1.017660915,-1.25592804,CYB5R1
0.692265415,-0.740406036,CYB5R3
0.415584342,0.400369644,CYC1
0.071912411,-0.178613027,CYCS
0.472663984,-0.632921855,CYFIP1
1.661824429,-2.820512136,DAAM1
0.78247553,-1.585104624,DAD1
1.829847021,2.271863937,DAP3
0.430481089,0.992697398,DARS
3.743700319,1.300490697,DARS2
0.082813362,0.180932999,DBN1
2.623567676,6.02329127,DBT
0.054474091,-0.315894445,DCAKD
0.117414365,-0.474527995,DCD
0.836661152,-0.439840953,DCTN1
0.04511325,0.055779775,DCTN2
0.225351383,0.408449173,DCXR
0.425039398,-0.392677943,DDOST
0.582965898,-0.593931834,DDRGK1
0.23040533,0.190882365,DDX1
1.95380855,-0.72625796,DDX17
1.086135417,-0.663930893,DDX19A
1.355696854,3.412286758,DDX21
1.280607064,0.387414296,DDX28
1.704204012,-0.360836029,DDX39B
1.962460658,-0.802345276,DDX3X
2.219289927,1.677347819,DDX46
0.22864434,-0.257012049,DDX5
3.59426103,2.105595271,DDX50
0.206954989,0.370681127,DEK
0.335299309,-0.912899017,DENR
2.372694069,-1.02233696,DHCR24
4.06841992,-1.273983637,DHCR7
2.102135928,-1.706521352,DHRS13
0.083220738,-0.163413366,DHRS4
0.769195782,-0.595954895,DHRS7B
0.455792312,1.435164134,DHTKD1
3.126812523,1.380719503,DHX30
0.32993721,1.018273671,DHX36
0.947520432,0.700078328,DHX9
0.609470728,-0.909001668,DIABLO
0.557537763,-0.618583679,DIAPH1
1.923918347,2.752834956,DLAT
0.220922515,0.124036153,DLD
1.128709765,-1.607473373,DLG1
0.649626544,-1.49939092,DLG3
2.431699369,1.591648102,DLST
2.473288671,-1.610924403,DMD
3.288472033,-1.239603043,DNAJA1
1.906699705,-1.085472743,DNAJA2
0.146365556,0.055617015,DNAJA3
0.244980935,0.18832016,DNAJB11
1.048897607,0.725244522,DNAJB12
1.166253261,1.778558095,DNAJB6
0.54446634,-0.618179957,DNAJC1
0.042664767,-0.0236365,DNAJC10
2.681230878,-0.996135712,DNAJC11
3.846814903,-4.812032064,DNAJC13
0.769306938,-1.066945394,DNAJC16
0.715897505,-0.771272024,DNAJC19
0.035486859,-0.059396744,DNAJC3
0.517724149,-0.357220968,DNM2
1.589457598,-1.627972921,DPAGT1
0.421176308,-0.286027908,DPM1
1.937095366,-1.773304621,DPM3
0.156768048,0.250768661,DPYSL2
0.89148524,-0.4590861,DSG2
0.637979651,-1.900389353,DSP
1.825549617,1.292521795,DSTN
2.429967887,-1.293193817,DTNA
2.429812176,-1.205330531,DYNC1H1
0.39421079,-1.147607803,DYNC1I2
0.566783728,-0.446532567,DYNLL1
0.195224718,0.085676193,EARS2
0.159619074,-0.259396871,ECH1
0.45399973,0.586044947,ECHS1
0.32390149,-0.315264384,ECI1
1.436419061,-0.507517497,ECI2
0.432252058,-1.725739797,ECSIT
0.616880197,0.787584941,EDC3
0.166837217,0.236117045,EDC4
0.576292191,-1.232263565,EDF1
0.622201551,-0.375164032,EEA1
0.761605596,0.161790212,EEF1A1
0.247967078,-0.124500275,EEF1D
0.472643792,-1.555288315,EEF1E1
0.168458793,-0.258888245,EEF1G
0.233424892,-0.182189306,EEF2
1.033158052,-1.085200628,EFNB1
0.831001355,0.984023412,EFTUD2
0.420870504,-0.608845393,EHD1
0.993332582,-0.485393524,EHD4
0.552415528,-0.990739822,EIF1AX
1.394848229,1.527573903,EIF2AK2
0.288055974,-0.340812683,EIF2S1
1.217087287,-0.530125936,EIF2S2
0.954873911,-0.533847173,EIF2S3
0.27797058,-0.705818176,EIF3A
0.477659742,-0.57087326,EIF3B
0.433681909,-0.378550212,EIF3C
0.358718411,-0.537804921,EIF3E
0.306037823,-0.518323263,EIF3H
0.428084509,0.969287872,EIF3I
0.013410134,-0.025798798,EIF3L
1.067953337,0.475599925,EIF4A1
0.173341135,0.083168666,EIF4A3
0.283999642,-0.343564351,EIF4B
0.64215561,0.694386164,EIF4G1
0.457129081,-1.083651225,EIF5A
0.294059413,0.203675588,EIF5B
0.226079771,0.263441722,EIF6
3.863997736,5.506796519,ELAC2
0.407511038,-0.216305415,ELAVL1
1.397233085,-3.596956253,ELOVL1
2.358305227,-2.175963084,ELOVL4
0.31960176,-1.094521205,ELOVL5
0.062987164,-0.06795756,EMC1
0.809918779,-1.289934794,EMC10
1.764194135,-0.617589315,EMC2
0.630197625,-0.449268341,EMC3
0.328832916,-0.57489713,EMC4
0.368235792,-0.41904068,EMC8
4.075068672,5.079830805,EMD
0.986897421,-1.164532979,ENAH
0.712864072,-0.320937475,ENO1
0.594425736,-0.443570455,EPB41
0.778237277,-1.054972967,EPB41L2
0.535214757,-0.63267835,EPB41L2
0.923243598,-0.737627665,EPB41L3
1.132522217,-1.137751897,EPHA2
0.050075729,0.181216558,EPHX1
0.275044983,0.070686976,EPRS
1.167746386,2.740228653,ERAL1
1.03184361,-0.712973913,ERBB2IP
0.887612091,-1.03503863,ERGIC1
0.039509193,0.155658722,ERGIC2
1.829973967,-1.070675532,ERGIC3
0.667333663,-0.589550654,ERH
1.11653923,-0.653734207,ERLIN1
0.077701727,0.020503362,ERLIN2
0.447195864,-0.691635132,ERO1L
0.59466088,-1.084396998,ERP29
0.14838019,-0.328212738,ERP44
1.307273493,-0.834245682,ESYT1
1.422086905,-0.749785105,ESYT2
0.762736858,-0.69275411,ETF1
0.338668724,0.375458399,ETFA
0.446754912,0.312683741,ETFB
0.225226083,0.387821833,EWSR1
1.04298513,-0.7114048,EXD2
2.776394367,-1.523651123,EXOC1
1.151984311,-1.398955663,EXOC4
0.796986887,-0.538963318,EXOC6
1.373651401,-1.443808873,EXOC7
1.092848942,-1.547422409,EXOC8
0.421740212,-0.723847707,EZR
1.512881861,-0.989612579,FAF2
0.399852041,-0.257005056,FAM120A
0.867373199,1.166816711,FAM136A
0.369751195,-0.945007324,FAM162A
2.027668048,-1.526952744,FAM57A
1.878679194,-1.216709773,FAR1
0.300279443,-0.153057734,FARP1
2.258342637,-2.383682251,FAS
0.691374771,-1.238313039,FASN
4.004547342,1.554118474,FASTKD2
2.833312513,2.27736791,FASTKD5
0.003890922,-0.007233302,FAU
2.463442309,2.121620178,FBL
1.920589356,2.712035497,FBLL1
0.339461739,-0.599872589,FBXL20
0.511043236,-1.342910767,FDFT1
1.364042155,2.130535762,FDX1
1.158633275,-0.870580037,FDXR
0.114680571,-0.074426651,FECH
0.931434213,-0.729541143,FEN1
0.301824729,-0.469264984,FH
0.107905933,0.034644445,FHL1
0.629152874,-0.907193502,FKBP15
0.252575188,-0.606561025,FKBP3
0.639780699,-1.160287857,FKBP4
1.233107452,-0.82751592,FKBP8
1.877215139,-1.04592069,FLNA
0.499350724,-0.884625753,FLNB
4.007211752,-2.682064056,FLOT1
3.049158576,-2.407194773,FLOT2
1.762600506,-1.482359568,FLVCR1
0.101645485,0.080679576,FMR1
0.433217361,0.346604029,FOXRED1
1.062356922,1.11441803,FTSJ2
0.836027446,-1.014184316,FTSJ3
2.250793179,-1.977275848,FUBP3
1.002828891,1.245832443,FUS
1.746595668,1.427717209,FXR1
1.50744972,0.937876383,FXR2
0.417412446,-1.126481374,G3BP1
1.082141308,0.609809875,GADD45GIP1
0.096392217,-0.277524312,GALNT2
0.79329587,-1.512873332,GALNT7
0.378552748,-0.381523132,GANAB
1.025218441,-1.016752879,GAPDH
2.166242771,5.101833344,GARS
0.463011655,-0.265324275,GART
0.804196019,-0.989038467,GBA
2.702812357,-0.943399429,GBAS
1.202420234,-2.183481852,GBF1
0.216038668,0.313384374,GCDH
0.892609824,-0.934633891,GCN1L1
3.401077082,6.502872467,GFM1
2.379466391,2.69787089,GFM2
2.70896915,-1.492202123,GGCX
1.470618539,-2.700617472,GHITM
1.177126114,-0.613365173,GK
0.066666552,0.284745534,GLA
0.837375304,1.554732005,GLDC
0.794482351,-0.763729095,GLG1
2.745274165,2.527469635,GLRX5
0.161006343,0.10414505,GLS
0.21115632,-0.292842865,GLT8D1
0.880047311,-1.122008006,GLTSCR2
4.946040565,5.126621882,GLUD1
1.093002125,-1.233031591,GNA11
1.760841828,-1.034369151,GNAI2
1.59741156,-1.399623235,GNAI3
2.355988036,-1.011217753,GNAS
1.61269638,-0.883078257,GNAS
1.48270838,-1.267451604,GNB1
1.432304595,-1.100210826,GNB2
2.295530924,-0.671910604,GNB2L1
1.383253517,-1.316736221,GNB4
1.604860432,-1.432938258,GNG12
0.961684295,-1.650353114,GNG5
0.758181603,-0.872713725,GNPAT
0.884482061,-0.862733841,GOLGA2
0.15076097,-0.263711294,GOLGA3
0.811319978,-1.654799779,GOLGA5
0.778214469,-1.117378871,GOLGA7
1.315281771,-0.683321635,GOLGB1
0.784142007,-0.765129725,GOLIM4
0.25801827,-0.474076589,GOLM1
1.555372467,-1.476968129,GOLPH3
0.387938185,-0.316615423,GOT2
1.042907861,-2.65144666,GPD2
0.46392889,-0.89832751,GPR107
3.110737077,3.196567535,GPT2
0.030764203,0.040201823,GPX8
2.054117497,-0.416135788,GRAMD1A
1.150218839,1.50062116,GRPEL1
3.597886443,2.126974742,GRPEL2
0.963733019,1.307032267,GRSF1
1.027661606,0.391054789,GRWD1
1.049393407,-0.71686999,GSK3B
0.147827426,0.389417648,GSR
1.808377954,-1.054775238,GSTK1
2.432668056,0.571668625,GTPBP10
0.031188741,-0.015597026,GTPBP4
2.3375263,3.15461731,GUF1
1.075929985,-1.002023697,GXYLT1
0.103527537,0.084381739,H1FX
2.571580496,7.522290548,H2AFZ
3.453404025,3.828298569,H3F3A
0.402050377,-0.957244873,HACL1
0.044349594,-0.129070282,HADH
0.261662836,-0.187851588,HADHA
1.720875564,-0.776768366,HADHB
0.224499757,0.37022845,HAGH
2.20864851,2.222187678,HARS2
0.676300361,0.370731354,HAX1
0.207011805,0.304209391,HDLBP
0.66315892,0.536652247,HERC2
0.177407532,-0.140441895,HIGD1A
0.140224159,-0.952330907,HINT2
1.887493047,-0.539468765,HIP1R
0.637278164,-0.461923599,HIST1H1C
2.140526164,-0.799882889,HIST1H1E
4.254419525,8.190158844,HIST1H2AC
2.946869026,7.98043251,HIST1H2BJ
4.813311655,5.887299856,HIST1H2BK
3.454545047,5.113691966,HIST1H4A
3.42464405,6.692121506,HIST2H2AA3
3.83524839,4.196330388,HIST2H3A
1.567888744,-1.649558385,HK1
0.850687649,-0.589410782,HLA-A
0.941777626,-0.596710205,HLA-B
0.059529647,0.026402156,HLA-C
0.833294138,-0.70952479,HM13
2.079570728,2.76301829,HMGA1
0.070806951,0.204583486,HMGB1
0.109965905,0.246480942,HMGB2
0.375436664,-0.572486877,HMGCL
0.828060165,0.879000982,HMGN2
0.83652934,-1.211830139,HMOX2
0.262310988,-0.283253988,HN1L
2.81969832,-1.140416463,HNRNPA0
0.140837156,0.179187139,HNRNPA1
1.898480437,0.851563136,HNRNPA2B1
1.68041127,1.464862188,HNRNPA3
0.764115962,0.235832214,HNRNPAB
3.472666243,1.365407944,HNRNPC
0.323441633,-0.340314865,HNRNPD
0.163719406,-0.04373614,HNRNPF
0.258244368,-0.077688217,HNRNPH1
0.695633392,0.55273819,HNRNPH3
0.423922085,-0.294413884,HNRNPK
0.211302869,0.128066381,HNRNPL
0.432162382,-0.271528244,HNRNPM
1.398280863,-0.259171804,HNRNPM
1.749276272,-0.120028814,HNRNPU
1.427487911,1.413401286,HNRNPUL1
0.115840047,-0.104068756,HNRPDL
0.97640682,0.337942759,HSD17B10
0.298403735,-0.308423996,HSD17B12
0.879953778,-0.870505015,HSD17B4
3.078732276,-1.949834188,HSDL1
1.237137016,-0.76022021,HSDL2
0.796566344,-0.80613327,HSP90AA1
1.19147704,-0.978602727,HSP90AB1
0.571242166,-0.728616714,HSP90B1
0.84821702,0.119670868,HSPA1A
0.105567994,-0.262008031,HSPA4
0.163907109,-0.08614858,HSPA5
0.164338669,0.140737534,HSPA6
0.658302017,0.21209081,HSPA8
3.992235034,3.396111806,HSPA9
0.728299539,0.3629481,HSPD1
0.383549059,-0.432805379,HSPE1
0.698475783,-0.489863078,HYOU1
0.186603158,-0.15813446,IARS
1.970107776,1.311211268,IARS2
1.141395736,1.617148717,IBA57
0.113893336,-0.290387472,ICMT
0.078671684,0.062664668,ICT1
1.37259277,-1.195054372,IDH2
0.080428674,-0.114022573,IDH3A
0.451457361,-0.341122945,IDH3B
1.099438907,1.747451782,IDH3G
1.166260122,0.697467804,IGF2BP1
0.414718676,-0.348286311,IGF2BP2
2.915227994,0.731898626,IGF2BP3
0.501671499,0.473822912,IGF2R
0.059234094,-0.176323573,IKBIP
2.087269879,0.919264476,ILF3
2.304035477,-0.601870855,ILVBL
1.458670952,-0.682366689,IMMT
0.048633128,0.07104365,IMPAD1
2.53974505,-1.854105632,INPP5K
1.322244541,-1.207813899,IPO5
1.454912454,-0.888641357,IQGAP1
1.204196184,-1.392304738,IQGAP2
2.17227787,-1.281401316,IRS4
3.672558444,4.912794749,ISCA1
1.330412982,0.225691477,ISCU
0.718646412,-0.956525167,IST1
1.369177933,-1.349267324,ITGB1
0.018264342,0.030022939,ITPR1
0.638153283,-0.505817413,ITPR2
3.251287417,-0.974567413,ITPR3
0.010511226,-0.015478134,IVD
0.978937813,-0.809249242,JAGN1
2.121064937,-0.890693665,JPH1
2.01290089,-2.323534648,JUP
0.818699262,-1.765403748,JUP
0.182937324,-0.079120636,KARS
0.955057197,1.833412806,KATNAL2
1.730764134,1.04265976,KCT2
0.053750944,-0.069746017,KDSR
0.070466795,-0.077508291,KHDRBS1
2.305218079,-1.445818583,KHSRP
0.057058745,-0.075668335,KIAA0319L
3.925495603,4.18339475,KIAA0391
1.034594049,-0.845036825,KIAA2013
0.976434884,-0.998601913,KIDINS220
1.479981037,-0.885860443,KIF11
1.48497351,-1.079137166,KIF1A
0.154672813,-0.204823176,KIF2A
0.849329608,-0.611321131,KIF5B
1.727558577,-6.455505371,KLC2
1.179294923,-0.716265361,KPNA2
0.972771962,-1.047528585,KPNB1
3.514939351,-2.122014364,KRAS
2.474613375,-2.203023911,KRT18
0.255003903,-0.15776825,KTN1
1.632930106,0.493019104,L2HGDH
0.243704569,0.879944483,LAMB1
1.11816871,-1.576660792,LAMP1
0.489477596,-0.690164566,LAMTOR1
2.150833034,-1.305532455,LAMTOR5
1.814004589,-0.69195048,LANCL1
0.707927697,1.435184479,LAP3
0.010249666,-0.013878504,LARP1
0.024904612,-0.038063685,LARP4
0.467736154,-0.187627792,LARS
0.51419085,0.217487971,LARS2
0.310350345,0.088157018,LBR
0.881377202,-0.701330821,LCLAT1
0.680071499,-0.997953415,LDHA
0.416592457,-0.667295456,LDHB
1.990708094,1.753126144,LEMD2
0.590722074,-0.96117274,LEPRE1
0.691042163,-0.776567459,LETM1
0.073662807,-0.224994024,LGALS3
4.625895164,13.30173302,LIG3
1.88828497,-0.818298976,LIMA1
0.776735067,-0.901185354,LIMD2
1.008751486,-1.057233175,LIN7C
0.068192487,0.103935877,LLGL1
0.763046941,-0.69832929,LMAN1
0.385935157,-0.740034103,LMAN2
3.784113766,-2.14990743,LMF2
2.42416066,4.981117884,LMNA
1.145160585,0.50348409,LMNB1
1.076915531,1.066507339,LMNB2
1.366862556,0.608640035,LONP1
3.63858871,-1.567702611,LPCAT1
2.278134748,-1.282449087,LPCAT2
1.725739716,-2.226715088,LPCAT3
1.978349472,-1.594266891,LPGAT1
0.074137481,-0.152193705,LPHN2
0.503332201,-0.992275874,LRPAP1
0.507261649,0.434646606,LRPPRC
1.82909568,-2.392386754,LRRC1
0.440485001,0.302875519,LRRC16A
0.453387025,-0.436860402,LRRC47
0.030363558,0.03205808,LRRC57
0.582265218,-0.462337494,LRRC59
0.249277582,1.276397069,LRRCC1
1.468482085,-1.755063375,LSG1
0.391684403,-0.401550929,LSM14A
3.323157465,-2.0613753,LSR
0.572045171,-1.078952789,LSS
2.372481707,1.092505137,LUC7L2
2.19794466,-1.825660706,LYN
1.619997072,6.494107564,LYRM7
0.851676491,-0.357571284,M6PR
0.15673958,-0.166392644,MACF1
1.996046312,-4.28802681,MACROD1
1.463503885,-0.922770818,MAGED2
0.316971148,0.327133179,MAGOH
1.063806486,-1.637858709,MAP1B
0.332365135,-0.430499395,MAP4
1.447324848,-0.660143534,MAP4K4
0.473599887,0.740243912,MAP7
0.142635192,-0.063694,MAPK1
0.109241933,-0.269050598,MAPRE1
0.339034554,-0.375137329,MARCKS
1.155133272,-0.876014074,MARCKSL1
1.774580402,-0.844083786,MARK2
0.751273638,-0.479324977,MARK3
0.466278113,-0.220109304,MARS
1.24476005,1.524791082,MATR3
0.589347448,-0.827241898,MAVS
1.723802542,-2.356662114,MAZ
2.585357114,-2.023804347,MBOAT7
2.389929806,-3.781595866,MBTPS2
0.300920087,-0.337376912,MCAT
1.391945367,2.447915395,MCCC1
3.091295773,2.061216354,MCCC2
2.401021773,0.859900792,MCM5
1.375248827,-0.837309519,MCU
0.109305718,-0.173265457,MDH2
4.453090891,3.003476461,ME2
0.160186763,0.320581436,MESDC2
0.641990366,0.361543655,METTL15
1.473429088,2.075469971,METTL17
0.839983487,-0.473052343,MFAP1
0.212765114,-0.331092834,MFF
2.739971233,-0.600971222,MFN2
1.140108755,-0.741065343,MFSD8
0.479118519,-1.239749908,MGAT2
1.511678006,0.976258596,MGME1
0.990948131,-2.135501226,MGST3
0.845613065,-0.480669657,MIA3
0.238907522,-0.408863703,MINOS1
3.117141922,3.266190211,MIPEP
1.613832197,-0.783566793,MKI67
2.167911794,-1.071605682,MLEC
0.825188133,-1.077985128,MLLT4
0.095695892,-0.143894196,MMAB
0.042095588,0.027350108,MMTAG2
0.31473952,0.478592555,MNF1
0.843897706,-1.599327087,MOGS
0.581811449,-1.037204742,MOSPD2
0.262169699,0.185687383,MOV10
2.154993333,-1.383376439,MP68
0.263678552,-0.520718892,MPC2
1.066244032,-1.106561661,MPDU1
0.859942476,-0.712896983,MPP2
1.479063368,-1.645259857,MPP6
1.01359434,-0.844331741,MPZL1
1.584922588,2.771777471,MRP63
0.372811726,0.511823018,MRPL1
1.792783804,2.72628212,MRPL10
0.153005608,-0.082145691,MRPL11
0.523297816,0.987850189,MRPL13
0.321058833,0.142316818,MRPL14
0.562060014,1.533189138,MRPL15
0.180733574,-0.354918798,MRPL16
0.500853772,0.822791417,MRPL17
0.569024847,0.708003998,MRPL18
0.11393577,0.517461141,MRPL19
3.306464414,3.095135371,MRPL2
0.938889461,0.666982651,MRPL20
0.876771682,0.97509257,MRPL21
2.270898491,0.94163386,MRPL22
1.884669634,1.141584396,MRPL23
1.280314214,1.098433177,MRPL24
1.82117312,2.789545059,MRPL27
1.600707969,1.528083801,MRPL28
1.409536783,1.529349645,MRPL3
2.6215475,0.704620361,MRPL30
1.720197627,3.054670334,MRPL32
0.294038707,0.931517283,MRPL33
1.895718864,1.123011271,MRPL35
0.433929786,0.659125646,MRPL36
3.434283868,1.413825989,MRPL37
1.024843585,0.463116964,MRPL38
2.130061895,1.378883362,MRPL39
0.574036139,1.847856522,MRPL4
1.519143447,0.623870214,MRPL41
2.413544887,1.870666504,MRPL42
1.179408395,0.955803553,MRPL43
2.136478088,1.409224828,MRPL44
0.84550096,1.12048467,MRPL45
1.098148368,0.794843038,MRPL46
1.538632582,0.869679133,MRPL47
1.565238714,1.453894297,MRPL48
2.852141543,1.170447667,MRPL49
1.071780473,0.515567144,MRPL50
0.697538195,0.501378377,MRPL53
0.393266484,0.374067942,MRPL55
2.132116804,1.072957993,MRPL9
0.531059653,-0.489353816,MRPS11
1.857098507,2.414197922,MRPS12
0.932491385,0.703953425,MRPS14
0.727621857,0.310582479,MRPS15
1.920652127,1.491380056,MRPS16
0.37662972,-0.312449773,MRPS18A
2.494068866,1.569530487,MRPS18B
1.064936084,1.523041407,MRPS2
0.001493726,-0.003826777,MRPS21
4.626830098,3.519875209,MRPS22
0.961600582,2.205526352,MRPS23
3.67839096,2.066261927,MRPS24
4.283512868,3.340812047,MRPS25
1.921334809,1.183759689,MRPS26
1.388808994,1.177043915,MRPS27
1.66880103,0.758150736,MRPS28
1.52863986,0.871891658,MRPS30
3.270783274,2.131898244,MRPS31
0.679654704,1.143587112,MRPS33
2.359746307,1.520394007,MRPS34
1.337701717,2.125096639,MRPS35
1.633499434,1.363737106,MRPS36
1.405754858,0.890469869,MRPS5
0.891528382,0.491591771,MRPS6
1.307153204,2.416592916,MRPS7
3.511672073,1.332041423,MRPS9
1.059873398,0.711034139,MRTO4
0.286383747,0.221988042,MSH2
0.559828192,-0.982461929,MSN
0.482462578,1.437714259,MSRB2
2.11657109,-1.488792419,MST4
3.343112583,-1.642935435,MT-ATP8
0.91807189,-2.093840917,MT-CO2
0.213319884,-0.218264898,MTCH1
2.300346554,-1.027547201,MTCH2
0.216008475,-0.207497279,MTDH
0.093590818,0.180506388,MTFP1
0.077828995,0.178677877,MTFR1L
0.903669925,1.14262708,MTG1
1.763090286,-0.59254837,MTHFD1
2.750202603,3.094856262,MTHFD1L
3.095076849,2.313124975,MTHFD1L
1.140572785,1.695676804,MTHFD2
4.618865823,5.703836441,MTIF2
2.195461525,1.832319895,MTO1
0.473612465,-0.882204056,MTOR
0.526626286,0.158454259,MTPAP
1.242420965,-1.582812627,MTX1
0.445368868,0.987085342,MUT
0.558316047,0.261662165,MYBBP1A
0.040114289,0.006931941,MYH10
0.158288013,0.028004964,MYH9
0.359609939,1.199288686,MYL12B
0.539021505,1.019455592,MYL3
0.03931175,0.024052938,MYL6
1.048327123,-1.125893911,MYO19
0.107232596,0.158500036,MYO1B
0.16071792,0.100601196,MYO1C
0.001684875,-0.003195445,MYOD1
0.615802215,0.458073934,NACA
0.258977079,0.30929184,NADK2
0.250460055,-0.872823715,NAMPT
0.929620674,-1.233238856,NAPA
0.593269159,-1.386561076,NAPG
1.181669233,1.339614232,NARS2
2.554087693,-2.20134608,NAT14
0.681382502,-1.077348073,NBAS
1.010285325,-1.148193359,NCAM1
0.6871152,-1.13740476,NCKAP1
0.64849347,-0.224229813,NCL
1.07527494,-0.747868856,NCLN
1.41078286,-0.834582647,NDC1
1.475458593,-0.814980825,NDUFA10
0.766642253,-0.45176061,NDUFA12
0.8360229,-1.134678523,NDUFA13
2.180368284,1.654465993,NDUFA2
0.561057674,-0.678347905,NDUFA4
0.409176647,0.231463114,NDUFA5
1.817794976,2.677173615,NDUFA6
0.473041572,-0.620582581,NDUFA7
0.185764374,-0.184195201,NDUFA9
0.211757449,-0.353868484,NDUFAF2
0.690497818,0.776725769,NDUFAF3
0.523782307,0.930054347,NDUFAF4
1.54868813,-0.941809972,NDUFB10
0.768040541,-0.71835645,NDUFB11
0.0386222,0.153283437,NDUFB4
0.904575991,-1.495949427,NDUFB7
0.781459638,-1.573479335,NDUFB8
4.865370197,2.015251795,NDUFS1
0.156016989,-0.060597738,NDUFS2
0.089319113,0.065546672,NDUFS3
1.261230593,-1.155207316,NDUFS4
1.211126768,-0.775747299,NDUFS5
4.717378161,4.131132762,NDUFS6
1.561346785,0.600634257,NDUFS7
1.332537049,0.955872218,NDUFS8
1.94658072,0.833206813,NDUFV1
0.634293408,2.490800858,NDUFV2
0.630897132,0.256611506,NDUFV3
0.437878519,-1.334353129,NENF
4.634281765,1.463255564,NEURL4
1.363395733,1.098592122,NFS1
1.184367003,-0.237469355,NFXL1
1.420113051,1.172076543,NHP2L1
0.858062544,1.168773651,NIPSNAP1
0.299554617,0.460037867,NLRX1
1.431817904,-1.538056056,NME2
0.168640508,0.156402588,NME4
0.283735797,-0.215975444,NNT
1.266765493,0.644913991,NOA1
0.500313319,0.343641281,NOB1
1.516459279,-1.50044632,NOC3L
0.304338691,-0.595264435,NOL7
1.419150524,-1.424587886,NOLC1
0.527804057,-0.677816391,NOMO1
2.297326002,-0.947133382,NONO
0.31492719,0.721743266,NOP16
1.730654385,0.679465612,NOP2
1.386708623,1.017331441,NOP56
2.697205563,1.452085495,NOP58
0.684899504,-0.667771657,NPEPPS
1.550867173,-0.792823156,NPM1
0.279268481,-0.712949117,NPTN
0.024212123,-0.08042717,NRAS
0.511221104,-0.412776947,NSA2
1.013343118,-1.867951075,NSDHL
2.028974413,0.483690262,NSF
1.363733882,1.929843267,NSUN2
3.79255235,5.324258169,NT5DC2
0.543393686,-0.241125107,NTPCR
2.683708561,1.719818115,NUBPL
0.72170101,-1.804083506,NUCB1
0.765242027,-1.481740952,NUCB2
1.174071503,-1.179587046,NUDC
0.391804911,0.356594086,NUDT19
0.147811207,-0.147291183,NUMA1
0.494814597,-0.861428579,NUMB
0.062972737,-0.107172648,NUP107
0.542951941,-1.35266304,NUP133
0.889221475,-0.99442927,NUP155
1.58863658,-1.204325358,NUP205
1.342840353,-1.178325653,NUP210
2.982199582,-1.245905558,NUP214
1.49108293,-0.985054016,NUP35
2.378895937,-0.999111811,NUP62
1.739589574,-0.74663353,NUP88
2.244216636,-0.932250341,NUP93
1.832547665,-1.586505254,NUP98
1.115348517,-1.452445348,NUPL1
0.099856029,-0.151937485,NUSAP1
2.491517773,-0.572063446,NXF1
0.770007535,0.405484517,OAT
1.232693856,-1.948622386,OCIAD1
1.396562143,-1.67232577,OCLN
1.595309989,2.779858907,OGDH
5.411247149,-1.345532735,OPA1
0.26546445,1.153608958,ORF1
3.994883529,-1.3148791,ORMDL1
1.092777323,1.425652186,OSBP
0.469302538,-1.204764684,OSBPL3
1.768055241,-0.726676305,OSBPL8
0.301154507,-0.338164012,OSBPL9
1.385338894,-0.814442952,OXA1L
0.603800972,-0.519641876,OXCT1
0.505998504,-0.892617544,P4HA1
0.597128057,-0.671951294,P4HB
0.467192496,-0.637236913,PA2G4
0.076893482,0.06728363,PABPC1
0.361911175,-0.293769836,PABPC4
0.35350251,-1.361826579,PACSIN2
0.488811566,-1.310842514,PACSIN3
0.019652251,0.028474172,PAICS
1.5357702,-0.772069295,PAK4
0.397149007,-0.379681905,PAM16
0.093999179,0.105295817,PARD3
0.096376122,0.060204824,PARK7
5.923677448,9.563848495,PARP1
0.791948074,0.664923986,PC
1.059017981,-0.347094218,PCBP1
0.368601791,-0.260741552,PCBP2
0.122828192,0.212960561,PCCB
0.468310566,1.102009455,PCK2
0.492497068,-0.474609375,PCMT1
1.430557936,1.897635778,PCNA
0.430539421,-0.893805822,PCYOX1
0.464937161,-0.934884389,PDCD5
1.827154966,-2.172091166,PDCD6IP
3.276765683,1.558673859,PDE12
1.713894966,2.07213529,PDHA1
4.272241442,2.222413381,PDHB
2.595886405,1.583258947,PDHX
0.494960336,-0.838160833,PDIA3
0.360412354,-0.880901972,PDIA3
0.513920314,-0.820809682,PDIA4
0.138049921,-0.30895106,PDIA5
1.507777113,-0.748228073,PDIA6
0.42237567,0.652690252,PDK1
2.414069242,0.538929621,PDK3
0.131709742,-0.287375132,PDLIM1
0.600023482,-1.02610143,PEBP1
1.463555528,-0.860362371,PELO
0.74666966,-0.363210678,PEX1
2.92310334,-1.737421672,PEX11B
0.360961504,-0.417027791,PEX14
0.335003544,-0.251460393,PEX6
0.955232447,-1.033504486,PFKL
0.564536026,-0.478890101,PFKM
1.532916078,-1.465602875,PFKP
0.729381876,-1.251735051,PFN1
0.076156819,0.145308177,PGAM1
1.74402917,0.468652089,PGAM5
1.616233577,-1.193386714,PGRMC1
1.23959129,-1.754043579,PGRMC2
2.622461888,2.830586116,PGS1
0.061291668,-0.057832082,PHB
2.772558855,-0.640697479,PHB2
0.667681546,0.603107452,PHF6
0.41780923,-0.35451444,PHGDH
1.28989686,2.595563253,PI4K2A
1.367873961,-1.426269531,PI4KA
1.376260771,-1.628479004,PICALM
1.805898545,-1.016902924,PIGK
1.130299821,-1.277793884,PIGS
1.615672054,-1.674072266,PIGU
1.985676076,-1.939665476,PIK3R2
0.747905492,-0.631398519,PIN1
2.433089147,-1.589230855,PIP5K1A
1.066591268,-0.658903122,PISD
0.510030942,0.685885111,PITRM1
3.156684087,-0.486521403,PKM
0.781460715,-0.753702799,PKN2
2.466070658,-0.74118487,PKP2
1.08748569,-1.131216685,PKP4
0.622043651,-1.410819372,PLD3
0.743077741,-1.311527252,PLGRKT
0.193451725,-0.230592728,PLOD1
0.226335105,-0.221775691,PLOD3
0.687128728,-1.637465159,PLS3
0.515228113,-0.514055888,PLXNA1
1.704110387,-2.0871919,PLXNB2
0.8875644,-0.820205053,PMAIP1
0.205185433,0.220965068,PMPCA
1.432240959,0.607597351,PMPCB
0.34103438,0.673460007,PNN
1.604874782,2.273176193,PNPLA6
1.837209349,2.51057752,PNPT1
0.756733475,-1.102720261,PODXL
3.470975547,3.167215347,POLDIP2
0.402201202,-0.797359467,POLDIP3
4.135306563,6.734060287,POLG
1.970412574,0.947913488,POLRMT
0.033408861,0.093080521,PON2
1.258561969,-1.630513509,POR
0.332550512,0.26808993,PPA1
1.043939547,0.774518331,PPA2
1.594880927,-1.088775635,PPAPDC2
1.746775171,-1.235359828,PPFIA1
0.468314508,-0.442054749,PPIA
0.543521823,-0.748498281,PPIB
0.525755226,1.127461116,PPIF
0.726869318,0.616685867,PPOX
1.369146452,-0.661732356,PPP1CC
0.835991944,-1.403986613,PPP1R12A
0.687131913,-0.746588389,PPP2R1A
0.078395576,-0.125092189,PPP2R2A
0.604194733,-2.108645757,PRAF2
0.276571099,-0.885681788,PRCP
0.983196221,-0.588383993,PRDX1
1.356424899,-1.512207667,PRDX2
1.97068861,1.135843277,PRDX3
0.783800512,1.813529332,PRDX4
0.570356915,1.00640742,PRDX5
0.000719659,-0.001573563,PRDX6
0.664080361,-0.839440664,PREB
0.060310142,-0.065113703,PRKAA1
2.341510033,-1.664629618,PRKACA
0.880848172,-1.253750483,PRKAG1
0.936973485,-2.457865397,PRKAR2A
1.809205702,-2.248565038,PRKCD
0.052132768,0.048568726,PRKCH
0.266984651,0.392377218,PRKCI
0.458305842,-0.753484726,PRKCSH
3.604828858,1.229909261,PRKDC
0.923466864,-1.126166662,PRPF19
1.200874909,1.053106308,PRPF38B
0.966821409,-0.394073486,PRPF40A
1.59774004,0.765178045,PRPF8
3.546314891,4.799805959,PRPS1
0.143259336,-0.195868174,PRR11
0.020565214,-0.040447235,PRRC2C
1.309644542,-1.106312434,PSEN1
0.499592924,0.480826696,PSMA7
0.116144771,-0.200256348,PSMD2
0.117722007,-0.117989858,PTBP1
1.055171423,1.159217199,PTCD3
1.895075812,-1.285603205,PTDSS1
0.483095736,-1.313898087,PTDSS2
0.417788391,-0.552961985,PTGES2
1.186523093,-1.522307078,PTGFRN
0.853106841,-0.868692398,PTK7
0.197354102,-0.354811986,PTMA
0.542144234,-0.893164317,PTPLAD1
1.86129877,-1.70343399,PTPLB
1.610941727,-1.071667989,PTPMT1
0.585396647,-0.381022771,PTPN1
0.072665839,0.096094767,PTPN13
2.310884015,-2.074370702,PTPRF
0.043470348,-0.060717901,PTRF
0.656079789,-1.006397247,PTRH2
0.036917316,0.052815755,PUF60
0.79420164,-0.378658295,PUM1
1.943729725,1.678874969,PUS1
1.111706271,-1.348924637,PVR
1.082370464,0.903511047,PYCR1
2.754218579,1.617760976,PYCR2
0.040247747,-0.049362183,QARS
1.005090986,-0.658329646,QIL1
0.563888814,0.825099945,QRSL1
2.28538713,-5.205434799,QSOX2
1.136727833,-0.934199651,RAB10
3.066208164,-1.593130112,RAB11A
1.213971388,-1.195994695,RAB12
2.665818893,-1.517499288,RAB13
2.541668412,-0.950047175,RAB14
2.012616016,-1.222013474,RAB18
3.568525513,-1.360730489,RAB1A
1.360060544,-1.185171763,RAB1B
0.05561369,-0.086125056,RAB21
0.860489853,-2.896882375,RAB23
1.453917031,-0.663499832,RAB2A
0.40993497,-0.343425115,RAB33B
0.559312168,-0.622407277,RAB34
3.888458391,-1.977940241,RAB35
2.381635264,-1.469127019,RAB39A
0.871060229,-0.452494939,RAB39B
0.62667411,-0.950424194,RAB3D
1.678470825,-2.549519857,RAB43
0.572508588,-1.374656041,RAB4A
1.366425822,-0.957941055,RAB5A
1.895820793,-1.429832458,RAB5B
1.231289165,-0.969983419,RAB5C
0.126840115,0.129538854,RAB6A
0.239962037,0.288347244,RAB6B
1.171233419,0.186695735,RAB7A
0.057494022,0.091728846,RAB7L1
4.498715793,-1.713088353,RAB8A
0.90179106,-1.151870092,RAB9A
0.152618755,-0.205518087,RABL3
2.108209214,-1.491427104,RAC1
0.314555527,0.11443456,RAD50
0.033022786,-0.040037791,RAE1
0.052078809,0.171114604,RAF1
0.232565602,-0.155426661,RAI14
1.588120698,-0.936041514,RALA
0.92407523,-1.215367635,RALB
2.259073879,1.489631017,RALY
0.064265239,0.067284902,RAN
0.985980471,-1.205449422,RANBP1
2.929669054,-0.572271983,RANBP2
2.001579255,-1.878657023,RANGAP1
0.883823443,-0.424700419,RAP1A
1.38897487,-1.276766459,RAP1B
3.162096719,-1.767080307,RAP2B
0.460588942,1.496695201,RAP2C
0.047975797,0.022748311,RARS
2.279732101,0.672796885,RARS2
2.384771075,-1.254163742,RAVER1
1.282300256,1.616967519,RBBP4
2.389089328,0.86224556,RBFA
2.164284402,-1.778713226,RBM14
0.2348272,0.175868988,RBM39
2.036094272,0.765721639,RBMX
1.47921611,0.627426147,RCC2
0.764208401,-0.7695357,RCN1
0.471027094,-0.680323283,RCN2
0.817197597,-0.762511571,RDH11
0.04918793,-0.075648626,RDH13
0.940226349,-1.240891139,RDH14
0.36122931,-0.612668355,RDX
1.237205541,3.250631968,REEP4
1.648233435,-2.000398636,REEP5
0.812114879,-0.833120346,RER1
4.774355794,9.437067032,RFC1
3.031581577,-1.496369044,RFT1
2.80644679,-1.457626343,RFTN1
3.751812292,-2.193788528,RHBDD3
1.943023822,-1.611686707,RHBDF1
1.17470482,-0.874947866,RHBDF2
0.539379892,-0.564771016,RHEB
1.316132694,-0.464630127,RHOA
0.389869018,-0.322481791,RHOB
0.269782252,1.027898153,RHOC
0.246417102,-0.487296422,RHOG
1.083840408,-0.283489863,RHOT1
0.155184173,-0.062997182,RHOT2
0.021168973,-0.018374125,RITA
0.187436509,-0.468428294,RMDN3
0.845821844,-0.665779114,RNF5
2.252061927,1.190607071,RNMTL1
0.75952922,1.399892807,RNPS1
0.104612493,-0.117539088,ROCK2
4.305869752,7.878688176,RPA1
1.950723968,-1.024333318,RPIA
0.466961957,-0.455438614,RPL10
0.53676022,0.151763916,RPL10A
0.307484285,0.145000458,RPL11
1.369720862,0.427529017,RPL11
0.404298201,0.123159409,RPL12
0.471985709,-0.426181793,RPL13
0.607141289,-0.165643692,RPL13A
0.162034492,0.176445007,RPL14
0.494032903,0.075810115,RPL15
0.158393633,-0.292673747,RPL17
0.275020801,-0.379077911,RPL18
0.055651843,-0.074410121,RPL18A
0.448720471,-0.39272054,RPL19
0.169038393,0.276004791,RPL21
0.98991968,0.984161377,RPL22
0.325299736,0.531217575,RPL23
0.414530469,0.370119095,RPL23A
0.516777721,-0.399094899,RPL24
0.06841818,-0.078116099,RPL26
0.377415396,0.34528923,RPL26L1
0.059610109,-0.053127925,RPL27
0.416277664,-0.515618642,RPL27A
0.403124587,-0.301709493,RPL28
0.607127104,-0.385847727,RPL29
2.511619854,-0.3066775,RPL3
0.208141398,-0.173824946,RPL30
0.13734474,-0.112061183,RPL31
1.068014992,-0.546132406,RPL32
0.2479791,-0.175882975,RPL34
0.141031237,0.077125549,RPL35
0.725442568,0.373540243,RPL35A
0.471294737,1.015303294,RPL36
0.080764839,-0.110956828,RPL36A
1.292178296,-1.338736852,RPL36AL
0.969089244,-0.83678182,RPL37
0.844799202,-0.524898529,RPL37A
0.428383286,0.404830297,RPL38
0.767011921,-0.246314367,RPL4
0.275573064,-0.164961497,RPL5
0.033676034,0.019640605,RPL6
2.828284147,-0.538498561,RPL7
0.220496712,-0.060295105,RPL7A
0.616858184,-0.523377101,RPL8
0.144325679,-0.283939997,RPL9
0.396456597,0.287518819,RPLP0
0.06950427,-0.152065913,RPLP1
0.151562971,0.20919927,RPLP2
3.058516334,-2.295110703,RPN1
0.047848745,-0.066186905,RPN2
0.42060777,-0.115159988,RPS10
0.463148903,-0.408653895,RPS11
2.251241378,1.868556341,RPS12
0.030369677,0.027390798,RPS13
0.426883882,1.03466479,RPS14
0.285866672,-0.344739278,RPS15
0.927610233,-0.568702062,RPS15A
1.273313652,-0.606201172,RPS16
0.37976456,-0.231614431,RPS17
0.621312565,-0.253032684,RPS18
0.043842142,0.075194677,RPS19
0.048343974,-0.139947891,RPS19BP1
1.994167173,-0.901823044,RPS2
0.652538669,0.982515971,RPS20
0.392704038,-0.409921646,RPS21
0.295181075,-0.359591166,RPS23
0.157769846,0.216107686,RPS24
0.355390906,0.415863673,RPS25
0.429138808,-0.47577095,RPS26
0.019276668,0.01432546,RPS27
0.845881146,0.839696884,RPS27A
0.12901961,0.506280263,RPS27L
0.180648729,-0.210335414,RPS28
0.624189544,-0.526530584,RPS29
0.508012979,0.436649323,RPS3
0.135868571,-0.109115601,RPS3A
0.736341547,-0.533379873,RPS4X
1.073253124,-0.909470876,RPS5
0.284727058,-0.31448555,RPS6
0.577309997,0.327382406,RPS7
0.058113813,-0.078886668,RPS8
0.714203056,-0.449052175,RPS9
0.413310982,-0.538153966,RPSA
0.222742013,-0.605101903,RPTOR
0.980868072,0.619843801,RPUSD3
1.97460502,-0.786306381,RRAS2
0.53454106,-0.383749644,RRBP1
1.457091949,1.339612325,RRP1
0.324144303,-0.446498235,RRP1B
0.696190199,0.667284648,RSL1D1
0.66620448,-0.699355443,RSL24D1
1.104665543,-1.259719213,RTN3
0.876989228,-0.770388285,RTN4
2.601727662,1.815105438,RUVBL1
0.914542569,0.555013021,RUVBL2
0.799221103,-1.982770284,S100A10
1.09580325,-0.969003042,SACM1L
3.220255431,4.573192596,SAFB
0.739126111,-0.569917043,SAMM50
0.880614767,-0.404511134,SAP18
0.539727763,-0.56921641,SARM1
2.233282004,3.730875651,SARS2
1.192782297,0.701473872,SBDS
0.605110133,-2.019175847,SCAMP1
1.282504084,-1.347343445,SCAMP2
1.680896805,-1.647891363,SCAMP3
0.004744979,-0.014003754,SCARB2
0.489436841,-0.753896713,SCD
1.201830168,-0.828426361,SCFD1
1.223121664,-0.716409683,SCO1
1.086186902,-0.409924825,SCO2
0.204218571,-0.445628484,SCP2
1.600566237,-1.070800781,SCRIB
1.209986195,-0.667519252,SDCBP
0.456836437,-0.477189382,SDF2
0.101782321,-0.051807404,SDF2L1
0.078870665,-0.146283468,SDF4
0.453858764,0.359341939,SDHA
4.814049981,3.869284312,SDHB
1.073908943,-0.89166832,SEC13
1.124564261,-0.608649572,SEC22B
0.578440422,-0.553297679,SEC23A
0.494721933,-0.525397619,SEC23B
0.82711874,-1.531924566,SEC24B
0.17898086,0.163634618,SEC24C
4.053453607,-1.725229899,SEC61A1
2.031613827,-0.47408994,SEC61B
0.350454244,0.821215312,SEC62
0.420752505,-0.416123072,SEC63
0.741230697,-0.75959905,SEL1L
0.231815834,-0.209759394,SELK
0.270326589,-0.550422668,SELRC1
0.516563961,0.504415512,SERBP1
1.068074836,-1.352160772,SERINC1
0.579593674,0.103875478,SERPINH1
0.101071648,0.137090047,SET
1.52541535,-1.849455516,SF1
1.576004784,1.584669749,SF3B2
0.12649571,0.179588318,SF3B3
1.35572905,-0.903315226,SFPQ
2.677208034,-1.085746129,SFXN1
0.960841957,-0.782133102,SFXN2
1.356812018,-1.394386927,SFXN3
0.283877251,-0.326229095,SFXN4
2.443227193,-1.217711767,SGPL1
0.439824033,0.323773066,SHMT2
0.364185244,-0.599912643,SKP1
0.115130353,-0.138650258,SLC12A2
1.445033872,-1.914397558,SLC16A1
0.714373211,-0.674004237,SLC19A1
1.582733222,-0.561017354,SLC1A5
2.93933258,-1.340030034,SLC25A1
2.753164362,-0.811834971,SLC25A10
2.065344355,-1.087038676,SLC25A11
0.666851378,-0.890283585,SLC25A12
2.680752902,-1.123128891,SLC25A13
2.684456505,-1.630025228,SLC25A19
1.536043561,-1.928429286,SLC25A20
0.245816813,-0.605911891,SLC25A22
2.561941327,-1.238745372,SLC25A24
1.869591372,-1.300256729,SLC25A3
0.850681016,-0.822931925,SLC25A4
1.952980047,-0.969421387,SLC25A5
1.556751196,-1.450960159,SLC25A6
1.097998,-0.758945465,SLC27A2
0.173531657,0.2617143,SLC27A3
0.872255114,-1.284757614,SLC27A4
0.761836531,-1.255297343,SLC29A1
1.844744924,-1.59313647,SLC2A1
2.223736414,-1.751399358,SLC30A7
0.011554973,-0.015995026,SLC30A9
1.623964101,-1.205052058,SLC35E1
1.803553157,-1.906095505,SLC37A4
1.976103581,-1.505780538,SLC38A1
1.969428676,-1.209733963,SLC38A10
1.494140172,-2.366540273,SLC39A11
0.381545773,-0.317573547,SLC39A14
3.071561571,-2.78163147,SLC39A7
2.002199935,-0.889439901,SLC3A2
1.564320783,-1.147125244,SLC7A1
0.166331325,0.416484833,SLC7A2
1.479338574,-1.123041789,SLC7A5
0.612632182,-1.136769613,SLC9A3R1
0.746694803,0.337449392,SLC9A3R2
0.163695816,-0.30606397,SLIRP
0.301854986,-0.413341522,SLK
0.751645606,-1.311780294,SLMAP
2.253033064,5.760844549,SLTM
0.065478956,0.093633016,SMARCC2
3.050826115,0.915772756,SMC1A
0.067087676,0.0825634,SMC2
3.410004596,0.82828776,SMC3
1.501455412,-0.728057226,SMC4
0.629128026,-1.713624318,SMIM12
0.135749676,-0.206781387,SMIM20
0.368334694,-0.589494069,SMPD4
1.306031268,-1.526903788,SNAP23
0.121698076,-0.167117437,SND1
0.405372606,0.753397624,SNRNP200
0.062959778,0.049729029,SNRNP70
1.310234316,1.754880269,SNRPB
0.20037697,0.45996666,SNRPD1
0.022586353,-0.010005315,SNRPD2
0.43744096,0.994191488,SNRPD3
0.06531745,0.064126333,SNRPF
0.839062877,-0.809562683,SNTB1
0.16220182,-0.091279348,SNTB2
1.781540998,-1.91783905,SNX27
0.473909884,-0.866371155,SNX3
0.387606024,-0.627380371,SOAT1
0.770193168,-1.152280172,SPCS2
2.142998795,-1.365458806,SPCS3
1.774302433,-1.573631287,SPECC1
0.336450761,-0.537851969,SPNS1
0.82822506,-0.564414978,SPTAN1
0.828418613,-0.897928238,SPTBN1
0.764672392,-0.202887217,SPTLC1
1.149837246,-0.919346491,SPTLC2
2.851687711,1.447032928,SQSTM1
1.415024129,-1.614841461,SRC
0.82231903,-0.697018305,SRP14
1.585941004,-1.05239296,SRP68
0.386949601,0.570167542,SRP72
2.106748191,-1.047278086,SRP9
1.025775026,0.56811587,SRPK1
2.239394389,-0.42549324,SRPR
1.752804536,-0.372865041,SRPRB
1.326144653,0.533888499,SRRM1
2.893777941,2.412579854,SRRM2
1.160583441,1.133626938,SRSF1
0.049580402,0.019039154,SRSF3
0.593297014,-0.367540359,SRSF4
1.257366293,1.238355001,SRSF6
0.861897172,1.241890589,SRSF7
0.129684003,-0.193196615,SRSF9
0.646511247,0.178247452,SSBP1
0.093933355,0.187852859,SSR1
1.948111033,-2.708347321,SSR3
0.685071172,0.49584643,SSR4
0.025386053,0.025015513,ST13
0.687120834,-0.570477168,STAM
0.41230596,-1.207195918,STAM2
1.249961563,0.622322718,STAU1
0.141467864,0.316498439,STEAP3
0.684851281,-1.030910492,STIM1
0.017752802,0.041279475,STIP1
1.658701182,-0.93438975,STK11IP
0.127999844,-0.417051315,STMN1
1.362414267,-1.203131358,STOM
1.624119907,-0.534739812,STOML2
0.597799698,-0.931042353,STRAP
2.560561416,-1.634897232,STT3A
0.935641024,-0.732011795,STT3B
0.714858501,-1.003247579,STUB1
0.35052684,0.612695058,STX10
0.64240496,-4.036389669,STX12
0.866066353,-0.600122452,STX17
0.534079439,-0.563499451,STX18
0.621934446,-1.378590902,STX3
0.551106573,-1.264119466,STX5
0.728087072,-1.093876521,STX7
0.21195302,0.343713125,STXBP3
0.870981195,0.7595342,SUB1
1.101206428,0.327204386,SUCLA2
0.775174052,0.788966497,SUCLG1
0.184193261,-0.222764969,SUCLG2
0.731732138,-0.143986384,SUMO1
0.520703341,0.711886088,SUMO2
2.854779463,6.528834025,SUN1
2.463416442,4.847822825,SUN2
4.903343814,8.093651454,SUPT16H
3.15647941,1.975996653,SUPV3L1
0.896293672,-1.758713404,SURF4
0.418462026,0.404881159,SYNCRIP
0.572644097,-1.075764338,TACC1
1.440736369,1.776110331,TACO1
2.903370803,3.89484024,TAF15
1.13599236,-1.91932106,TAGLN2
0.542946201,-1.330530167,TAMM41
0.104198861,0.161968231,TAOK1
1.971768203,-1.481416066,TAP1
2.656602521,-1.074013392,TAP2
3.370711641,15.04607709,TARG1
0.036048544,0.119730632,TARS
1.691466687,0.513921102,TARS2
0.915906287,-0.920707067,TBL2
0.963533218,0.475030263,TBRG4
0.164174122,-0.255877813,TCEB1
0.068194821,-0.073005676,TCOF1
0.242994708,-0.103942235,TCP1
2.516862296,-1.147901535,TECR
0.219388854,0.749217351,TEX264
0.008844129,0.011781057,TFAM
0.194186203,-0.608064651,TFB1M
1.107347279,0.415738424,TFB2M
1.538023632,-1.24793752,TFRC
0.595016205,0.657361348,THNSL1
0.874709491,0.574466705,THRAP3
0.16626456,-0.277554194,TIMM10
0.108303492,-0.158294042,TIMM13
0.453640029,0.298184077,TIMM21
1.207738253,-1.165685654,TIMM23
0.855316592,0.662276586,TIMM44
0.811224545,-0.334924062,TIMM50
1.162014076,0.621946335,TIMM8A
0.180695047,0.281620661,TIMM8B
0.372547266,-0.572859446,TIMM9
1.814049321,-0.947992325,TIMMDC1
0.71235489,-1.96118482,TLN1
0.305937819,-0.174444199,TLN2
0.770036841,-0.803829193,TM9SF2
2.42458003,-2.807605108,TM9SF3
1.19725394,-1.074454625,TM9SF4
1.325212565,-0.89634641,TMCO1
2.049895194,-1.245478948,TMED10
0.536365553,-0.935610453,TMED2
0.183291079,0.212852478,TMED4
0.884555397,-1.874348958,TMED7
0.071284865,-0.105945587,TMED9
0.315662391,-0.428818385,TMEM106B
0.522877912,-0.664593379,TMEM109
0.081255837,0.170169195,TMEM126B
3.633194361,-1.93459638,TMEM165
0.156603454,0.192169189,TMEM205
0.20829338,0.120716731,TMEM209
0.622691588,-0.746624629,TMEM214
1.030542576,-1.533716838,TMEM230
1.824321202,-1.320308685,TMEM245
2.846431432,-2.546105067,TMEM258
0.270843003,-0.520474752,TMEM259
0.060463978,-0.093968074,TMEM33
1.396544942,-1.224289576,TMEM43
2.482214124,1.910666784,TMEM57
0.092791323,-0.10177803,TMEM70
1.372094289,1.404628754,TMEM9
0.86276936,-1.381779353,TMF1
3.673824563,3.054765701,TMPO
2.150755891,2.791866302,TMPO
1.626521369,0.572348277,TMTC3
0.559248521,-0.699309031,TMUB1
0.708029018,-1.03902626,TMX1
0.004831571,-0.008017222,TMX2
0.325667151,-0.228953044,TMX3
0.850589996,-0.964412053,TNIK
0.39574685,-0.290928523,TOMM20
1.751435763,-1.017899195,TOMM22
1.810134689,-0.558106105,TOMM40
1.524881442,-1.2715168,TOMM5
0.298614017,-0.396149317,TOMM70A
2.799862432,4.756519953,TOP2A
3.485299434,1.73778216,TOR1AIP1
0.119049622,-0.034966787,TOR1AIP2
2.804979011,4.324691137,TP53
1.150982662,-0.816239039,TPI1
0.664361781,-0.795084,TPM3
1.897609241,2.014959971,TRA2A
1.678826868,0.69767189,TRA2B
2.952323144,1.921981812,TRABD
0.385300377,-0.721571604,TRAM1
0.876692219,0.301122665,TRAP1
0.323398743,-1.582407633,TRIM23
0.648636797,0.666848501,TRIM28
0.593864759,-0.764994939,TRIP13
1.788985673,-0.387921015,TRMT10C
0.530226178,-0.566254934,TRMU
1.179004372,0.668761571,TSFM
0.627378813,-1.538976034,TSG101
0.982755288,-0.866336187,TSPYL2
0.176982297,-0.258018494,TST
0.210219857,0.213383993,TTC13
0.304981814,-0.285126368,TUBA1B
0.035263913,-0.04017512,TUBB
0.974803256,-0.623548508,TUBB4B
4.256535626,-2.978628159,TUBB6
0.160793661,-0.337732951,TUBG1
2.294301992,1.711243947,TUFM
4.060538694,5.593615214,TWINKLE
1.084006474,-0.757062276,TXN
0.75043661,0.419285456,TXNDC12
0.752240757,-0.900583267,TXNDC5
0.705866673,0.953950246,TXNRD2
3.241371007,0.870000203,U2AF1
0.290086073,0.335270564,U2AF2
0.664857666,-0.495658239,U2SURP
0.293874783,-0.484418869,UBAC2
0.900147068,0.720178604,UBAP2L
0.508148005,-0.658111572,UBE2NL
0.829381231,-1.186754227,UBIAD1
0.416537452,-0.477108637,UBXN4
0.261227941,-0.388058345,UCHL1
0.349592645,-0.841693878,UFC1
2.773000367,-1.122631073,UFL1
0.803559332,-0.490787506,UGGT1
0.050664214,-0.121483485,UPF1
0.133245928,0.181086222,UQCC
0.578177686,-0.750853221,UQCR10
0.696482945,-0.975421906,UQCRB
0.561607587,0.38134257,UQCRC1
0.313083897,-0.134559631,UQCRC2
3.256336051,3.281450272,UQCRFS1
0.624446855,-1.003927867,UQCRH
0.488425493,0.132416407,UQCRQ
1.118472499,-1.88906161,USE1
0.277538083,-0.447193146,USMG5
1.227246389,-1.347933451,USO1
2.048438142,1.093197505,USP30
0.004687865,0.012051264,UTP11L
0.634064279,-0.904352188,UTRN
0.263382105,1.633049647,UTS2
2.101810566,-1.310038884,VAMP3
0.452739805,-0.367649078,VAMP5
0.841644823,-1.012571971,VAMP7
0.56474258,-0.717643738,VAMP8
1.171172018,-1.067638397,VAPA
1.067280923,-1.157291412,VAPB
2.067824428,2.049676895,VARS2
0.108946306,0.122398376,VAT1
0.239874566,-0.336989721,VCP
1.73628173,-0.924078623,VDAC1
2.367898799,-1.618007024,VDAC2
0.116698633,-0.08293279,VDAC3
1.365091534,-0.592198054,VIM
1.488898968,-1.890896479,VKORC1
2.029705673,-1.038567861,VMP1
2.430598026,-1.278665543,VPS16
0.26083397,-0.706047058,VPS35
2.686551489,1.861142476,VRK1
0.111636074,-0.173206329,VTI1B
1.202820227,1.394845963,VWA8
0.706900197,0.884105682,WARS2
1.531412885,-1.154619853,WASF1
1.718382528,-0.255264282,WDR5
0.348109419,-0.842519124,WDR6
0.19771817,-0.517396927,WFS1
0.930806833,-1.747695287,WRB
0.962385545,-0.466322581,WWP2
0.794319171,-1.687412262,XPO1
3.471194416,11.14340909,XRCC1
4.21776125,8.705888112,XRCC5
4.36676846,10.00507609,XRCC6
0.029980093,-0.035832087,YARS
0.986170668,0.699116389,YARS2
2.778065178,-1.250539144,YBEY
0.550670193,0.326877594,YBX1
1.040494881,0.600713094,YBX3
2.57725254,-1.603368123,YES1
3.013633424,-2.178414027,YIF1A
2.361006905,-1.416563034,YIPF4
0.221295972,-0.812875748,YIPF5
2.723917924,-1.168563207,YKT6
1.037191754,-0.348954519,YME1L1
1.77182617,-1.199255625,YTHDF1
0.219336004,-0.159229914,YTHDF2
0.297386172,-0.475102107,YWHAB
0.510353246,-0.749071121,YWHAE
0.435670246,-0.651898702,YWHAG
0.362979546,-0.995378494,YWHAQ
0.636572985,-0.930167516,YWHAZ
0.194069074,-0.423476537,ZADH2
1.063104973,2.533817927,ZBTB8OS
0.566915208,-0.453147252,ZC2HC1A
1.25912141,0.311494827,ZC3HAV1
2.12108453,-1.149601618,ZMPSTE24
0.676397489,-0.563903173,ZW10
2.676563457,-1.757685343,IRS4
0.396262643,-0.288131078,PNKD